time,temperature_cleaned,tds_cleaned,turbidity_cleaned,pH_cleaned,Rate of Change (ΔT/Δt),Moving Average Deviation,Short-Term Gradient (ΔNTU),Rolling Variance (σ²ₚₕ),temp_fault,tds_fault,turbidity_fault,ph_fault,fault detection,anomaly_label_overall,anomaly_description_overall
2025-12-03 22:45:00+08:00,28,252.1596,4,7.535385,,,,,FALSE,FALSE,FALSE,FALSE,['Normal'],1,Inlier
2025-12-03 23:00:00+08:00,28,252.1596,4,7.535385,0,,0,,FALSE,FALSE,FALSE,FALSE,['Normal'],1,Inlier
2025-12-03 23:15:00+08:00,28,252.1596,4,7.535385,0,,0,,FALSE,FALSE,FALSE,FALSE,['Normal'],1,Inlier
2025-12-03 23:30:00+08:00,28,252.1596,4,7.535385,0,,0,,FALSE,FALSE,FALSE,FALSE,['Normal'],1,Inlier
2025-12-03 23:45:00+08:00,28,252.1596,4,7.535385,0,0,0,0,FALSE,FALSE,FALSE,FALSE,['Normal'],1,Inlier
2025-12-04 00:00:00+08:00,28,252.1596,4,7.535385,0,0,0,0,FALSE,FALSE,FALSE,FALSE,['Normal'],1,Inlier
2025-12-04 00:15:00+08:00,28,252.1596,4,7.535385,0,0,0,0,FALSE,FALSE,FALSE,FALSE,['Normal'],1,Inlier
2025-12-04 00:30:00+08:00,28,252.1596,4,7.535385,0,0,0,0,FALSE,FALSE,FALSE,FALSE,['Normal'],1,Inlier
2025-12-04 00:45:00+08:00,28,252.1596,4,7.535385,0,0,0,0,FALSE,FALSE,FALSE,FALSE,['Normal'],1,Inlier
2025-12-04 01:00:00+08:00,28,252.1596,4,7.535385,0,0,0,0,FALSE,FALSE,FALSE,FALSE,['Normal'],1,Inlier
2025-12-04 01:15:00+08:00,28,252.1596,4,7.535385,0,0,0,0,FALSE,FALSE,FALSE,FALSE,['Normal'],1,Inlier
2025-12-04 01:30:00+08:00,28,252.1596,4,7.535385,0,0,0,0,FALSE,FALSE,FALSE,FALSE,['Normal'],1,Inlier
2025-12-04 01:45:00+08:00,28,252.1596,4,7.535385,0,0,0,0,FALSE,FALSE,FALSE,FALSE,['Normal'],1,Inlier
2025-12-04 02:00:00+08:00,28,252.1596,4,7.535385,0,0,0,0,FALSE,FALSE,FALSE,FALSE,['Normal'],1,Inlier
2025-12-04 02:15:00+08:00,28,252.1596,4,7.535385,0,0,0,0,FALSE,FALSE,FALSE,FALSE,['Normal'],1,Inlier
2025-12-04 02:30:00+08:00,28,252.1596,4,7.535385,0,0,0,0,FALSE,FALSE,FALSE,FALSE,['Normal'],1,Inlier
2025-12-04 02:45:00+08:00,28,252.1596,4,7.535385,0,0,0,0,FALSE,FALSE,FALSE,FALSE,['Normal'],1,Inlier
2025-12-04 03:00:00+08:00,28,252.1596,4,7.535385,0,0,0,0,FALSE,FALSE,FALSE,FALSE,['Normal'],1,Inlier
2025-12-04 03:15:00+08:00,28,252.1596,4,7.535385,0,0,0,0,FALSE,FALSE,FALSE,FALSE,['Normal'],1,Inlier
2025-12-04 03:30:00+08:00,28,252.1596,4,7.535385,0,0,0,0,FALSE,FALSE,FALSE,FALSE,['Normal'],1,Inlier
2025-12-04 03:45:00+08:00,28,252.1596,4,7.535385,0,0,0,0,FALSE,FALSE,FALSE,FALSE,['Normal'],1,Inlier
2025-12-04 04:00:00+08:00,28,252.1596,4,7.535385,0,0,0,0,FALSE,FALSE,FALSE,FALSE,['Normal'],1,Inlier
2025-12-04 04:15:00+08:00,28,252.1596,4,7.535385,0,0,0,0,FALSE,FALSE,FALSE,FALSE,['Normal'],1,Inlier
2025-12-04 04:30:00+08:00,28,252.1596,4,7.535385,0,0,0,0,FALSE,FALSE,FALSE,FALSE,['Normal'],1,Inlier
2025-12-04 04:45:00+08:00,28,252.1596,4,7.535385,0,0,0,0,FALSE,FALSE,FALSE,FALSE,['Normal'],1,Inlier
2025-12-04 05:00:00+08:00,28,252.1596,4,7.535385,0,0,0,0,FALSE,FALSE,FALSE,FALSE,['Normal'],1,Inlier
2025-12-04 05:15:00+08:00,28,252.1596,4,7.535385,0,0,0,0,FALSE,FALSE,FALSE,FALSE,['Normal'],1,Inlier
2025-12-04 05:30:00+08:00,28,252.1596,4,7.535385,0,0,0,0,FALSE,FALSE,FALSE,FALSE,['Normal'],1,Inlier
2025-12-04 05:45:00+08:00,28,252.1596,4,7.535385,0,0,0,0,FALSE,FALSE,FALSE,FALSE,['Normal'],1,Inlier
2025-12-04 06:00:00+08:00,28,252.1596,4,7.535385,0,0,0,0,FALSE,FALSE,FALSE,FALSE,['Normal'],1,Inlier
2025-12-04 06:15:00+08:00,28,252.1596,4,7.535385,0,0,0,0,FALSE,FALSE,FALSE,FALSE,['Normal'],1,Inlier
2025-12-04 06:30:00+08:00,28,252.1596,4,7.535385,0,0,0,0,FALSE,FALSE,FALSE,FALSE,['Normal'],1,Inlier
2025-12-04 06:45:00+08:00,28,252.1596,4,7.535385,0,0,0,0,FALSE,FALSE,FALSE,FALSE,['Normal'],1,Inlier
2025-12-04 07:00:00+08:00,28,252.1596,4,7.535385,0,0,0,0,FALSE,FALSE,FALSE,FALSE,['Normal'],1,Inlier
2025-12-04 07:15:00+08:00,28,252.1596,4,7.535385,0,0,0,0,FALSE,FALSE,FALSE,FALSE,['Normal'],1,Inlier
2025-12-04 07:30:00+08:00,28,252.1596,4,7.535385,0,0,0,0,FALSE,FALSE,FALSE,FALSE,['Normal'],1,Inlier
2025-12-04 07:45:00+08:00,28,252.1596,4,7.535385,0,0,0,0,FALSE,FALSE,FALSE,FALSE,['Normal'],1,Inlier
2025-12-04 08:00:00+08:00,28,252.1596,4,7.535385,0,0,0,0,FALSE,FALSE,FALSE,FALSE,['Normal'],1,Inlier
2025-12-04 08:15:00+08:00,28,252.1596,4,7.535385,0,0,0,0,FALSE,FALSE,FALSE,FALSE,['Normal'],1,Inlier
2025-12-04 08:30:00+08:00,28,252.1596,4,7.535385,0,0,0,0,TRUE,TRUE,FALSE,FALSE,"['Temperature', 'TDS']",,
2025-12-04 08:45:00+08:00,28,252.1596,4,7.535385,0,0,0,0,TRUE,TRUE,FALSE,FALSE,"['Temperature', 'TDS']",,
2025-12-04 09:00:00+08:00,26.8125,253.4938,4,7.53055,-0.001319444,1.06736,0,4.68E-06,FALSE,FALSE,FALSE,FALSE,['Unknown/Noise'],-1,Outlier
2025-12-04 09:15:00+08:00,26.8125,253.4938,4,7.53055,0,0.80052,0,7.01E-06,FALSE,FALSE,FALSE,FALSE,['Normal'],1,Inlier
2025-12-04 09:30:00+08:00,26.8125,253.4938,4,7.53055,0,0.53368,0,7.01E-06,FALSE,FALSE,FALSE,FALSE,['Normal'],1,Inlier
2025-12-04 09:45:00+08:00,26.8125,253.4938,4,7.53055,0,0.26684,0,4.68E-06,FALSE,FALSE,FALSE,FALSE,['Normal'],1,Inlier
2025-12-04 10:00:00+08:00,26.8125,253.4938,4,7.53055,0,0,0,0,FALSE,FALSE,FALSE,FALSE,['Normal'],1,Inlier
2025-12-04 10:15:00+08:00,26.8125,253.4938,4,7.53055,0,0,0,0,FALSE,FALSE,FALSE,FALSE,['Normal'],1,Inlier
2025-12-04 10:30:00+08:00,26.8125,253.4938,4,7.53055,0,0,0,0,FALSE,FALSE,FALSE,FALSE,['Normal'],1,Inlier
2025-12-04 10:45:00+08:00,26.8125,253.4938,4,7.53055,0,0,0,0,FALSE,FALSE,FALSE,FALSE,['Normal'],1,Inlier
2025-12-04 11:00:00+08:00,26.8125,253.4938,4,7.53055,0,0,0,0,FALSE,FALSE,FALSE,FALSE,['Normal'],1,Inlier
2025-12-04 11:15:00+08:00,26.8125,253.4938,4,7.53055,0,0,0,0,FALSE,FALSE,FALSE,FALSE,['Normal'],1,Inlier
2025-12-04 11:30:00+08:00,26.8125,253.4938,4,7.53055,0,0,0,0,FALSE,FALSE,FALSE,FALSE,['Normal'],1,Inlier
2025-12-04 11:45:00+08:00,26.8125,253.4938,4,7.53055,0,0,0,0,FALSE,FALSE,FALSE,FALSE,['Normal'],1,Inlier
2025-12-04 12:00:00+08:00,26.8125,253.4938,4,7.53055,0,0,0,0,FALSE,FALSE,FALSE,FALSE,['Normal'],1,Inlier
2025-12-04 12:15:00+08:00,26.8125,253.4938,4,7.53055,0,0,0,0,FALSE,FALSE,FALSE,FALSE,['Normal'],1,Inlier
2025-12-04 12:30:00+08:00,26.8125,253.4938,4,7.53055,0,0,0,0,FALSE,FALSE,FALSE,FALSE,['Normal'],1,Inlier
2025-12-04 12:45:00+08:00,26.8125,253.4938,4,7.53055,0,0,0,0,FALSE,FALSE,FALSE,FALSE,['Normal'],1,Inlier
2025-12-04 13:00:00+08:00,26.8125,253.4938,4,7.53055,0,0,0,0,FALSE,FALSE,FALSE,FALSE,['Normal'],1,Inlier
2025-12-04 13:15:00+08:00,26.8125,253.4938,4,7.53055,0,0,0,0,FALSE,FALSE,FALSE,FALSE,['Normal'],1,Inlier
2025-12-04 13:30:00+08:00,26.8125,253.4938,4,7.53055,0,0,0,0,FALSE,FALSE,FALSE,FALSE,['Normal'],1,Inlier
2025-12-04 13:45:00+08:00,26.8125,253.4938,4,7.53055,0,0,0,0,FALSE,FALSE,FALSE,FALSE,['Normal'],1,Inlier
2025-12-04 14:00:00+08:00,26.8125,253.4938,4,7.53055,0,0,0,0,FALSE,FALSE,FALSE,FALSE,['Normal'],1,Inlier
2025-12-04 14:15:00+08:00,26.8125,253.4938,4,7.53055,0,0,0,0,FALSE,FALSE,FALSE,FALSE,['Normal'],1,Inlier
2025-12-04 14:30:00+08:00,26.8125,253.4938,4,7.53055,0,0,0,0,FALSE,FALSE,FALSE,FALSE,['Normal'],1,Inlier
2025-12-04 14:45:00+08:00,26.8125,253.4938,4,7.53055,0,0,0,0,FALSE,FALSE,FALSE,FALSE,['Normal'],1,Inlier
2025-12-04 15:00:00+08:00,26.8125,253.4938,4,7.53055,0,0,0,0,FALSE,FALSE,FALSE,FALSE,['Normal'],1,Inlier
2025-12-04 15:15:00+08:00,26.8125,253.4938,4,7.53055,0,0,0,0,FALSE,FALSE,FALSE,FALSE,['Normal'],1,Inlier
2025-12-04 15:30:00+08:00,26.8125,253.4938,4,7.53055,0,0,0,0,FALSE,FALSE,FALSE,FALSE,['Normal'],1,Inlier
2025-12-04 15:45:00+08:00,26.8125,253.4938,4,7.53055,0,0,0,0,FALSE,FALSE,FALSE,FALSE,['Normal'],1,Inlier
2025-12-04 16:00:00+08:00,26.8125,253.4938,4,7.53055,0,0,0,0,FALSE,FALSE,FALSE,FALSE,['Normal'],1,Inlier
2025-12-04 16:15:00+08:00,26.8125,253.4938,4,7.53055,0,0,0,0,FALSE,FALSE,FALSE,FALSE,['Normal'],1,Inlier
2025-12-04 16:30:00+08:00,26.8125,253.4938,4,7.53055,0,0,0,0,FALSE,FALSE,FALSE,FALSE,['Normal'],1,Inlier
2025-12-04 16:45:00+08:00,26.8125,253.4938,4,7.53055,0,0,0,0,FALSE,FALSE,FALSE,FALSE,['Normal'],1,Inlier
2025-12-04 17:00:00+08:00,26.8125,253.4938,4,7.53055,0,0,0,0,FALSE,FALSE,FALSE,FALSE,['Normal'],1,Inlier
2025-12-04 17:15:00+08:00,26.8125,253.4938,4,7.53055,0,0,0,0,FALSE,FALSE,FALSE,FALSE,['Normal'],1,Inlier
2025-12-04 17:30:00+08:00,26.8125,253.4938,4,7.53055,0,0,0,0,FALSE,FALSE,FALSE,FALSE,['Normal'],1,Inlier
2025-12-04 17:45:00+08:00,27.4375,249.611,4,7.424176,0.000694444,-3.10624,0,0.002263086,FALSE,FALSE,FALSE,FALSE,['Normal'],1,Inlier
2025-12-04 18:00:00+08:00,27.4375,250.4111,4,7.627253,0,-1.6896,0,0.005162048,FALSE,FALSE,FALSE,FALSE,['Normal'],1,Inlier
2025-12-04 18:15:00+08:00,27.4375,250.4111,4,7.627253,0,-1.07306,0,0.007125864,FALSE,FALSE,FALSE,FALSE,['Normal'],1,Inlier
2025-12-04 18:30:00+08:00,27.4375,250.4111,4,7.627253,0,-0.45652,0,0.008154532,FALSE,FALSE,FALSE,FALSE,['Normal'],1,Inlier
2025-12-04 18:45:00+08:00,27.4375,250.4111,4,7.627253,0,0.16002,0,0.008248054,FALSE,FALSE,FALSE,FALSE,['Normal'],1,Inlier
2025-12-04 19:00:00+08:00,27.4375,250.4111,4,7.627253,0,0,0,0,FALSE,FALSE,FALSE,FALSE,['Normal'],1,Inlier
2025-12-04 19:15:00+08:00,27.4375,250.4111,4,7.627253,0,0,0,0,FALSE,FALSE,FALSE,FALSE,['Normal'],1,Inlier
2025-12-04 19:30:00+08:00,27.4375,250.4111,4,7.627253,0,0,0,0,FALSE,FALSE,FALSE,FALSE,['Normal'],1,Inlier
2025-12-04 19:45:00+08:00,27.4375,250.4111,4,7.627253,0,0,0,0,FALSE,FALSE,FALSE,FALSE,['Normal'],1,Inlier
2025-12-04 20:00:00+08:00,27.4375,250.4111,4,7.627253,0,0,0,0,FALSE,FALSE,FALSE,FALSE,['Normal'],1,Inlier
2025-12-04 20:15:00+08:00,27.4375,250.4111,4,7.627253,0,0,0,0,FALSE,FALSE,FALSE,FALSE,['Normal'],1,Inlier
2025-12-04 20:30:00+08:00,27.4375,250.4111,4,7.627253,0,0,0,0,FALSE,FALSE,FALSE,FALSE,['Normal'],1,Inlier
2025-12-04 20:45:00+08:00,27.4375,250.4111,4,7.627253,0,0,0,0,FALSE,FALSE,FALSE,FALSE,['Normal'],1,Inlier
2025-12-04 21:00:00+08:00,27.4375,250.4111,4,7.627253,0,0,0,0,FALSE,FALSE,FALSE,FALSE,['Normal'],1,Inlier
2025-12-04 21:15:00+08:00,27.4375,250.4111,4,7.627253,0,0,0,0,FALSE,FALSE,FALSE,FALSE,['Normal'],1,Inlier
2025-12-04 21:30:00+08:00,27.4375,250.4111,4,7.627253,0,0,0,0,FALSE,FALSE,FALSE,FALSE,['Normal'],1,Inlier
2025-12-04 21:45:00+08:00,27.4375,250.4111,4,7.627253,0,0,0,0,FALSE,FALSE,FALSE,FALSE,['Normal'],1,Inlier
2025-12-04 22:00:00+08:00,27.4375,250.4111,4,7.627253,0,0,0,0,FALSE,FALSE,FALSE,FALSE,['Normal'],1,Inlier
2025-12-04 22:15:00+08:00,27.4375,250.4111,4,7.627253,0,0,0,0,FALSE,FALSE,FALSE,FALSE,['Normal'],1,Inlier
2025-12-04 22:30:00+08:00,27.4375,250.4111,4,7.627253,0,0,0,0,FALSE,FALSE,FALSE,FALSE,['Normal'],1,Inlier
2025-12-04 22:45:00+08:00,27.4375,250.4111,4,7.627253,0,0,0,0,FALSE,FALSE,FALSE,FALSE,['Normal'],1,Inlier
2025-12-04 22:45:00+08:00,27.4375,250.4111,4,7.627253,,0,0,0,FALSE,FALSE,FALSE,FALSE,['Normal'],1,Inlier
2025-12-04 23:00:00+08:00,27.4375,250.4111,4,7.627253,0,0,0,0,FALSE,FALSE,FALSE,FALSE,['Normal'],1,Inlier
2025-12-04 23:15:00+08:00,27.4375,250.4111,4,7.627253,0,0,0,0,FALSE,FALSE,FALSE,FALSE,['Normal'],1,Inlier
2025-12-04 23:30:00+08:00,27.4375,250.4111,4,7.627253,0,0,0,0,FALSE,FALSE,FALSE,FALSE,['Normal'],1,Inlier
2025-12-04 23:45:00+08:00,27.4375,250.4111,4,7.627253,0,0,0,0,FALSE,FALSE,FALSE,FALSE,['Normal'],1,Inlier
2025-12-05 00:00:00+08:00,27.4375,250.4111,4,7.627253,0,0,0,0,FALSE,FALSE,FALSE,FALSE,['Normal'],1,Inlier
2025-12-05 00:15:00+08:00,27.4375,250.4111,4,7.627253,0,0,0,0,FALSE,FALSE,FALSE,FALSE,['Normal'],1,Inlier
2025-12-05 00:30:00+08:00,27.4375,250.4111,4,7.627253,0,0,0,0,FALSE,FALSE,FALSE,FALSE,['Normal'],1,Inlier
2025-12-05 00:45:00+08:00,27.4375,250.4111,4,7.627253,0,0,0,0,FALSE,FALSE,FALSE,FALSE,['Normal'],1,Inlier
2025-12-05 01:00:00+08:00,27.4375,250.4111,4,7.627253,0,0,0,0,FALSE,FALSE,FALSE,FALSE,['Normal'],1,Inlier
2025-12-05 01:15:00+08:00,27.4375,250.4111,4,7.627253,0,0,0,0,FALSE,FALSE,FALSE,FALSE,['Normal'],1,Inlier
2025-12-05 01:30:00+08:00,27.4375,250.4111,4,7.627253,0,0,0,0,FALSE,FALSE,FALSE,FALSE,['Normal'],1,Inlier
2025-12-05 01:45:00+08:00,27.4375,250.4111,4,7.627253,0,0,0,0,FALSE,FALSE,FALSE,FALSE,['Normal'],1,Inlier
2025-12-05 02:00:00+08:00,27.4375,250.4111,4,7.627253,0,0,0,0,FALSE,FALSE,FALSE,FALSE,['Normal'],1,Inlier
2025-12-05 02:15:00+08:00,27.4375,250.4111,4,7.627253,0,0,0,0,FALSE,FALSE,FALSE,FALSE,['Normal'],1,Inlier
2025-12-05 02:30:00+08:00,27.4375,250.4111,4,7.627253,0,0,0,0,FALSE,FALSE,FALSE,FALSE,['Normal'],1,Inlier
2025-12-05 02:45:00+08:00,27.4375,250.4111,4,7.627253,0,0,0,0,FALSE,FALSE,FALSE,FALSE,['Normal'],1,Inlier
2025-12-05 03:00:00+08:00,27.4375,250.4111,4,7.627253,0,0,0,0,FALSE,FALSE,FALSE,FALSE,['Normal'],1,Inlier
2025-12-05 03:15:00+08:00,27.4375,250.4111,4,7.627253,0,0,0,0,FALSE,FALSE,FALSE,FALSE,['Normal'],1,Inlier
2025-12-05 03:30:00+08:00,27.4375,250.4111,4,7.627253,0,0,0,0,FALSE,FALSE,FALSE,FALSE,['Normal'],1,Inlier
2025-12-05 03:45:00+08:00,27.4375,250.4111,4,7.627253,0,0,0,0,FALSE,FALSE,FALSE,FALSE,['Normal'],1,Inlier
2025-12-05 04:00:00+08:00,27.4375,250.4111,4,7.627253,0,0,0,0,FALSE,FALSE,FALSE,FALSE,['Normal'],1,Inlier
2025-12-05 04:15:00+08:00,27.4375,250.4111,4,7.627253,0,0,0,0,FALSE,FALSE,FALSE,FALSE,['Normal'],1,Inlier
2025-12-05 04:30:00+08:00,27.4375,250.4111,4,7.627253,0,0,0,0,FALSE,FALSE,FALSE,FALSE,['Normal'],1,Inlier
2025-12-05 04:45:00+08:00,27.4375,250.4111,4,7.627253,0,0,0,0,FALSE,FALSE,FALSE,FALSE,['Normal'],1,Inlier
2025-12-05 05:00:00+08:00,27.4375,250.4111,4,7.627253,0,0,0,0,FALSE,FALSE,FALSE,FALSE,['Normal'],1,Inlier
2025-12-05 05:15:00+08:00,27.4375,250.4111,4,7.627253,0,0,0,0,FALSE,FALSE,FALSE,FALSE,['Normal'],1,Inlier
2025-12-05 05:30:00+08:00,27.4375,250.4111,4,7.627253,0,0,0,0,FALSE,FALSE,FALSE,FALSE,['Normal'],1,Inlier
2025-12-05 05:45:00+08:00,27.4375,250.4111,4,7.627253,0,0,0,0,FALSE,FALSE,FALSE,FALSE,['Normal'],1,Inlier
2025-12-05 06:00:00+08:00,27.4375,250.4111,4,7.627253,0,0,0,0,FALSE,FALSE,FALSE,FALSE,['Normal'],1,Inlier
2025-12-05 06:15:00+08:00,27.4375,250.4111,4,7.627253,0,0,0,0,FALSE,FALSE,FALSE,FALSE,['Normal'],1,Inlier
2025-12-05 06:30:00+08:00,27.4375,250.4111,4,7.627253,0,0,0,0,FALSE,FALSE,FALSE,FALSE,['Normal'],1,Inlier
2025-12-05 06:45:00+08:00,27.4375,250.4111,4,7.627253,0,0,0,0,FALSE,FALSE,FALSE,FALSE,['Normal'],1,Inlier
2025-12-05 07:00:00+08:00,27.4375,250.4111,4,7.627253,0,0,0,0,FALSE,FALSE,FALSE,FALSE,['Normal'],1,Inlier
2025-12-05 07:15:00+08:00,27.4375,250.4111,4,7.627253,0,0,0,0,FALSE,FALSE,FALSE,FALSE,['Normal'],1,Inlier
2025-12-05 07:30:00+08:00,27.4375,250.4111,4,7.627253,0,0,0,0,FALSE,FALSE,FALSE,FALSE,['Normal'],1,Inlier
2025-12-05 07:45:00+08:00,27.4375,250.4111,4,7.627253,0,0,0,0,FALSE,FALSE,FALSE,FALSE,['Normal'],1,Inlier
2025-12-05 08:00:00+08:00,27.4375,250.4111,4,7.627253,0,0,0,0,FALSE,FALSE,FALSE,FALSE,['Normal'],1,Inlier
2025-12-05 08:15:00+08:00,27.4375,250.4111,4,7.627253,0,0,0,0,FALSE,FALSE,FALSE,FALSE,['Normal'],1,Inlier
2025-12-05 08:30:00+08:00,26.125,258.5891,4,7.516044,-0.001458333,6.5424,0,0.002473488,FALSE,FALSE,FALSE,FALSE,['Unknown/Noise'],-1,Outlier
2025-12-05 08:45:00+08:00,26.125,258.5891,4,7.516044,0,4.9068,0,0.003710233,FALSE,FALSE,FALSE,FALSE,['Normal'],1,Inlier
2025-12-05 09:00:00+08:00,26.1875,252.0055,4,7.54989,6.94E-05,-1.99568,0,0.003186547,FALSE,FALSE,FALSE,FALSE,['Normal'],1,Inlier
2025-12-05 09:15:00+08:00,26.1875,252.0055,4,7.54989,0,-2.31456,0,0.002064358,FALSE,FALSE,FALSE,FALSE,['Normal'],1,Inlier
2025-12-05 09:30:00+08:00,26.1875,252.0055,4,7.54989,0,-2.63344,0,0.000343666,FALSE,FALSE,FALSE,FALSE,['Normal'],1,Inlier
2025-12-05 09:45:00+08:00,26.1875,252.0055,4,7.54989,0,-1.31672,0,0.00022911,FALSE,FALSE,FALSE,FALSE,['Normal'],1,Inlier
2025-12-05 10:00:00+08:00,26.1875,252.0055,4,7.54989,0,0,0,0,FALSE,FALSE,FALSE,FALSE,['Normal'],1,Inlier
2025-12-05 10:15:00+08:00,26.1875,252.0055,4,7.54989,0,0,0,0,FALSE,FALSE,FALSE,FALSE,['Normal'],1,Inlier
2025-12-05 10:30:00+08:00,26.1875,252.0055,4,7.54989,0,0,0,0,FALSE,FALSE,FALSE,FALSE,['Normal'],1,Inlier
2025-12-05 10:45:00+08:00,26.1875,252.0055,4,7.54989,0,0,0,0,FALSE,FALSE,FALSE,FALSE,['Normal'],1,Inlier
2025-12-05 11:00:00+08:00,26.1875,252.0055,4,7.54989,0,0,0,0,FALSE,FALSE,FALSE,FALSE,['Normal'],1,Inlier
2025-12-05 11:15:00+08:00,26.1875,252.0055,4,7.54989,0,0,0,0,FALSE,FALSE,FALSE,FALSE,['Normal'],1,Inlier
2025-12-05 11:30:00+08:00,26.1875,252.0055,4,7.54989,0,0,0,0,FALSE,FALSE,FALSE,FALSE,['Normal'],1,Inlier
2025-12-05 11:45:00+08:00,26.1875,252.0055,4,7.54989,0,0,0,0,FALSE,FALSE,FALSE,FALSE,['Normal'],1,Inlier
2025-12-05 12:00:00+08:00,26.1875,252.0055,4,7.54989,0,0,0,0,FALSE,FALSE,FALSE,FALSE,['Normal'],1,Inlier
2025-12-05 12:15:00+08:00,26.1875,252.0055,4,7.54989,0,0,0,0,FALSE,FALSE,FALSE,FALSE,['Normal'],1,Inlier
2025-12-05 12:30:00+08:00,26.1875,252.0055,4,7.54989,0,0,0,0,FALSE,FALSE,FALSE,FALSE,['Normal'],1,Inlier
2025-12-05 12:45:00+08:00,26.1875,252.0055,4,7.54989,0,0,0,0,FALSE,FALSE,FALSE,FALSE,['Normal'],1,Inlier
2025-12-05 13:00:00+08:00,26.1875,252.0055,4,7.54989,0,0,0,0,FALSE,FALSE,FALSE,FALSE,['Normal'],1,Inlier
2025-12-05 13:15:00+08:00,26.1875,252.0055,4,7.54989,0,0,0,0,FALSE,FALSE,FALSE,FALSE,['Normal'],1,Inlier
2025-12-05 13:30:00+08:00,26.1875,252.0055,4,7.54989,0,0,0,0,FALSE,FALSE,FALSE,FALSE,['Normal'],1,Inlier
2025-12-05 13:45:00+08:00,26.1875,252.0055,4,7.54989,0,0,0,0,FALSE,FALSE,FALSE,FALSE,['Normal'],1,Inlier
2025-12-05 14:00:00+08:00,26.1875,252.0055,4,7.54989,0,0,0,0,FALSE,FALSE,FALSE,FALSE,['Normal'],1,Inlier
2025-12-05 14:15:00+08:00,26.1875,252.0055,4,7.54989,0,0,0,0,FALSE,FALSE,FALSE,FALSE,['Normal'],1,Inlier
2025-12-05 14:30:00+08:00,26.1875,252.0055,4,7.54989,0,0,0,0,FALSE,FALSE,FALSE,FALSE,['Normal'],1,Inlier
2025-12-05 14:45:00+08:00,26.1875,252.0055,4,7.54989,0,0,0,0,FALSE,FALSE,FALSE,FALSE,['Normal'],1,Inlier
2025-12-05 15:00:00+08:00,26.1875,252.0055,4,7.54989,0,0,0,0,FALSE,FALSE,FALSE,FALSE,['Normal'],1,Inlier
2025-12-05 15:15:00+08:00,26.1875,252.0055,4,7.54989,0,0,0,0,FALSE,FALSE,FALSE,FALSE,['Normal'],1,Inlier
2025-12-05 15:30:00+08:00,26.1875,252.0055,4,7.54989,0,0,0,0,FALSE,FALSE,FALSE,FALSE,['Normal'],1,Inlier
2025-12-05 15:45:00+08:00,26.1875,252.0055,4,7.54989,0,0,0,0,FALSE,FALSE,FALSE,FALSE,['Normal'],1,Inlier
2025-12-05 16:00:00+08:00,26.1875,252.0055,4,7.54989,0,0,0,0,FALSE,FALSE,FALSE,FALSE,['Normal'],1,Inlier
2025-12-05 16:15:00+08:00,26.1875,252.0055,4,7.54989,0,0,0,0,FALSE,FALSE,FALSE,FALSE,['Normal'],1,Inlier
2025-12-05 16:30:00+08:00,26.1875,252.0055,4,7.54989,0,0,0,0,FALSE,FALSE,FALSE,FALSE,['Normal'],1,Inlier
2025-12-05 16:45:00+08:00,26.1875,252.0055,4,7.54989,0,0,0,0,FALSE,FALSE,FALSE,FALSE,['Normal'],1,Inlier
2025-12-05 17:00:00+08:00,26.1875,252.0055,4,7.54989,0,0,0,0,FALSE,FALSE,FALSE,FALSE,['Normal'],1,Inlier
2025-12-05 17:15:00+08:00,26.1875,252.0055,4,7.54989,0,0,0,0,FALSE,FALSE,FALSE,FALSE,['Normal'],1,Inlier
2025-12-05 17:30:00+08:00,26.1875,252.0055,4,7.54989,0,0,0,0,FALSE,FALSE,FALSE,FALSE,['Normal'],1,Inlier
2025-12-05 17:45:00+08:00,26.1875,252.0055,4,7.545055,0,0,0,4.68E-06,TRUE,TRUE,FALSE,FALSE,"['Temperature', 'TDS']",,
2025-12-05 18:00:00+08:00,26.1875,252.0055,4,7.308132,0,0,0,0.011577172,TRUE,TRUE,FALSE,FALSE,"['Temperature', 'TDS']",,
2025-12-05 18:15:00+08:00,26.1875,252.0055,4,7.308132,0,0,0,0.017304975,TRUE,TRUE,FALSE,FALSE,"['Temperature', 'TDS']",,
2025-12-05 18:30:00+08:00,26.1875,252.0055,4,7.308132,0,0,0,0.017188085,TRUE,TRUE,FALSE,FALSE,"['Temperature', 'TDS']",,
2025-12-05 18:45:00+08:00,26.1875,252.0055,4,7.308132,0,0,0,0.011226502,TRUE,TRUE,FALSE,FALSE,"['Temperature', 'TDS']",,
2025-12-05 19:00:00+08:00,26.1875,252.0055,4,7.308132,0,0,0,0,TRUE,TRUE,FALSE,FALSE,"['Temperature', 'TDS']",,
2025-12-05 19:15:00+08:00,26.1875,252.0055,4,7.308132,0,0,0,0,TRUE,TRUE,FALSE,FALSE,"['Temperature', 'TDS']",,
2025-12-05 19:30:00+08:00,26.1875,252.0055,4,7.308132,0,0,0,0,TRUE,TRUE,FALSE,FALSE,"['Temperature', 'TDS']",,
2025-12-05 19:45:00+08:00,26.1875,252.0055,4,7.308132,0,0,0,0,TRUE,TRUE,FALSE,FALSE,"['Temperature', 'TDS']",,
2025-12-05 20:00:00+08:00,26.1875,252.0055,4,7.308132,0,0,0,0,TRUE,TRUE,FALSE,FALSE,"['Temperature', 'TDS']",,
2025-12-05 20:15:00+08:00,26.1875,252.0055,4,7.308132,0,0,0,0,TRUE,TRUE,FALSE,FALSE,"['Temperature', 'TDS']",,
2025-12-05 20:30:00+08:00,26.1875,252.0055,4,7.308132,0,0,0,0,TRUE,TRUE,FALSE,FALSE,"['Temperature', 'TDS']",,
2025-12-05 20:45:00+08:00,26.1875,252.0055,4,7.308132,0,0,0,0,TRUE,TRUE,FALSE,FALSE,"['Temperature', 'TDS']",,
2025-12-05 21:00:00+08:00,26.1875,252.0055,4,7.308132,0,0,0,0,TRUE,TRUE,FALSE,FALSE,"['Temperature', 'TDS']",,
2025-12-05 21:15:00+08:00,26.1875,252.0055,4,7.308132,0,0,0,0,TRUE,TRUE,FALSE,FALSE,"['Temperature', 'TDS']",,
2025-12-05 21:30:00+08:00,26.1875,252.0055,4,7.308132,0,0,0,0,TRUE,TRUE,FALSE,FALSE,"['Temperature', 'TDS']",,
2025-12-05 21:45:00+08:00,26.1875,252.0055,4,7.308132,0,0,0,0,TRUE,TRUE,FALSE,FALSE,"['Temperature', 'TDS']",,
2025-12-05 22:00:00+08:00,26.1875,252.0055,4,7.308132,0,0,0,0,TRUE,TRUE,FALSE,FALSE,"['Temperature', 'TDS']",,
2025-12-05 22:15:00+08:00,26.1875,252.0055,4,7.308132,0,0,0,0,TRUE,TRUE,FALSE,FALSE,"['Temperature', 'TDS']",,
2025-12-05 22:30:00+08:00,26.1875,252.0055,4,7.308132,0,0,0,0,TRUE,TRUE,FALSE,FALSE,"['Temperature', 'TDS']",,
2025-12-05 22:45:00+08:00,26.1875,252.0055,4,7.308132,0,0,0,0,TRUE,TRUE,FALSE,FALSE,"['Temperature', 'TDS']",,
2025-12-05 22:45:00+08:00,26.1875,252.0055,4,7.308132,,0,0,0,TRUE,TRUE,FALSE,FALSE,"['Temperature', 'TDS']",,
2025-12-05 23:00:00+08:00,26.1875,252.0055,4,7.308132,0,0,0,0,TRUE,TRUE,FALSE,FALSE,"['Temperature', 'TDS']",,
2025-12-05 23:15:00+08:00,26.1875,252.0055,4,7.308132,0,0,0,0,TRUE,TRUE,FALSE,FALSE,"['Temperature', 'TDS']",,
2025-12-05 23:30:00+08:00,26.1875,252.0055,4,7.308132,0,0,0,0,TRUE,TRUE,FALSE,FALSE,"['Temperature', 'TDS']",,
2025-12-05 23:45:00+08:00,26.1875,252.0055,4,7.308132,0,0,0,0,TRUE,TRUE,FALSE,FALSE,"['Temperature', 'TDS']",,
2025-12-06 00:00:00+08:00,26.1875,252.0055,4,7.308132,0,0,0,0,TRUE,TRUE,FALSE,FALSE,"['Temperature', 'TDS']",,
2025-12-06 00:15:00+08:00,26.1875,252.0055,4,7.308132,0,0,0,0,TRUE,TRUE,FALSE,FALSE,"['Temperature', 'TDS']",,
2025-12-06 00:30:00+08:00,26.1875,252.0055,4,7.308132,0,0,0,0,TRUE,TRUE,FALSE,FALSE,"['Temperature', 'TDS']",,
2025-12-06 00:45:00+08:00,26.1875,252.0055,4,7.308132,0,0,0,0,TRUE,TRUE,FALSE,FALSE,"['Temperature', 'TDS']",,
2025-12-06 01:00:00+08:00,26.1875,252.0055,4,7.308132,0,0,0,0,TRUE,TRUE,FALSE,FALSE,"['Temperature', 'TDS']",,
2025-12-06 01:15:00+08:00,26.1875,252.0055,4,7.308132,0,0,0,0,TRUE,TRUE,FALSE,FALSE,"['Temperature', 'TDS']",,
2025-12-06 01:30:00+08:00,26.1875,252.0055,4,7.308132,0,0,0,0,TRUE,TRUE,FALSE,FALSE,"['Temperature', 'TDS']",,
2025-12-06 01:45:00+08:00,26.1875,252.0055,4,7.308132,0,0,0,0,TRUE,TRUE,FALSE,FALSE,"['Temperature', 'TDS']",,
2025-12-06 02:00:00+08:00,26.1875,252.0055,4,7.308132,0,0,0,0,TRUE,TRUE,FALSE,FALSE,"['Temperature', 'TDS']",,
2025-12-06 02:15:00+08:00,26.1875,252.0055,4,7.308132,0,0,0,0,TRUE,TRUE,FALSE,FALSE,"['Temperature', 'TDS']",,
2025-12-06 02:30:00+08:00,26.1875,252.0055,4,7.308132,0,0,0,0,TRUE,TRUE,FALSE,FALSE,"['Temperature', 'TDS']",,
2025-12-06 02:45:00+08:00,26.1875,252.0055,4,7.308132,0,0,0,0,TRUE,TRUE,FALSE,FALSE,"['Temperature', 'TDS']",,
2025-12-06 03:00:00+08:00,26.1875,252.0055,4,7.308132,0,0,0,0,TRUE,TRUE,FALSE,FALSE,"['Temperature', 'TDS']",,
2025-12-06 03:15:00+08:00,26.1875,252.0055,4,7.308132,0,0,0,0,TRUE,TRUE,FALSE,FALSE,"['Temperature', 'TDS']",,
2025-12-06 03:30:00+08:00,26.1875,252.0055,4,7.308132,0,0,0,0,TRUE,TRUE,FALSE,FALSE,"['Temperature', 'TDS']",,
2025-12-06 03:45:00+08:00,26.1875,252.0055,4,7.308132,0,0,0,0,TRUE,TRUE,FALSE,FALSE,"['Temperature', 'TDS']",,
2025-12-06 04:00:00+08:00,26.1875,252.0055,4,7.308132,0,0,0,0,TRUE,TRUE,FALSE,FALSE,"['Temperature', 'TDS']",,
2025-12-06 04:15:00+08:00,26.1875,252.0055,4,7.308132,0,0,0,0,TRUE,TRUE,FALSE,FALSE,"['Temperature', 'TDS']",,
2025-12-06 04:30:00+08:00,26.1875,252.0055,4,7.308132,0,0,0,0,TRUE,TRUE,FALSE,FALSE,"['Temperature', 'TDS']",,
2025-12-06 04:45:00+08:00,26.1875,252.0055,4,7.308132,0,0,0,0,TRUE,TRUE,FALSE,FALSE,"['Temperature', 'TDS']",,
2025-12-06 05:00:00+08:00,26.1875,252.0055,4,7.308132,0,0,0,0,TRUE,TRUE,FALSE,FALSE,"['Temperature', 'TDS']",,
2025-12-06 05:15:00+08:00,26.1875,252.0055,4,7.308132,0,0,0,0,TRUE,TRUE,FALSE,FALSE,"['Temperature', 'TDS']",,
2025-12-06 05:30:00+08:00,26.1875,252.0055,4,7.308132,0,0,0,0,TRUE,TRUE,FALSE,FALSE,"['Temperature', 'TDS']",,
2025-12-06 05:45:00+08:00,26.1875,252.0055,4,7.308132,0,0,0,0,TRUE,TRUE,FALSE,FALSE,"['Temperature', 'TDS']",,
2025-12-06 06:00:00+08:00,26.1875,252.0055,4,7.308132,0,0,0,0,TRUE,TRUE,FALSE,FALSE,"['Temperature', 'TDS']",,
2025-12-06 06:15:00+08:00,26.1875,252.0055,4,7.308132,0,0,0,0,TRUE,TRUE,FALSE,FALSE,"['Temperature', 'TDS']",,
2025-12-06 06:30:00+08:00,26.1875,252.0055,4,7.308132,0,0,0,0,TRUE,TRUE,FALSE,FALSE,"['Temperature', 'TDS']",,
2025-12-06 06:45:00+08:00,26.1875,252.0055,4,7.308132,0,0,0,0,TRUE,TRUE,FALSE,FALSE,"['Temperature', 'TDS']",,
2025-12-06 07:00:00+08:00,26.1875,252.0055,4,7.308132,0,0,0,0,TRUE,TRUE,FALSE,FALSE,"['Temperature', 'TDS']",,
2025-12-06 07:15:00+08:00,26.1875,252.0055,4,7.308132,0,0,0,0,TRUE,TRUE,FALSE,FALSE,"['Temperature', 'TDS']",,
2025-12-06 07:30:00+08:00,26.1875,252.0055,4,7.308132,0,0,0,0,TRUE,TRUE,FALSE,FALSE,"['Temperature', 'TDS']",,
2025-12-06 07:45:00+08:00,26.1875,252.0055,4,7.308132,0,0,0,0,TRUE,TRUE,FALSE,FALSE,"['Temperature', 'TDS']",,
2025-12-06 08:00:00+08:00,26.1875,252.0055,4,7.308132,0,0,0,0,TRUE,TRUE,FALSE,FALSE,"['Temperature', 'TDS']",,
2025-12-06 08:15:00+08:00,26.1875,252.0055,4,7.308132,0,0,0,0,TRUE,TRUE,FALSE,FALSE,"['Temperature', 'TDS']",,
2025-12-06 08:30:00+08:00,26.1875,252.0055,4,7.535385,0,0,0,0.010328785,TRUE,TRUE,FALSE,FALSE,"['Temperature', 'TDS']",,
2025-12-06 08:45:00+08:00,26.1875,252.0055,4,7.535385,0,0,0,0.015493178,TRUE,TRUE,FALSE,FALSE,"['Temperature', 'TDS']",,
2025-12-06 09:00:00+08:00,26.1875,252.0055,4,7.545055,0,0,0,0.015951387,TRUE,TRUE,FALSE,FALSE,"['Temperature', 'TDS']",,
2025-12-06 09:15:00+08:00,26.1875,252.0055,4,7.545055,0,0,0,0.010796345,TRUE,TRUE,FALSE,FALSE,"['Temperature', 'TDS']",,
2025-12-06 09:30:00+08:00,26.1875,252.0055,4,7.545055,0,0,0,2.81E-05,TRUE,TRUE,FALSE,FALSE,"['Temperature', 'TDS']",,
2025-12-06 09:45:00+08:00,26.1875,252.0055,4,7.545055,0,0,0,1.87E-05,TRUE,TRUE,FALSE,FALSE,"['Temperature', 'TDS']",,
2025-12-06 10:00:00+08:00,26.1875,252.0055,4,7.545055,0,0,0,0,TRUE,TRUE,FALSE,FALSE,"['Temperature', 'TDS']",,
2025-12-06 10:15:00+08:00,26.1875,252.0055,4,7.545055,0,0,0,0,TRUE,TRUE,FALSE,FALSE,"['Temperature', 'TDS']",,
2025-12-06 10:30:00+08:00,26.1875,252.0055,4,7.545055,0,0,0,0,TRUE,TRUE,FALSE,FALSE,"['Temperature', 'TDS']",,
2025-12-06 10:45:00+08:00,26.1875,252.0055,4,7.545055,0,0,0,0,TRUE,TRUE,FALSE,FALSE,"['Temperature', 'TDS']",,
2025-12-06 11:00:00+08:00,26.1875,252.0055,4,7.545055,0,0,0,0,TRUE,TRUE,FALSE,FALSE,"['Temperature', 'TDS']",,
2025-12-06 11:15:00+08:00,26.1875,252.0055,4,7.545055,0,0,0,0,TRUE,TRUE,FALSE,FALSE,"['Temperature', 'TDS']",,
2025-12-06 11:30:00+08:00,26.1875,252.0055,4,7.545055,0,0,0,0,TRUE,TRUE,FALSE,FALSE,"['Temperature', 'TDS']",,
2025-12-06 11:45:00+08:00,26.1875,252.0055,4,7.545055,0,0,0,0,TRUE,TRUE,FALSE,FALSE,"['Temperature', 'TDS']",,
2025-12-06 12:00:00+08:00,26.1875,252.0055,4,7.545055,0,0,0,0,TRUE,TRUE,FALSE,FALSE,"['Temperature', 'TDS']",,
2025-12-06 12:15:00+08:00,26.1875,252.0055,4,7.545055,0,0,0,0,TRUE,TRUE,FALSE,FALSE,"['Temperature', 'TDS']",,
2025-12-06 12:30:00+08:00,26.1875,252.0055,4,7.545055,0,0,0,0,TRUE,TRUE,FALSE,FALSE,"['Temperature', 'TDS']",,
2025-12-06 12:45:00+08:00,26.1875,252.0055,4,7.545055,0,0,0,0,TRUE,TRUE,FALSE,FALSE,"['Temperature', 'TDS']",,
2025-12-06 13:00:00+08:00,26.1875,252.0055,4,7.545055,0,0,0,0,TRUE,TRUE,FALSE,FALSE,"['Temperature', 'TDS']",,
2025-12-06 13:15:00+08:00,26.1875,252.0055,4,7.545055,0,0,0,0,TRUE,TRUE,FALSE,FALSE,"['Temperature', 'TDS']",,
2025-12-06 13:30:00+08:00,26.1875,252.0055,4,7.545055,0,0,0,0,TRUE,TRUE,FALSE,FALSE,"['Temperature', 'TDS']",,
2025-12-06 13:45:00+08:00,26.1875,252.0055,4,7.545055,0,0,0,0,TRUE,TRUE,FALSE,FALSE,"['Temperature', 'TDS']",,
2025-12-06 14:00:00+08:00,26.1875,252.0055,4,7.545055,0,0,0,0,TRUE,TRUE,FALSE,FALSE,"['Temperature', 'TDS']",,
2025-12-06 14:15:00+08:00,26.1875,252.0055,4,7.545055,0,0,0,0,TRUE,TRUE,FALSE,FALSE,"['Temperature', 'TDS']",,
2025-12-06 14:30:00+08:00,26.1875,252.0055,4,7.545055,0,0,0,0,TRUE,TRUE,FALSE,FALSE,"['Temperature', 'TDS']",,
2025-12-06 14:45:00+08:00,26.1875,252.0055,4,7.545055,0,0,0,0,TRUE,TRUE,FALSE,FALSE,"['Temperature', 'TDS']",,
2025-12-06 15:00:00+08:00,26.1875,252.0055,4,7.545055,0,0,0,0,TRUE,TRUE,FALSE,FALSE,"['Temperature', 'TDS']",,
2025-12-06 15:15:00+08:00,26.1875,252.0055,4,7.545055,0,0,0,0,TRUE,TRUE,FALSE,FALSE,"['Temperature', 'TDS']",,
2025-12-06 15:30:00+08:00,26.1875,252.0055,4,7.545055,0,0,0,0,TRUE,TRUE,FALSE,FALSE,"['Temperature', 'TDS']",,
2025-12-06 15:45:00+08:00,26.1875,252.0055,4,7.545055,0,0,0,0,TRUE,TRUE,FALSE,FALSE,"['Temperature', 'TDS']",,
2025-12-06 16:00:00+08:00,26.1875,252.0055,4,7.545055,0,0,0,0,TRUE,TRUE,FALSE,FALSE,"['Temperature', 'TDS']",,
2025-12-06 16:15:00+08:00,26.1875,252.0055,4,7.545055,0,0,0,0,TRUE,TRUE,FALSE,FALSE,"['Temperature', 'TDS']",,
2025-12-06 16:30:00+08:00,26.1875,252.0055,4,7.545055,0,0,0,0,TRUE,TRUE,FALSE,FALSE,"['Temperature', 'TDS']",,
2025-12-06 16:45:00+08:00,26.1875,252.0055,4,7.545055,0,0,0,0,TRUE,TRUE,FALSE,FALSE,"['Temperature', 'TDS']",,
2025-12-06 17:00:00+08:00,26.1875,252.0055,4,7.545055,0,0,0,0,TRUE,TRUE,FALSE,FALSE,"['Temperature', 'TDS']",,
2025-12-06 17:15:00+08:00,26.1875,252.0055,4,7.545055,0,0,0,0,TRUE,TRUE,FALSE,FALSE,"['Temperature', 'TDS']",,
2025-12-06 17:30:00+08:00,26.1875,252.0055,4,7.545055,0,0,0,0,TRUE,TRUE,FALSE,FALSE,"['Temperature', 'TDS']",,
2025-12-06 17:45:00+08:00,26.1875,252.0055,4,7.535385,0,0,0,1.87E-05,TRUE,TRUE,FALSE,FALSE,"['Temperature', 'TDS']",,
2025-12-06 18:00:00+08:00,26.1875,252.0055,4,7.545055,0,0,0,1.87E-05,TRUE,TRUE,FALSE,FALSE,"['Temperature', 'TDS']",,
2025-12-06 18:15:00+08:00,26.1875,252.0055,4,7.545055,0,0,0,1.87E-05,TRUE,TRUE,FALSE,FALSE,"['Temperature', 'TDS']",,
2025-12-06 18:30:00+08:00,26.1875,252.0055,4,7.545055,0,0,0,1.87E-05,TRUE,TRUE,FALSE,FALSE,"['Temperature', 'TDS']",,
2025-12-06 18:45:00+08:00,26.1875,252.0055,4,7.545055,0,0,0,1.87E-05,TRUE,TRUE,FALSE,FALSE,"['Temperature', 'TDS']",,
2025-12-06 19:00:00+08:00,26.1875,252.0055,4,7.545055,0,0,0,0,TRUE,TRUE,FALSE,FALSE,"['Temperature', 'TDS']",,
2025-12-06 19:15:00+08:00,26.1875,252.0055,4,7.545055,0,0,0,0,TRUE,TRUE,FALSE,FALSE,"['Temperature', 'TDS']",,
2025-12-06 19:30:00+08:00,26.1875,252.0055,4,7.545055,0,0,0,0,TRUE,TRUE,FALSE,FALSE,"['Temperature', 'TDS']",,
2025-12-06 19:45:00+08:00,26.1875,252.0055,4,7.545055,0,0,0,0,TRUE,TRUE,FALSE,FALSE,"['Temperature', 'TDS']",,
2025-12-06 20:00:00+08:00,26.1875,252.0055,4,7.545055,0,0,0,0,TRUE,TRUE,FALSE,FALSE,"['Temperature', 'TDS']",,
2025-12-06 20:15:00+08:00,26.1875,252.0055,4,7.545055,0,0,0,0,TRUE,TRUE,FALSE,FALSE,"['Temperature', 'TDS']",,
2025-12-06 20:30:00+08:00,26.1875,252.0055,4,7.545055,0,0,0,0,TRUE,TRUE,FALSE,FALSE,"['Temperature', 'TDS']",,
2025-12-06 20:45:00+08:00,26.1875,252.0055,4,7.545055,0,0,0,0,TRUE,TRUE,FALSE,FALSE,"['Temperature', 'TDS']",,
2025-12-06 21:00:00+08:00,26.1875,252.0055,4,7.545055,0,0,0,0,TRUE,TRUE,FALSE,FALSE,"['Temperature', 'TDS']",,
2025-12-06 21:15:00+08:00,26.1875,252.0055,4,7.545055,0,0,0,0,TRUE,TRUE,FALSE,FALSE,"['Temperature', 'TDS']",,
2025-12-06 21:30:00+08:00,26.1875,252.0055,4,7.545055,0,0,0,0,TRUE,TRUE,FALSE,FALSE,"['Temperature', 'TDS']",,
2025-12-06 21:45:00+08:00,26.1875,252.0055,4,7.545055,0,0,0,0,TRUE,TRUE,FALSE,FALSE,"['Temperature', 'TDS']",,
2025-12-06 22:00:00+08:00,26.1875,252.0055,4,7.545055,0,0,0,0,TRUE,TRUE,FALSE,FALSE,"['Temperature', 'TDS']",,
2025-12-06 22:15:00+08:00,26.1875,252.0055,4,7.545055,0,0,0,0,TRUE,TRUE,FALSE,FALSE,"['Temperature', 'TDS']",,
2025-12-06 22:30:00+08:00,26.1875,252.0055,4,7.545055,0,0,0,0,TRUE,TRUE,FALSE,FALSE,"['Temperature', 'TDS']",,
2025-12-06 22:45:00+08:00,26.1875,252.0055,4,7.545055,0,0,0,0,TRUE,TRUE,FALSE,FALSE,"['Temperature', 'TDS']",,
2025-12-06 22:45:00+08:00,26.1875,252.0055,4,7.545055,,0,0,0,TRUE,TRUE,FALSE,FALSE,"['Temperature', 'TDS']",,
2025-12-06 23:00:00+08:00,26.1875,252.0055,4,7.545055,0,0,0,0,TRUE,TRUE,FALSE,FALSE,"['Temperature', 'TDS']",,
2025-12-06 23:15:00+08:00,26.1875,252.0055,4,7.545055,0,0,0,0,TRUE,TRUE,FALSE,FALSE,"['Temperature', 'TDS']",,
2025-12-06 23:30:00+08:00,26.1875,252.0055,4,7.545055,0,0,0,0,TRUE,TRUE,FALSE,FALSE,"['Temperature', 'TDS']",,
2025-12-06 23:45:00+08:00,26.1875,252.0055,4,7.545055,0,0,0,0,TRUE,TRUE,FALSE,FALSE,"['Temperature', 'TDS']",,
2025-12-07 00:00:00+08:00,26.1875,252.0055,4,7.545055,0,0,0,0,TRUE,TRUE,FALSE,FALSE,"['Temperature', 'TDS']",,
2025-12-07 00:15:00+08:00,26.1875,252.0055,4,7.545055,0,0,0,0,TRUE,TRUE,FALSE,FALSE,"['Temperature', 'TDS']",,
2025-12-07 00:30:00+08:00,26.1875,252.0055,4,7.545055,0,0,0,0,TRUE,TRUE,FALSE,FALSE,"['Temperature', 'TDS']",,
2025-12-07 00:45:00+08:00,26.1875,252.0055,4,7.545055,0,0,0,0,TRUE,TRUE,FALSE,FALSE,"['Temperature', 'TDS']",,
2025-12-07 01:00:00+08:00,26.1875,252.0055,4,7.545055,0,0,0,0,TRUE,TRUE,FALSE,FALSE,"['Temperature', 'TDS']",,
2025-12-07 01:15:00+08:00,26.1875,252.0055,4,7.545055,0,0,0,0,TRUE,TRUE,FALSE,FALSE,"['Temperature', 'TDS']",,
2025-12-07 01:30:00+08:00,26.1875,252.0055,4,7.545055,0,0,0,0,TRUE,TRUE,FALSE,FALSE,"['Temperature', 'TDS']",,
2025-12-07 01:45:00+08:00,26.1875,252.0055,4,7.545055,0,0,0,0,TRUE,TRUE,FALSE,FALSE,"['Temperature', 'TDS']",,
2025-12-07 02:00:00+08:00,26.1875,252.0055,4,7.545055,0,0,0,0,TRUE,TRUE,FALSE,FALSE,"['Temperature', 'TDS']",,
2025-12-07 02:15:00+08:00,26.1875,252.0055,4,7.545055,0,0,0,0,TRUE,TRUE,FALSE,FALSE,"['Temperature', 'TDS']",,
2025-12-07 02:30:00+08:00,26.1875,252.0055,4,7.545055,0,0,0,0,TRUE,TRUE,FALSE,FALSE,"['Temperature', 'TDS']",,
2025-12-07 02:45:00+08:00,26.1875,252.0055,4,7.545055,0,0,0,0,TRUE,TRUE,FALSE,FALSE,"['Temperature', 'TDS']",,
2025-12-07 03:00:00+08:00,26.1875,252.0055,4,7.545055,0,0,0,0,TRUE,TRUE,FALSE,FALSE,"['Temperature', 'TDS']",,
2025-12-07 03:15:00+08:00,26.1875,252.0055,4,7.545055,0,0,0,0,TRUE,TRUE,FALSE,FALSE,"['Temperature', 'TDS']",,
2025-12-07 03:30:00+08:00,26.1875,252.0055,4,7.545055,0,0,0,0,TRUE,TRUE,FALSE,FALSE,"['Temperature', 'TDS']",,
2025-12-07 03:45:00+08:00,26.1875,252.0055,4,7.545055,0,0,0,0,TRUE,TRUE,FALSE,FALSE,"['Temperature', 'TDS']",,
2025-12-07 04:00:00+08:00,26.1875,252.0055,4,7.545055,0,0,0,0,TRUE,TRUE,FALSE,FALSE,"['Temperature', 'TDS']",,
2025-12-07 04:15:00+08:00,26.1875,252.0055,4,7.545055,0,0,0,0,TRUE,TRUE,FALSE,FALSE,"['Temperature', 'TDS']",,
2025-12-07 04:30:00+08:00,26.1875,252.0055,4,7.545055,0,0,0,0,TRUE,TRUE,FALSE,FALSE,"['Temperature', 'TDS']",,
2025-12-07 04:45:00+08:00,26.1875,252.0055,4,7.545055,0,0,0,0,TRUE,TRUE,FALSE,FALSE,"['Temperature', 'TDS']",,
2025-12-07 05:00:00+08:00,26.1875,252.0055,4,7.545055,0,0,0,0,TRUE,TRUE,FALSE,FALSE,"['Temperature', 'TDS']",,
2025-12-07 05:15:00+08:00,26.1875,252.0055,4,7.545055,0,0,0,0,TRUE,TRUE,FALSE,FALSE,"['Temperature', 'TDS']",,
2025-12-07 05:30:00+08:00,26.1875,252.0055,4,7.545055,0,0,0,0,TRUE,TRUE,FALSE,FALSE,"['Temperature', 'TDS']",,
2025-12-07 05:45:00+08:00,26.1875,252.0055,4,7.545055,0,0,0,0,TRUE,TRUE,FALSE,FALSE,"['Temperature', 'TDS']",,
2025-12-07 06:00:00+08:00,26.1875,252.0055,4,7.545055,0,0,0,0,TRUE,TRUE,FALSE,FALSE,"['Temperature', 'TDS']",,
2025-12-07 06:15:00+08:00,26.1875,252.0055,4,7.545055,0,0,0,0,TRUE,TRUE,FALSE,FALSE,"['Temperature', 'TDS']",,
2025-12-07 06:30:00+08:00,26.1875,252.0055,4,7.545055,0,0,0,0,TRUE,TRUE,FALSE,FALSE,"['Temperature', 'TDS']",,
2025-12-07 06:45:00+08:00,26.1875,252.0055,4,7.545055,0,0,0,0,TRUE,TRUE,FALSE,FALSE,"['Temperature', 'TDS']",,
2025-12-07 07:00:00+08:00,26.1875,252.0055,4,7.545055,0,0,0,0,TRUE,TRUE,FALSE,FALSE,"['Temperature', 'TDS']",,
2025-12-07 07:15:00+08:00,26.1875,252.0055,4,7.545055,0,0,0,0,TRUE,TRUE,FALSE,FALSE,"['Temperature', 'TDS']",,
2025-12-07 07:30:00+08:00,26.1875,252.0055,4,7.545055,0,0,0,0,TRUE,TRUE,FALSE,FALSE,"['Temperature', 'TDS']",,
2025-12-07 07:45:00+08:00,26.1875,252.0055,4,7.545055,0,0,0,0,TRUE,TRUE,FALSE,FALSE,"['Temperature', 'TDS']",,
2025-12-07 08:00:00+08:00,26.1875,252.0055,4,7.545055,0,0,0,0,TRUE,TRUE,FALSE,FALSE,"['Temperature', 'TDS']",,
2025-12-07 08:15:00+08:00,26.1875,252.0055,4,7.545055,0,0,0,0,TRUE,TRUE,FALSE,FALSE,"['Temperature', 'TDS']",,
2025-12-07 08:30:00+08:00,26.1875,252.0055,4,7.53055,0,0,0,4.21E-05,TRUE,TRUE,FALSE,FALSE,"['Temperature', 'TDS']",,
2025-12-07 08:45:00+08:00,26.1875,252.0055,4,7.53055,0,0,0,6.31E-05,TRUE,TRUE,FALSE,FALSE,"['Temperature', 'TDS']",,
2025-12-07 09:00:00+08:00,26.1875,252.0055,4,7.511209,0,0,0,0.000194042,TRUE,TRUE,FALSE,FALSE,"['Temperature', 'TDS']",,
2025-12-07 09:15:00+08:00,26.1875,252.0055,4,7.511209,0,0,0,0.00021041,TRUE,TRUE,FALSE,FALSE,"['Temperature', 'TDS']",,
2025-12-07 09:30:00+08:00,26.1875,252.0055,4,7.511209,0,0,0,0.000112222,TRUE,TRUE,FALSE,FALSE,"['Temperature', 'TDS']",,
2025-12-07 09:45:00+08:00,26.1875,252.0055,4,7.511209,0,0,0,7.48E-05,TRUE,TRUE,FALSE,FALSE,"['Temperature', 'TDS']",,
2025-12-07 10:00:00+08:00,26.1875,252.0055,4,7.511209,0,0,0,0,TRUE,TRUE,FALSE,FALSE,"['Temperature', 'TDS']",,
2025-12-07 10:15:00+08:00,26.1875,252.0055,4,7.511209,0,0,0,0,TRUE,TRUE,FALSE,FALSE,"['Temperature', 'TDS']",,
2025-12-07 10:30:00+08:00,26.1875,252.0055,4,7.511209,0,0,0,0,TRUE,TRUE,FALSE,FALSE,"['Temperature', 'TDS']",,
2025-12-07 10:45:00+08:00,26.1875,252.0055,4,7.511209,0,0,0,0,TRUE,TRUE,FALSE,FALSE,"['Temperature', 'TDS']",,
2025-12-07 11:00:00+08:00,26.1875,252.0055,4,7.511209,0,0,0,0,TRUE,TRUE,FALSE,FALSE,"['Temperature', 'TDS']",,
2025-12-07 11:15:00+08:00,26.1875,252.0055,4,7.511209,0,0,0,0,TRUE,TRUE,FALSE,FALSE,"['Temperature', 'TDS']",,
2025-12-07 11:30:00+08:00,26.1875,252.0055,4,7.511209,0,0,0,0,TRUE,TRUE,FALSE,FALSE,"['Temperature', 'TDS']",,
2025-12-07 11:45:00+08:00,26.1875,252.0055,4,7.511209,0,0,0,0,TRUE,TRUE,FALSE,FALSE,"['Temperature', 'TDS']",,
2025-12-07 12:00:00+08:00,26.1875,252.0055,4,7.511209,0,0,0,0,TRUE,TRUE,FALSE,FALSE,"['Temperature', 'TDS']",,
2025-12-07 12:15:00+08:00,26.1875,252.0055,4,7.511209,0,0,0,0,TRUE,TRUE,FALSE,FALSE,"['Temperature', 'TDS']",,
2025-12-07 12:30:00+08:00,26.1875,252.0055,4,7.511209,0,0,0,0,TRUE,TRUE,FALSE,FALSE,"['Temperature', 'TDS']",,
2025-12-07 12:45:00+08:00,26.1875,252.0055,4,7.511209,0,0,0,0,TRUE,TRUE,FALSE,FALSE,"['Temperature', 'TDS']",,
2025-12-07 13:00:00+08:00,26.1875,252.0055,4,7.511209,0,0,0,0,TRUE,TRUE,FALSE,FALSE,"['Temperature', 'TDS']",,
2025-12-07 13:15:00+08:00,26.1875,252.0055,4,7.511209,0,0,0,0,TRUE,TRUE,FALSE,FALSE,"['Temperature', 'TDS']",,
2025-12-07 13:30:00+08:00,26.1875,252.0055,4,7.511209,0,0,0,0,TRUE,TRUE,FALSE,FALSE,"['Temperature', 'TDS']",,
2025-12-07 13:45:00+08:00,26.1875,252.0055,4,7.511209,0,0,0,0,TRUE,TRUE,FALSE,FALSE,"['Temperature', 'TDS']",,
2025-12-07 14:00:00+08:00,26.1875,252.0055,4,7.511209,0,0,0,0,TRUE,TRUE,FALSE,FALSE,"['Temperature', 'TDS']",,
2025-12-07 14:15:00+08:00,26.1875,252.0055,4,7.511209,0,0,0,0,TRUE,TRUE,FALSE,FALSE,"['Temperature', 'TDS']",,
2025-12-07 14:30:00+08:00,26.1875,252.0055,4,7.511209,0,0,0,0,TRUE,TRUE,FALSE,FALSE,"['Temperature', 'TDS']",,
2025-12-07 14:45:00+08:00,26.1875,252.0055,4,7.511209,0,0,0,0,TRUE,TRUE,FALSE,FALSE,"['Temperature', 'TDS']",,
2025-12-07 15:00:00+08:00,26.1875,252.0055,4,7.511209,0,0,0,0,TRUE,TRUE,FALSE,FALSE,"['Temperature', 'TDS']",,
2025-12-07 15:15:00+08:00,26.1875,252.0055,4,7.511209,0,0,0,0,TRUE,TRUE,FALSE,FALSE,"['Temperature', 'TDS']",,
2025-12-07 15:30:00+08:00,26.1875,252.0055,4,7.511209,0,0,0,0,TRUE,TRUE,FALSE,FALSE,"['Temperature', 'TDS']",,
2025-12-07 15:45:00+08:00,26.1875,252.0055,4,7.511209,0,0,0,0,TRUE,TRUE,FALSE,FALSE,"['Temperature', 'TDS']",,
2025-12-07 16:00:00+08:00,26.1875,252.0055,4,7.511209,0,0,0,0,TRUE,TRUE,FALSE,FALSE,"['Temperature', 'TDS']",,
2025-12-07 16:15:00+08:00,26.1875,252.0055,4,7.511209,0,0,0,0,TRUE,TRUE,FALSE,FALSE,"['Temperature', 'TDS']",,
2025-12-07 16:30:00+08:00,26.1875,252.0055,4,7.511209,0,0,0,0,TRUE,TRUE,FALSE,FALSE,"['Temperature', 'TDS']",,
2025-12-07 16:45:00+08:00,26.1875,252.0055,4,7.511209,0,0,0,0,TRUE,TRUE,FALSE,FALSE,"['Temperature', 'TDS']",,
2025-12-07 17:00:00+08:00,26.1875,252.0055,4,7.511209,0,0,0,0,TRUE,TRUE,FALSE,FALSE,"['Temperature', 'TDS']",,
2025-12-07 17:15:00+08:00,26.1875,252.0055,4,7.511209,0,0,0,0,TRUE,TRUE,FALSE,FALSE,"['Temperature', 'TDS']",,
2025-12-07 17:30:00+08:00,26.1875,252.0055,4,7.511209,0,0,0,0,TRUE,TRUE,FALSE,FALSE,"['Temperature', 'TDS']",,
2025-12-07 17:45:00+08:00,26.1875,252.0055,4,7.54022,0,0,0,0.000168328,TRUE,TRUE,FALSE,FALSE,"['Temperature', 'TDS']",,
2025-12-07 18:00:00+08:00,26.1875,252.0055,4,7.53055,0,0,0,0.000187032,TRUE,TRUE,FALSE,FALSE,"['Temperature', 'TDS']",,
2025-12-07 18:15:00+08:00,26.1875,252.0055,4,7.53055,0,0,0,0.00016833,TRUE,TRUE,FALSE,FALSE,"['Temperature', 'TDS']",,
2025-12-07 18:30:00+08:00,26.1875,252.0055,4,7.53055,0,0,0,0.000112219,TRUE,TRUE,FALSE,FALSE,"['Temperature', 'TDS']",,
2025-12-07 18:45:00+08:00,26.1875,252.0055,4,7.53055,0,0,0,1.87E-05,TRUE,TRUE,FALSE,FALSE,"['Temperature', 'TDS']",,
2025-12-07 19:00:00+08:00,26.1875,252.0055,4,7.53055,0,0,0,0,TRUE,TRUE,FALSE,FALSE,"['Temperature', 'TDS']",,
2025-12-07 19:15:00+08:00,26.1875,252.0055,4,7.53055,0,0,0,0,TRUE,TRUE,FALSE,FALSE,"['Temperature', 'TDS']",,
2025-12-07 19:30:00+08:00,26.1875,252.0055,4,7.53055,0,0,0,0,TRUE,TRUE,FALSE,FALSE,"['Temperature', 'TDS']",,
2025-12-07 19:45:00+08:00,26.1875,252.0055,4,7.53055,0,0,0,0,TRUE,TRUE,FALSE,FALSE,"['Temperature', 'TDS']",,
2025-12-07 20:00:00+08:00,26.1875,252.0055,4,7.53055,0,0,0,0,TRUE,TRUE,FALSE,FALSE,"['Temperature', 'TDS']",,
2025-12-07 20:15:00+08:00,26.1875,252.0055,4,7.53055,0,0,0,0,TRUE,TRUE,FALSE,FALSE,"['Temperature', 'TDS']",,
2025-12-07 20:30:00+08:00,26.1875,252.0055,4,7.53055,0,0,0,0,TRUE,TRUE,FALSE,FALSE,"['Temperature', 'TDS']",,
2025-12-07 20:45:00+08:00,26.1875,252.0055,4,7.53055,0,0,0,0,TRUE,TRUE,FALSE,FALSE,"['Temperature', 'TDS']",,
2025-12-07 21:00:00+08:00,26.1875,252.0055,4,7.53055,0,0,0,0,TRUE,TRUE,FALSE,FALSE,"['Temperature', 'TDS']",,
2025-12-07 21:15:00+08:00,26.1875,252.0055,4,7.53055,0,0,0,0,TRUE,TRUE,FALSE,FALSE,"['Temperature', 'TDS']",,
2025-12-07 21:30:00+08:00,26.1875,252.0055,4,7.53055,0,0,0,0,TRUE,TRUE,FALSE,FALSE,"['Temperature', 'TDS']",,
2025-12-07 21:45:00+08:00,26.1875,252.0055,4,7.53055,0,0,0,0,TRUE,TRUE,FALSE,FALSE,"['Temperature', 'TDS']",,
2025-12-07 22:00:00+08:00,26.1875,252.0055,4,7.53055,0,0,0,0,TRUE,TRUE,FALSE,FALSE,"['Temperature', 'TDS']",,
2025-12-07 22:15:00+08:00,26.1875,252.0055,4,7.53055,0,0,0,0,TRUE,TRUE,FALSE,FALSE,"['Temperature', 'TDS']",,
2025-12-07 22:30:00+08:00,26.1875,252.0055,4,7.53055,0,0,0,0,TRUE,TRUE,FALSE,FALSE,"['Temperature', 'TDS']",,
2025-12-07 22:45:00+08:00,26.1875,252.0055,4,7.53055,0,0,0,0,TRUE,TRUE,FALSE,FALSE,"['Temperature', 'TDS']",,
2025-12-07 23:00:00+08:00,26.1875,252.0055,4,7.53055,0,0,0,0,TRUE,TRUE,FALSE,FALSE,"['Temperature', 'TDS']",,
2025-12-07 23:15:00+08:00,26.1875,252.0055,4,7.53055,0,0,0,0,TRUE,TRUE,FALSE,FALSE,"['Temperature', 'TDS']",,
2025-12-07 23:30:00+08:00,26.1875,252.0055,4,7.53055,0,0,0,0,TRUE,TRUE,FALSE,FALSE,"['Temperature', 'TDS']",,
2025-12-07 23:45:00+08:00,26.1875,252.0055,4,7.53055,0,0,0,0,TRUE,TRUE,FALSE,FALSE,"['Temperature', 'TDS']",,
2025-12-08 00:00:00+08:00,26.1875,252.0055,4,7.53055,0,0,0,0,TRUE,TRUE,FALSE,FALSE,"['Temperature', 'TDS']",,
2025-12-08 00:15:00+08:00,26.1875,252.0055,4,7.53055,0,0,0,0,TRUE,TRUE,FALSE,FALSE,"['Temperature', 'TDS']",,
2025-12-08 00:30:00+08:00,26.1875,252.0055,4,7.53055,0,0,0,0,TRUE,TRUE,FALSE,FALSE,"['Temperature', 'TDS']",,
2025-12-08 00:45:00+08:00,26.1875,252.0055,4,7.53055,0,0,0,0,TRUE,TRUE,FALSE,FALSE,"['Temperature', 'TDS']",,
2025-12-08 01:00:00+08:00,26.1875,252.0055,4,7.53055,0,0,0,0,TRUE,TRUE,FALSE,FALSE,"['Temperature', 'TDS']",,
2025-12-08 01:15:00+08:00,26.1875,252.0055,4,7.53055,0,0,0,0,TRUE,TRUE,FALSE,FALSE,"['Temperature', 'TDS']",,
2025-12-08 01:30:00+08:00,26.1875,252.0055,4,7.53055,0,0,0,0,TRUE,TRUE,FALSE,FALSE,"['Temperature', 'TDS']",,
2025-12-08 01:45:00+08:00,26.1875,252.0055,4,7.53055,0,0,0,0,TRUE,TRUE,FALSE,FALSE,"['Temperature', 'TDS']",,
2025-12-08 02:00:00+08:00,26.1875,252.0055,4,7.53055,0,0,0,0,TRUE,TRUE,FALSE,FALSE,"['Temperature', 'TDS']",,
2025-12-08 02:15:00+08:00,26.1875,252.0055,4,7.53055,0,0,0,0,TRUE,TRUE,FALSE,FALSE,"['Temperature', 'TDS']",,
2025-12-08 02:30:00+08:00,26.1875,252.0055,4,7.53055,0,0,0,0,TRUE,TRUE,FALSE,FALSE,"['Temperature', 'TDS']",,
2025-12-08 02:45:00+08:00,26.1875,252.0055,4,7.53055,0,0,0,0,TRUE,TRUE,FALSE,FALSE,"['Temperature', 'TDS']",,
2025-12-08 03:00:00+08:00,26.1875,252.0055,4,7.53055,0,0,0,0,TRUE,TRUE,FALSE,FALSE,"['Temperature', 'TDS']",,
2025-12-08 03:15:00+08:00,26.1875,252.0055,4,7.53055,0,0,0,0,TRUE,TRUE,FALSE,FALSE,"['Temperature', 'TDS']",,
2025-12-08 03:30:00+08:00,26.1875,252.0055,4,7.53055,0,0,0,0,TRUE,TRUE,FALSE,FALSE,"['Temperature', 'TDS']",,
2025-12-08 03:45:00+08:00,26.1875,252.0055,4,7.53055,0,0,0,0,TRUE,TRUE,FALSE,FALSE,"['Temperature', 'TDS']",,
2025-12-08 04:00:00+08:00,26.1875,252.0055,4,7.53055,0,0,0,0,TRUE,TRUE,FALSE,FALSE,"['Temperature', 'TDS']",,
2025-12-08 04:15:00+08:00,26.1875,252.0055,4,7.53055,0,0,0,0,TRUE,TRUE,FALSE,FALSE,"['Temperature', 'TDS']",,
2025-12-08 04:30:00+08:00,26.1875,252.0055,4,7.53055,0,0,0,0,TRUE,TRUE,FALSE,FALSE,"['Temperature', 'TDS']",,
2025-12-08 04:45:00+08:00,26.1875,252.0055,4,7.53055,0,0,0,0,TRUE,TRUE,FALSE,FALSE,"['Temperature', 'TDS']",,
2025-12-08 05:00:00+08:00,26.1875,252.0055,4,7.53055,0,0,0,0,TRUE,TRUE,FALSE,FALSE,"['Temperature', 'TDS']",,
2025-12-08 05:15:00+08:00,26.1875,252.0055,4,7.53055,0,0,0,0,TRUE,TRUE,FALSE,FALSE,"['Temperature', 'TDS']",,
2025-12-08 05:30:00+08:00,26.1875,252.0055,4,7.53055,0,0,0,0,TRUE,TRUE,FALSE,FALSE,"['Temperature', 'TDS']",,
2025-12-08 05:45:00+08:00,26.1875,252.0055,4,7.53055,0,0,0,0,TRUE,TRUE,FALSE,FALSE,"['Temperature', 'TDS']",,
2025-12-08 06:00:00+08:00,26.1875,252.0055,4,7.53055,0,0,0,0,TRUE,TRUE,FALSE,FALSE,"['Temperature', 'TDS']",,
2025-12-08 06:15:00+08:00,26.1875,252.0055,4,7.53055,0,0,0,0,TRUE,TRUE,FALSE,FALSE,"['Temperature', 'TDS']",,
2025-12-08 06:30:00+08:00,26.1875,252.0055,4,7.53055,0,0,0,0,TRUE,TRUE,FALSE,FALSE,"['Temperature', 'TDS']",,
2025-12-08 06:45:00+08:00,26.1875,252.0055,4,7.53055,0,0,0,0,TRUE,TRUE,FALSE,FALSE,"['Temperature', 'TDS']",,
2025-12-08 07:00:00+08:00,26.1875,252.0055,4,7.53055,0,0,0,0,TRUE,TRUE,FALSE,FALSE,"['Temperature', 'TDS']",,
2025-12-08 07:15:00+08:00,26.1875,252.0055,4,7.53055,0,0,0,0,TRUE,TRUE,FALSE,FALSE,"['Temperature', 'TDS']",,
2025-12-08 07:30:00+08:00,26.1875,252.0055,4,7.53055,0,0,0,0,TRUE,TRUE,FALSE,FALSE,"['Temperature', 'TDS']",,
2025-12-08 07:45:00+08:00,26.1875,252.0055,4,7.53055,0,0,0,0,TRUE,TRUE,FALSE,FALSE,"['Temperature', 'TDS']",,
2025-12-08 08:00:00+08:00,26.1875,252.0055,4,7.53055,0,0,0,0,TRUE,TRUE,FALSE,FALSE,"['Temperature', 'TDS']",,
2025-12-08 08:15:00+08:00,26.1875,252.0055,4,7.53055,0,0,0,0,TRUE,TRUE,FALSE,FALSE,"['Temperature', 'TDS']",,
2025-12-08 08:30:00+08:00,25.875,257.8495,4,7.525714,-0.000347222,4.6752,0,4.68E-06,FALSE,FALSE,FALSE,FALSE,['Normal'],-1,Outlier
2025-12-08 08:45:00+08:00,25.875,257.8495,4,7.525714,0,3.5064,0,7.02E-06,FALSE,FALSE,FALSE,FALSE,['Normal'],1,Inlier
2025-12-08 09:00:00+08:00,25.875,257.5743,4,7.535385,0,2.11744,0,1.64E-05,FALSE,FALSE,FALSE,FALSE,['Normal'],1,Inlier
2025-12-08 09:15:00+08:00,25.875,257.5743,4,7.535385,0,1.00368,0,2.34E-05,FALSE,FALSE,FALSE,FALSE,['Normal'],1,Inlier
2025-12-08 09:30:00+08:00,25.875,257.5743,4,7.535385,0,-0.11008,0,2.81E-05,FALSE,FALSE,FALSE,FALSE,['Normal'],1,Inlier
2025-12-08 09:45:00+08:00,25.875,257.5743,4,7.535385,0,-0.05504,0,1.87E-05,FALSE,FALSE,FALSE,FALSE,['Normal'],1,Inlier
2025-12-08 10:00:00+08:00,25.875,257.5743,4,7.535385,0,0,0,0,FALSE,FALSE,FALSE,FALSE,['Normal'],1,Inlier
2025-12-08 10:15:00+08:00,25.875,257.5743,4,7.535385,0,0,0,0,FALSE,FALSE,FALSE,FALSE,['Normal'],1,Inlier
2025-12-08 10:30:00+08:00,25.875,257.5743,4,7.535385,0,0,0,0,FALSE,FALSE,FALSE,FALSE,['Normal'],1,Inlier
2025-12-08 10:45:00+08:00,25.875,257.5743,4,7.535385,0,0,0,0,FALSE,FALSE,FALSE,FALSE,['Normal'],1,Inlier
2025-12-08 11:00:00+08:00,25.875,257.5743,4,7.535385,0,0,0,0,FALSE,FALSE,FALSE,FALSE,['Normal'],1,Inlier
2025-12-08 11:15:00+08:00,25.875,257.5743,4,7.535385,0,0,0,0,FALSE,FALSE,FALSE,FALSE,['Normal'],1,Inlier
2025-12-08 11:30:00+08:00,25.875,257.5743,4,7.535385,0,0,0,0,FALSE,FALSE,FALSE,FALSE,['Normal'],1,Inlier
2025-12-08 11:45:00+08:00,25.875,257.5743,4,7.535385,0,0,0,0,FALSE,FALSE,FALSE,FALSE,['Normal'],1,Inlier
2025-12-08 12:00:00+08:00,25.875,257.5743,4,7.535385,0,0,0,0,FALSE,FALSE,FALSE,FALSE,['Normal'],1,Inlier
2025-12-08 12:15:00+08:00,25.875,257.5743,4,7.535385,0,0,0,0,FALSE,FALSE,FALSE,FALSE,['Normal'],1,Inlier
2025-12-08 12:30:00+08:00,25.875,257.5743,4,7.535385,0,0,0,0,FALSE,FALSE,FALSE,FALSE,['Normal'],1,Inlier
2025-12-08 12:45:00+08:00,25.875,257.5743,4,7.535385,0,0,0,0,FALSE,FALSE,FALSE,FALSE,['Normal'],1,Inlier
2025-12-08 13:00:00+08:00,25.875,257.5743,4,7.535385,0,0,0,0,FALSE,FALSE,FALSE,FALSE,['Normal'],1,Inlier
2025-12-08 13:15:00+08:00,25.875,257.5743,4,7.535385,0,0,0,0,FALSE,FALSE,FALSE,FALSE,['Normal'],1,Inlier
2025-12-08 13:30:00+08:00,25.875,257.5743,4,7.535385,0,0,0,0,FALSE,FALSE,FALSE,FALSE,['Normal'],1,Inlier
2025-12-08 13:45:00+08:00,25.875,257.5743,4,7.535385,0,0,0,0,FALSE,FALSE,FALSE,FALSE,['Normal'],1,Inlier
2025-12-08 14:00:00+08:00,25.875,257.5743,4,7.535385,0,0,0,0,FALSE,FALSE,FALSE,FALSE,['Normal'],1,Inlier
2025-12-08 14:15:00+08:00,25.875,257.5743,4,7.535385,0,0,0,0,FALSE,FALSE,FALSE,FALSE,['Normal'],1,Inlier
2025-12-08 14:30:00+08:00,25.875,257.5743,4,7.535385,0,0,0,0,FALSE,FALSE,FALSE,FALSE,['Normal'],1,Inlier
2025-12-08 14:45:00+08:00,25.875,257.5743,4,7.535385,0,0,0,0,FALSE,FALSE,FALSE,FALSE,['Normal'],1,Inlier
2025-12-08 15:00:00+08:00,25.875,257.5743,4,7.535385,0,0,0,0,FALSE,FALSE,FALSE,FALSE,['Normal'],1,Inlier
2025-12-08 15:15:00+08:00,25.875,257.5743,4,7.535385,0,0,0,0,FALSE,FALSE,FALSE,FALSE,['Normal'],1,Inlier
2025-12-08 15:30:00+08:00,25.875,257.5743,4,7.535385,0,0,0,0,FALSE,FALSE,FALSE,FALSE,['Normal'],1,Inlier
2025-12-08 15:45:00+08:00,25.875,257.5743,4,7.535385,0,0,0,0,FALSE,FALSE,FALSE,FALSE,['Normal'],1,Inlier
2025-12-08 16:00:00+08:00,25.875,257.5743,4,7.535385,0,0,0,0,FALSE,FALSE,FALSE,FALSE,['Normal'],1,Inlier
2025-12-08 16:15:00+08:00,25.875,257.5743,4,7.535385,0,0,0,0,FALSE,FALSE,FALSE,FALSE,['Normal'],1,Inlier
2025-12-08 16:30:00+08:00,25.875,257.5743,4,7.535385,0,0,0,0,FALSE,FALSE,FALSE,FALSE,['Normal'],1,Inlier
2025-12-08 16:45:00+08:00,25.875,257.5743,4,7.535385,0,0,0,0,FALSE,FALSE,FALSE,FALSE,['Normal'],1,Inlier
2025-12-08 17:00:00+08:00,25.875,257.5743,4,7.535385,0,0,0,0,FALSE,FALSE,FALSE,FALSE,['Normal'],1,Inlier
2025-12-08 17:15:00+08:00,25.875,257.5743,4,7.535385,0,0,0,0,FALSE,FALSE,FALSE,FALSE,['Normal'],1,Inlier
2025-12-08 17:30:00+08:00,25.875,257.5743,4,7.535385,0,0,0,0,FALSE,FALSE,FALSE,FALSE,['Normal'],1,Inlier
2025-12-08 17:45:00+08:00,25.875,257.5743,4,7.472528,0,0,0,0.0007902,TRUE,TRUE,FALSE,FALSE,"['Temperature', 'TDS']",,
2025-12-08 18:00:00+08:00,25.875,257.5743,4,7.54022,0,0,0,0.000825267,TRUE,TRUE,FALSE,FALSE,"['Temperature', 'TDS']",,
2025-12-08 18:15:00+08:00,25.875,257.5743,4,7.54022,0,0,0,0.000857996,TRUE,TRUE,FALSE,FALSE,"['Temperature', 'TDS']",,
2025-12-08 18:30:00+08:00,25.875,257.5743,4,7.54022,0,0,0,0.000888388,TRUE,TRUE,FALSE,FALSE,"['Temperature', 'TDS']",,
2025-12-08 18:45:00+08:00,25.875,257.5743,4,7.54022,0,0,0,0.000916441,TRUE,TRUE,FALSE,FALSE,"['Temperature', 'TDS']",,
2025-12-08 19:00:00+08:00,25.875,257.5743,4,7.54022,0,0,0,0,TRUE,TRUE,FALSE,FALSE,"['Temperature', 'TDS']",,
2025-12-08 19:15:00+08:00,25.875,257.5743,4,7.54022,0,0,0,0,TRUE,TRUE,FALSE,FALSE,"['Temperature', 'TDS']",,
2025-12-08 19:30:00+08:00,25.875,257.5743,4,7.54022,0,0,0,0,TRUE,TRUE,FALSE,FALSE,"['Temperature', 'TDS']",,
2025-12-08 19:45:00+08:00,25.875,257.5743,4,7.54022,0,0,0,0,TRUE,TRUE,FALSE,FALSE,"['Temperature', 'TDS']",,
2025-12-08 20:00:00+08:00,25.875,257.5743,4,7.54022,0,0,0,0,TRUE,TRUE,FALSE,FALSE,"['Temperature', 'TDS']",,
2025-12-08 20:15:00+08:00,25.875,257.5743,4,7.54022,0,0,0,0,TRUE,TRUE,FALSE,FALSE,"['Temperature', 'TDS']",,
2025-12-08 20:30:00+08:00,25.875,257.5743,4,7.54022,0,0,0,0,TRUE,TRUE,FALSE,FALSE,"['Temperature', 'TDS']",,
2025-12-08 20:45:00+08:00,25.875,257.5743,4,7.54022,0,0,0,0,TRUE,TRUE,FALSE,FALSE,"['Temperature', 'TDS']",,
2025-12-08 21:00:00+08:00,25.875,257.5743,4,7.54022,0,0,0,0,TRUE,TRUE,FALSE,FALSE,"['Temperature', 'TDS']",,
2025-12-08 21:15:00+08:00,25.875,257.5743,4,7.54022,0,0,0,0,TRUE,TRUE,FALSE,FALSE,"['Temperature', 'TDS']",,
2025-12-08 21:30:00+08:00,25.875,257.5743,4,7.54022,0,0,0,0,TRUE,TRUE,FALSE,FALSE,"['Temperature', 'TDS']",,
2025-12-08 21:45:00+08:00,25.875,257.5743,4,7.54022,0,0,0,0,TRUE,TRUE,FALSE,FALSE,"['Temperature', 'TDS']",,
2025-12-08 22:00:00+08:00,25.875,257.5743,4,7.54022,0,0,0,0,TRUE,TRUE,FALSE,FALSE,"['Temperature', 'TDS']",,
2025-12-08 22:15:00+08:00,25.875,257.5743,4,7.54022,0,0,0,0,TRUE,TRUE,FALSE,FALSE,"['Temperature', 'TDS']",,
2025-12-08 22:30:00+08:00,25.875,257.5743,4,7.54022,0,0,0,0,TRUE,TRUE,FALSE,FALSE,"['Temperature', 'TDS']",,
2025-12-08 22:45:00+08:00,25.875,257.5743,4,7.54022,0,0,0,0,TRUE,TRUE,FALSE,FALSE,"['Temperature', 'TDS']",,
2025-12-08 23:00:00+08:00,25.875,257.5743,4,7.54022,0,0,0,0,TRUE,TRUE,FALSE,FALSE,"['Temperature', 'TDS']",,
2025-12-09 22:45:00+08:00,25.875,257.5743,4,7.545055,0,0,0,4.68E-06,TRUE,TRUE,FALSE,FALSE,"['Temperature', 'TDS']",,
2025-12-09 23:00:00+08:00,25.875,257.5743,4,7.545055,0,0,0,7.01E-06,TRUE,TRUE,FALSE,FALSE,"['Temperature', 'TDS']",,
2025-12-09 23:15:00+08:00,25.875,257.5743,4,7.545055,0,0,0,7.01E-06,TRUE,TRUE,FALSE,FALSE,"['Temperature', 'TDS']",,
2025-12-09 23:30:00+08:00,25.875,257.5743,4,7.545055,0,0,0,4.68E-06,TRUE,TRUE,FALSE,FALSE,"['Temperature', 'TDS']",,
2025-12-09 23:45:00+08:00,25.875,257.5743,4,7.545055,0,0,0,0,TRUE,TRUE,FALSE,FALSE,"['Temperature', 'TDS']",,
2025-12-10 00:00:00+08:00,25.875,257.5743,4,7.545055,0,0,0,0,TRUE,TRUE,FALSE,FALSE,"['Temperature', 'TDS']",,
2025-12-10 00:15:00+08:00,25.875,257.5743,4,7.545055,0,0,0,0,TRUE,TRUE,FALSE,FALSE,"['Temperature', 'TDS']",,
2025-12-10 00:30:00+08:00,25.875,257.5743,4,7.545055,0,0,0,0,TRUE,TRUE,FALSE,FALSE,"['Temperature', 'TDS']",,
2025-12-10 00:45:00+08:00,25.875,257.5743,4,7.545055,0,0,0,0,TRUE,TRUE,FALSE,FALSE,"['Temperature', 'TDS']",,
2025-12-10 01:00:00+08:00,25.875,257.5743,4,7.545055,0,0,0,0,TRUE,TRUE,FALSE,FALSE,"['Temperature', 'TDS']",,
2025-12-10 01:15:00+08:00,25.875,257.5743,4,7.545055,0,0,0,0,TRUE,TRUE,FALSE,FALSE,"['Temperature', 'TDS']",,
2025-12-10 01:30:00+08:00,25.875,257.5743,4,7.545055,0,0,0,0,TRUE,TRUE,FALSE,FALSE,"['Temperature', 'TDS']",,
2025-12-10 01:45:00+08:00,25.875,257.5743,4,7.545055,0,0,0,0,TRUE,TRUE,FALSE,FALSE,"['Temperature', 'TDS']",,
2025-12-10 02:00:00+08:00,25.875,257.5743,4,7.545055,0,0,0,0,TRUE,TRUE,FALSE,FALSE,"['Temperature', 'TDS']",,
2025-12-10 02:15:00+08:00,25.875,257.5743,4,7.545055,0,0,0,0,TRUE,TRUE,FALSE,FALSE,"['Temperature', 'TDS']",,
2025-12-10 02:30:00+08:00,25.875,257.5743,4,7.545055,0,0,0,0,TRUE,TRUE,FALSE,FALSE,"['Temperature', 'TDS']",,
2025-12-10 02:45:00+08:00,25.875,257.5743,4,7.545055,0,0,0,0,TRUE,TRUE,FALSE,FALSE,"['Temperature', 'TDS']",,
2025-12-10 03:00:00+08:00,25.875,257.5743,4,7.545055,0,0,0,0,TRUE,TRUE,FALSE,FALSE,"['Temperature', 'TDS']",,
2025-12-10 03:15:00+08:00,25.875,257.5743,4,7.545055,0,0,0,0,TRUE,TRUE,FALSE,FALSE,"['Temperature', 'TDS']",,
2025-12-10 03:30:00+08:00,25.875,257.5743,4,7.545055,0,0,0,0,TRUE,TRUE,FALSE,FALSE,"['Temperature', 'TDS']",,
2025-12-10 03:45:00+08:00,25.875,257.5743,4,7.545055,0,0,0,0,TRUE,TRUE,FALSE,FALSE,"['Temperature', 'TDS']",,
2025-12-10 04:00:00+08:00,25.875,257.5743,4,7.545055,0,0,0,0,TRUE,TRUE,FALSE,FALSE,"['Temperature', 'TDS']",,
2025-12-10 04:15:00+08:00,25.875,257.5743,4,7.545055,0,0,0,0,TRUE,TRUE,FALSE,FALSE,"['Temperature', 'TDS']",,
2025-12-10 04:30:00+08:00,25.875,257.5743,4,7.545055,0,0,0,0,TRUE,TRUE,FALSE,FALSE,"['Temperature', 'TDS']",,
2025-12-10 04:45:00+08:00,25.875,257.5743,4,7.545055,0,0,0,0,TRUE,TRUE,FALSE,FALSE,"['Temperature', 'TDS']",,
2025-12-10 05:00:00+08:00,25.875,257.5743,4,7.545055,0,0,0,0,TRUE,TRUE,FALSE,FALSE,"['Temperature', 'TDS']",,
2025-12-10 05:15:00+08:00,25.875,257.5743,4,7.545055,0,0,0,0,TRUE,TRUE,FALSE,FALSE,"['Temperature', 'TDS']",,
2025-12-10 05:30:00+08:00,25.875,257.5743,4,7.545055,0,0,0,0,TRUE,TRUE,FALSE,FALSE,"['Temperature', 'TDS']",,
2025-12-10 05:45:00+08:00,25.875,257.5743,4,7.545055,0,0,0,0,TRUE,TRUE,FALSE,FALSE,"['Temperature', 'TDS']",,
2025-12-10 06:00:00+08:00,25.875,257.5743,4,7.545055,0,0,0,0,TRUE,TRUE,FALSE,FALSE,"['Temperature', 'TDS']",,
2025-12-10 06:15:00+08:00,25.875,257.5743,4,7.545055,0,0,0,0,TRUE,TRUE,FALSE,FALSE,"['Temperature', 'TDS']",,
2025-12-10 06:30:00+08:00,25.875,257.5743,4,7.545055,0,0,0,0,TRUE,TRUE,FALSE,FALSE,"['Temperature', 'TDS']",,
2025-12-10 06:45:00+08:00,25.875,257.5743,4,7.545055,0,0,0,0,TRUE,TRUE,FALSE,FALSE,"['Temperature', 'TDS']",,
2025-12-10 07:00:00+08:00,25.875,257.5743,4,7.545055,0,0,0,0,TRUE,TRUE,FALSE,FALSE,"['Temperature', 'TDS']",,
2025-12-10 07:15:00+08:00,25.875,257.5743,4,7.545055,0,0,0,0,TRUE,TRUE,FALSE,FALSE,"['Temperature', 'TDS']",,
2025-12-10 07:30:00+08:00,25.875,257.5743,4,7.545055,0,0,0,0,TRUE,TRUE,FALSE,FALSE,"['Temperature', 'TDS']",,
2025-12-10 07:45:00+08:00,25.875,257.5743,4,7.545055,0,0,0,0,TRUE,TRUE,FALSE,FALSE,"['Temperature', 'TDS']",,
2025-12-10 08:00:00+08:00,25.875,257.5743,4,7.545055,0,0,0,0,TRUE,TRUE,FALSE,FALSE,"['Temperature', 'TDS']",,
2025-12-10 08:15:00+08:00,25.875,257.5743,4,7.545055,0,0,0,0,TRUE,TRUE,FALSE,FALSE,"['Temperature', 'TDS']",,
2025-12-10 08:30:00+08:00,25.875,257.5743,4,7.511209,0,0,0,0.00022911,TRUE,TRUE,FALSE,FALSE,"['Temperature', 'TDS']",,
2025-12-10 08:45:00+08:00,25.875,257.5743,4,7.511209,0,0,0,0.000343666,TRUE,TRUE,FALSE,FALSE,"['Temperature', 'TDS']",,
2025-12-10 09:00:00+08:00,25.625,257.9325,4,7.535385,-0.000277778,0.28656,0,0.000296909,FALSE,FALSE,FALSE,FALSE,['Normal'],1,Inlier
2025-12-10 09:15:00+08:00,25.625,257.9325,4,7.535385,0,0.21492,0,0.000240802,FALSE,FALSE,FALSE,FALSE,['Normal'],1,Inlier
2025-12-10 09:30:00+08:00,25.625,257.9325,4,7.535385,0,0.14328,0,0.000175344,FALSE,FALSE,FALSE,FALSE,['Normal'],1,Inlier
2025-12-10 09:45:00+08:00,25.625,257.9325,4,7.535385,0,0.07164,0,0.000116896,FALSE,FALSE,FALSE,FALSE,['Normal'],1,Inlier
2025-12-10 10:00:00+08:00,25.625,257.9325,4,7.535385,0,0,0,0,FALSE,FALSE,FALSE,FALSE,['Normal'],1,Inlier
2025-12-10 10:15:00+08:00,25.625,257.9325,4,7.535385,0,0,0,0,FALSE,FALSE,FALSE,FALSE,['Normal'],1,Inlier
2025-12-10 10:30:00+08:00,25.625,257.9325,4,7.535385,0,0,0,0,FALSE,FALSE,FALSE,FALSE,['Normal'],1,Inlier
2025-12-10 10:45:00+08:00,25.625,257.9325,4,7.535385,0,0,0,0,FALSE,FALSE,FALSE,FALSE,['Normal'],1,Inlier
2025-12-10 11:00:00+08:00,25.625,257.9325,4,7.535385,0,0,0,0,FALSE,FALSE,FALSE,FALSE,['Normal'],1,Inlier
2025-12-10 11:15:00+08:00,25.625,257.9325,4,7.535385,0,0,0,0,FALSE,FALSE,FALSE,FALSE,['Normal'],1,Inlier
2025-12-10 11:30:00+08:00,25.625,257.9325,4,7.535385,0,0,0,0,FALSE,FALSE,FALSE,FALSE,['Normal'],1,Inlier
2025-12-10 11:45:00+08:00,25.625,257.9325,4,7.535385,0,0,0,0,FALSE,FALSE,FALSE,FALSE,['Normal'],1,Inlier
2025-12-10 12:00:00+08:00,25.625,257.9325,4,7.535385,0,0,0,0,FALSE,FALSE,FALSE,FALSE,['Normal'],1,Inlier
2025-12-10 12:15:00+08:00,25.625,257.9325,4,7.535385,0,0,0,0,FALSE,FALSE,FALSE,FALSE,['Normal'],1,Inlier
2025-12-10 12:30:00+08:00,25.625,257.9325,4,7.535385,0,0,0,0,FALSE,FALSE,FALSE,FALSE,['Normal'],1,Inlier
2025-12-10 12:45:00+08:00,25.625,257.9325,4,7.535385,0,0,0,0,FALSE,FALSE,FALSE,FALSE,['Normal'],1,Inlier
2025-12-10 13:00:00+08:00,25.625,257.9325,4,7.535385,0,0,0,0,FALSE,FALSE,FALSE,FALSE,['Normal'],1,Inlier
2025-12-10 13:15:00+08:00,25.625,257.9325,4,7.535385,0,0,0,0,FALSE,FALSE,FALSE,FALSE,['Normal'],1,Inlier
2025-12-10 13:30:00+08:00,25.625,257.9325,4,7.535385,0,0,0,0,FALSE,FALSE,FALSE,FALSE,['Normal'],1,Inlier
2025-12-10 13:45:00+08:00,25.625,257.9325,4,7.535385,0,0,0,0,FALSE,FALSE,FALSE,FALSE,['Normal'],1,Inlier
2025-12-10 14:00:00+08:00,25.625,257.9325,4,7.535385,0,0,0,0,FALSE,FALSE,FALSE,FALSE,['Normal'],1,Inlier
2025-12-10 14:15:00+08:00,25.625,257.9325,4,7.535385,0,0,0,0,FALSE,FALSE,FALSE,FALSE,['Normal'],1,Inlier
2025-12-10 14:30:00+08:00,25.625,257.9325,4,7.535385,0,0,0,0,FALSE,FALSE,FALSE,FALSE,['Normal'],1,Inlier
2025-12-10 14:45:00+08:00,25.625,257.9325,4,7.535385,0,0,0,0,FALSE,FALSE,FALSE,FALSE,['Normal'],1,Inlier
2025-12-10 15:00:00+08:00,25.625,257.9325,4,7.535385,0,0,0,0,FALSE,FALSE,FALSE,FALSE,['Normal'],1,Inlier
2025-12-10 15:15:00+08:00,25.625,257.9325,4,7.535385,0,0,0,0,FALSE,FALSE,FALSE,FALSE,['Normal'],1,Inlier
2025-12-10 15:30:00+08:00,25.625,257.9325,4,7.535385,0,0,0,0,FALSE,FALSE,FALSE,FALSE,['Normal'],1,Inlier
2025-12-10 15:45:00+08:00,25.625,257.9325,4,7.535385,0,0,0,0,FALSE,FALSE,FALSE,FALSE,['Normal'],1,Inlier
2025-12-10 16:00:00+08:00,25.625,257.9325,4,7.535385,0,0,0,0,FALSE,FALSE,FALSE,FALSE,['Normal'],1,Inlier
2025-12-10 16:15:00+08:00,25.625,257.9325,4,7.535385,0,0,0,0,FALSE,FALSE,FALSE,FALSE,['Normal'],1,Inlier
2025-12-10 16:30:00+08:00,25.625,257.9325,4,7.535385,0,0,0,0,FALSE,FALSE,FALSE,FALSE,['Normal'],1,Inlier
2025-12-10 16:45:00+08:00,25.625,257.9325,4,7.535385,0,0,0,0,FALSE,FALSE,FALSE,FALSE,['Normal'],1,Inlier
2025-12-10 17:00:00+08:00,25.625,257.9325,4,7.535385,0,0,0,0,FALSE,FALSE,FALSE,FALSE,['Normal'],1,Inlier
2025-12-10 17:15:00+08:00,25.625,257.9325,4,7.535385,0,0,0,0,FALSE,FALSE,FALSE,FALSE,['Normal'],1,Inlier
2025-12-10 17:30:00+08:00,25.625,257.9325,4,7.535385,0,0,0,0,FALSE,FALSE,FALSE,FALSE,['Normal'],1,Inlier
2025-12-10 17:45:00+08:00,25.625,257.9325,4,7.545055,0,0,0,1.87E-05,TRUE,TRUE,FALSE,FALSE,"['Temperature', 'TDS']",,
2025-12-10 18:00:00+08:00,25.625,257.9325,4,7.525714,0,0,0,4.68E-05,TRUE,TRUE,FALSE,FALSE,"['Temperature', 'TDS']",,
2025-12-10 18:15:00+08:00,25.625,257.9325,4,7.525714,0,0,0,6.55E-05,TRUE,TRUE,FALSE,FALSE,"['Temperature', 'TDS']",,
2025-12-10 18:30:00+08:00,25.625,257.9325,4,7.525714,0,0,0,7.48E-05,TRUE,TRUE,FALSE,FALSE,"['Temperature', 'TDS']",,
2025-12-10 18:45:00+08:00,25.625,257.9325,4,7.525714,0,0,0,7.48E-05,TRUE,TRUE,FALSE,FALSE,"['Temperature', 'TDS']",,
2025-12-10 19:00:00+08:00,25.625,257.9325,4,7.525714,0,0,0,0,TRUE,TRUE,FALSE,FALSE,"['Temperature', 'TDS']",,
2025-12-10 19:15:00+08:00,25.625,257.9325,4,7.525714,0,0,0,0,TRUE,TRUE,FALSE,FALSE,"['Temperature', 'TDS']",,
2025-12-10 19:30:00+08:00,25.625,257.9325,4,7.525714,0,0,0,0,TRUE,TRUE,FALSE,FALSE,"['Temperature', 'TDS']",,
2025-12-10 19:45:00+08:00,25.625,257.9325,4,7.525714,0,0,0,0,TRUE,TRUE,FALSE,FALSE,"['Temperature', 'TDS']",,
2025-12-10 20:00:00+08:00,25.625,257.9325,4,7.525714,0,0,0,0,TRUE,TRUE,FALSE,FALSE,"['Temperature', 'TDS']",,
2025-12-10 20:15:00+08:00,25.625,257.9325,4,7.525714,0,0,0,0,TRUE,TRUE,FALSE,FALSE,"['Temperature', 'TDS']",,
2025-12-10 20:30:00+08:00,25.625,257.9325,4,7.525714,0,0,0,0,TRUE,TRUE,FALSE,FALSE,"['Temperature', 'TDS']",,
2025-12-10 20:45:00+08:00,25.625,257.9325,4,7.525714,0,0,0,0,TRUE,TRUE,FALSE,FALSE,"['Temperature', 'TDS']",,
2025-12-10 21:00:00+08:00,25.625,257.9325,4,7.525714,0,0,0,0,TRUE,TRUE,FALSE,FALSE,"['Temperature', 'TDS']",,
2025-12-10 21:15:00+08:00,25.625,257.9325,4,7.525714,0,0,0,0,TRUE,TRUE,FALSE,FALSE,"['Temperature', 'TDS']",,
2025-12-10 21:30:00+08:00,25.625,257.9325,4,7.525714,0,0,0,0,TRUE,TRUE,FALSE,FALSE,"['Temperature', 'TDS']",,
2025-12-10 21:45:00+08:00,25.625,257.9325,4,7.525714,0,0,0,0,TRUE,TRUE,FALSE,FALSE,"['Temperature', 'TDS']",,
2025-12-10 22:00:00+08:00,25.625,257.9325,4,7.525714,0,0,0,0,TRUE,TRUE,FALSE,FALSE,"['Temperature', 'TDS']",,
2025-12-10 22:15:00+08:00,25.625,257.9325,4,7.525714,0,0,0,0,TRUE,TRUE,FALSE,FALSE,"['Temperature', 'TDS']",,
2025-12-10 22:30:00+08:00,25.625,257.9325,4,7.525714,0,0,0,0,TRUE,TRUE,FALSE,FALSE,"['Temperature', 'TDS']",,
2025-12-10 22:45:00+08:00,25.625,257.9325,4,7.525714,0,0,0,0,TRUE,TRUE,FALSE,FALSE,"['Temperature', 'TDS']",,
2025-12-10 22:45:00+08:00,25.625,257.9325,4,7.525714,,0,0,0,TRUE,TRUE,FALSE,FALSE,"['Temperature', 'TDS']",,
2025-12-10 23:00:00+08:00,25.625,257.9325,4,7.525714,0,0,0,0,TRUE,TRUE,FALSE,FALSE,"['Temperature', 'TDS']",,
2025-12-10 23:15:00+08:00,25.625,257.9325,4,7.525714,0,0,0,0,TRUE,TRUE,FALSE,FALSE,"['Temperature', 'TDS']",,
2025-12-10 23:30:00+08:00,25.625,257.9325,4,7.525714,0,0,0,0,TRUE,TRUE,FALSE,FALSE,"['Temperature', 'TDS']",,
2025-12-10 23:45:00+08:00,25.625,257.9325,4,7.525714,0,0,0,0,TRUE,TRUE,FALSE,FALSE,"['Temperature', 'TDS']",,
2025-12-11 00:00:00+08:00,25.625,257.9325,4,7.525714,0,0,0,0,TRUE,TRUE,FALSE,FALSE,"['Temperature', 'TDS']",,
2025-12-11 00:15:00+08:00,25.625,257.9325,4,7.525714,0,0,0,0,TRUE,TRUE,FALSE,FALSE,"['Temperature', 'TDS']",,
2025-12-11 00:30:00+08:00,25.625,257.9325,4,7.525714,0,0,0,0,TRUE,TRUE,FALSE,FALSE,"['Temperature', 'TDS']",,
2025-12-11 00:45:00+08:00,25.625,257.9325,4,7.525714,0,0,0,0,TRUE,TRUE,FALSE,FALSE,"['Temperature', 'TDS']",,
2025-12-11 01:00:00+08:00,25.625,257.9325,4,7.525714,0,0,0,0,TRUE,TRUE,FALSE,FALSE,"['Temperature', 'TDS']",,
2025-12-11 01:15:00+08:00,25.625,257.9325,4,7.525714,0,0,0,0,TRUE,TRUE,FALSE,FALSE,"['Temperature', 'TDS']",,
2025-12-11 01:30:00+08:00,25.625,257.9325,4,7.525714,0,0,0,0,TRUE,TRUE,FALSE,FALSE,"['Temperature', 'TDS']",,
2025-12-11 01:45:00+08:00,25.625,257.9325,4,7.525714,0,0,0,0,TRUE,TRUE,FALSE,FALSE,"['Temperature', 'TDS']",,
2025-12-11 02:00:00+08:00,25.625,257.9325,4,7.525714,0,0,0,0,TRUE,TRUE,FALSE,FALSE,"['Temperature', 'TDS']",,
2025-12-11 02:15:00+08:00,25.625,257.9325,4,7.525714,0,0,0,0,TRUE,TRUE,FALSE,FALSE,"['Temperature', 'TDS']",,
2025-12-11 02:30:00+08:00,25.625,257.9325,4,7.525714,0,0,0,0,TRUE,TRUE,FALSE,FALSE,"['Temperature', 'TDS']",,
2025-12-11 02:45:00+08:00,25.625,257.9325,4,7.525714,0,0,0,0,TRUE,TRUE,FALSE,FALSE,"['Temperature', 'TDS']",,
2025-12-11 03:00:00+08:00,25.625,257.9325,4,7.525714,0,0,0,0,TRUE,TRUE,FALSE,FALSE,"['Temperature', 'TDS']",,
2025-12-11 03:15:00+08:00,25.625,257.9325,4,7.525714,0,0,0,0,TRUE,TRUE,FALSE,FALSE,"['Temperature', 'TDS']",,
2025-12-11 03:30:00+08:00,25.625,257.9325,4,7.525714,0,0,0,0,TRUE,TRUE,FALSE,FALSE,"['Temperature', 'TDS']",,
2025-12-11 03:45:00+08:00,25.625,257.9325,4,7.525714,0,0,0,0,TRUE,TRUE,FALSE,FALSE,"['Temperature', 'TDS']",,
2025-12-11 04:00:00+08:00,25.625,257.9325,4,7.525714,0,0,0,0,TRUE,TRUE,FALSE,FALSE,"['Temperature', 'TDS']",,
2025-12-11 04:15:00+08:00,25.625,257.9325,4,7.525714,0,0,0,0,TRUE,TRUE,FALSE,FALSE,"['Temperature', 'TDS']",,
2025-12-11 04:30:00+08:00,25.625,257.9325,4,7.525714,0,0,0,0,TRUE,TRUE,FALSE,FALSE,"['Temperature', 'TDS']",,
2025-12-11 04:45:00+08:00,25.625,257.9325,4,7.525714,0,0,0,0,TRUE,TRUE,FALSE,FALSE,"['Temperature', 'TDS']",,
2025-12-11 05:00:00+08:00,25.625,257.9325,4,7.525714,0,0,0,0,TRUE,TRUE,FALSE,FALSE,"['Temperature', 'TDS']",,
2025-12-11 05:15:00+08:00,25.625,257.9325,4,7.525714,0,0,0,0,TRUE,TRUE,FALSE,FALSE,"['Temperature', 'TDS']",,
2025-12-11 05:30:00+08:00,25.625,257.9325,4,7.525714,0,0,0,0,TRUE,TRUE,FALSE,FALSE,"['Temperature', 'TDS']",,
2025-12-11 05:45:00+08:00,25.625,257.9325,4,7.525714,0,0,0,0,TRUE,TRUE,FALSE,FALSE,"['Temperature', 'TDS']",,
2025-12-11 06:00:00+08:00,25.625,257.9325,4,7.525714,0,0,0,0,TRUE,TRUE,FALSE,FALSE,"['Temperature', 'TDS']",,
2025-12-11 06:15:00+08:00,25.625,257.9325,4,7.525714,0,0,0,0,TRUE,TRUE,FALSE,FALSE,"['Temperature', 'TDS']",,
2025-12-11 06:30:00+08:00,25.625,257.9325,4,7.525714,0,0,0,0,TRUE,TRUE,FALSE,FALSE,"['Temperature', 'TDS']",,
2025-12-11 06:45:00+08:00,25.625,257.9325,4,7.525714,0,0,0,0,TRUE,TRUE,FALSE,FALSE,"['Temperature', 'TDS']",,
2025-12-11 07:00:00+08:00,25.625,257.9325,4,7.525714,0,0,0,0,TRUE,TRUE,FALSE,FALSE,"['Temperature', 'TDS']",,
2025-12-11 07:15:00+08:00,25.625,257.9325,4,7.525714,0,0,0,0,TRUE,TRUE,FALSE,FALSE,"['Temperature', 'TDS']",,
2025-12-11 07:30:00+08:00,25.625,257.9325,4,7.525714,0,0,0,0,TRUE,TRUE,FALSE,FALSE,"['Temperature', 'TDS']",,
2025-12-11 07:45:00+08:00,25.625,257.9325,4,7.525714,0,0,0,0,TRUE,TRUE,FALSE,FALSE,"['Temperature', 'TDS']",,
2025-12-11 08:00:00+08:00,25.625,257.9325,4,7.525714,0,0,0,0,TRUE,TRUE,FALSE,FALSE,"['Temperature', 'TDS']",,
2025-12-11 08:15:00+08:00,25.625,257.9325,4,7.525714,0,0,0,0,TRUE,TRUE,FALSE,FALSE,"['Temperature', 'TDS']",,
2025-12-11 08:30:00+08:00,25.625,257.9325,4,7.516044,0,0,0,1.87E-05,TRUE,TRUE,FALSE,FALSE,"['Temperature', 'TDS']",,
2025-12-11 08:45:00+08:00,25.625,257.9325,4,7.516044,0,0,0,2.81E-05,TRUE,TRUE,FALSE,FALSE,"['Temperature', 'TDS']",,
2025-12-11 09:00:00+08:00,25.625,257.9325,4,7.516044,0,0,0,2.81E-05,TRUE,TRUE,FALSE,FALSE,"['Temperature', 'TDS']",,
2025-12-11 09:15:00+08:00,25.625,257.9325,4,7.516044,0,0,0,1.87E-05,TRUE,TRUE,FALSE,FALSE,"['Temperature', 'TDS']",,
2025-12-11 09:30:00+08:00,25.625,257.9325,4,7.516044,0,0,0,0,TRUE,TRUE,FALSE,FALSE,"['Temperature', 'TDS']",,
2025-12-11 09:45:00+08:00,25.625,257.9325,4,7.516044,0,0,0,0,TRUE,TRUE,FALSE,FALSE,"['Temperature', 'TDS']",,
2025-12-11 10:00:00+08:00,25.625,257.9325,4,7.516044,0,0,0,0,TRUE,TRUE,FALSE,FALSE,"['Temperature', 'TDS']",,
2025-12-11 10:15:00+08:00,25.625,257.9325,4,7.516044,0,0,0,0,TRUE,TRUE,FALSE,FALSE,"['Temperature', 'TDS']",,
2025-12-11 10:30:00+08:00,25.625,257.9325,4,7.516044,0,0,0,0,TRUE,TRUE,FALSE,FALSE,"['Temperature', 'TDS']",,
2025-12-11 10:45:00+08:00,25.625,257.9325,4,7.516044,0,0,0,0,TRUE,TRUE,FALSE,FALSE,"['Temperature', 'TDS']",,
2025-12-11 11:00:00+08:00,25.625,257.9325,4,7.516044,0,0,0,0,TRUE,TRUE,FALSE,FALSE,"['Temperature', 'TDS']",,
2025-12-11 11:15:00+08:00,25.625,257.9325,4,7.516044,0,0,0,0,TRUE,TRUE,FALSE,FALSE,"['Temperature', 'TDS']",,
2025-12-11 11:30:00+08:00,25.625,257.9325,4,7.516044,0,0,0,0,TRUE,TRUE,FALSE,FALSE,"['Temperature', 'TDS']",,
2025-12-11 11:45:00+08:00,25.625,257.9325,4,7.516044,0,0,0,0,TRUE,TRUE,FALSE,FALSE,"['Temperature', 'TDS']",,
2025-12-11 12:00:00+08:00,25.625,257.9325,4,7.516044,0,0,0,0,TRUE,TRUE,FALSE,FALSE,"['Temperature', 'TDS']",,
2025-12-11 12:15:00+08:00,25.625,257.9325,4,7.516044,0,0,0,0,TRUE,TRUE,FALSE,FALSE,"['Temperature', 'TDS']",,
2025-12-11 12:30:00+08:00,25.625,257.9325,4,7.516044,0,0,0,0,TRUE,TRUE,FALSE,FALSE,"['Temperature', 'TDS']",,
2025-12-11 12:45:00+08:00,25.625,257.9325,4,7.516044,0,0,0,0,TRUE,TRUE,FALSE,FALSE,"['Temperature', 'TDS']",,
2025-12-11 13:00:00+08:00,25.625,257.9325,4,7.516044,0,0,0,0,TRUE,TRUE,FALSE,FALSE,"['Temperature', 'TDS']",,
2025-12-11 13:15:00+08:00,25.625,257.9325,4,7.516044,0,0,0,0,TRUE,TRUE,FALSE,FALSE,"['Temperature', 'TDS']",,
2025-12-11 13:30:00+08:00,25.625,257.9325,4,7.516044,0,0,0,0,TRUE,TRUE,FALSE,FALSE,"['Temperature', 'TDS']",,
2025-12-11 13:45:00+08:00,25.625,257.9325,4,7.516044,0,0,0,0,TRUE,TRUE,FALSE,FALSE,"['Temperature', 'TDS']",,
2025-12-11 14:00:00+08:00,25.625,257.9325,4,7.516044,0,0,0,0,TRUE,TRUE,FALSE,FALSE,"['Temperature', 'TDS']",,
2025-12-11 14:15:00+08:00,25.625,257.9325,4,7.516044,0,0,0,0,TRUE,TRUE,FALSE,FALSE,"['Temperature', 'TDS']",,
2025-12-11 14:30:00+08:00,25.625,257.9325,4,7.516044,0,0,0,0,TRUE,TRUE,FALSE,FALSE,"['Temperature', 'TDS']",,
2025-12-11 14:45:00+08:00,25.625,257.9325,4,7.516044,0,0,0,0,TRUE,TRUE,FALSE,FALSE,"['Temperature', 'TDS']",,
2025-12-11 15:00:00+08:00,25.625,257.9325,4,7.516044,0,0,0,0,TRUE,TRUE,FALSE,FALSE,"['Temperature', 'TDS']",,
2025-12-11 15:15:00+08:00,25.625,257.9325,4,7.516044,0,0,0,0,TRUE,TRUE,FALSE,FALSE,"['Temperature', 'TDS']",,
2025-12-11 15:30:00+08:00,25.625,257.9325,4,7.516044,0,0,0,0,TRUE,TRUE,FALSE,FALSE,"['Temperature', 'TDS']",,
2025-12-11 15:45:00+08:00,25.625,257.9325,4,7.516044,0,0,0,0,TRUE,TRUE,FALSE,FALSE,"['Temperature', 'TDS']",,
2025-12-11 16:00:00+08:00,25.625,257.9325,4,7.516044,0,0,0,0,TRUE,TRUE,FALSE,FALSE,"['Temperature', 'TDS']",,
2025-12-11 16:15:00+08:00,25.625,257.9325,4,7.516044,0,0,0,0,TRUE,TRUE,FALSE,FALSE,"['Temperature', 'TDS']",,
2025-12-11 16:30:00+08:00,25.625,257.9325,4,7.516044,0,0,0,0,TRUE,TRUE,FALSE,FALSE,"['Temperature', 'TDS']",,
2025-12-11 16:45:00+08:00,25.625,257.9325,4,7.516044,0,0,0,0,TRUE,TRUE,FALSE,FALSE,"['Temperature', 'TDS']",,
2025-12-11 17:00:00+08:00,25.625,257.9325,4,7.516044,0,0,0,0,TRUE,TRUE,FALSE,FALSE,"['Temperature', 'TDS']",,
2025-12-11 17:15:00+08:00,25.625,257.9325,4,7.516044,0,0,0,0,TRUE,TRUE,FALSE,FALSE,"['Temperature', 'TDS']",,
2025-12-11 17:30:00+08:00,25.625,257.9325,4,7.516044,0,0,0,0,TRUE,TRUE,FALSE,FALSE,"['Temperature', 'TDS']",,
2025-12-11 17:45:00+08:00,25.625,257.9325,4,7.535385,0,0,0,7.48E-05,TRUE,TRUE,FALSE,FALSE,"['Temperature', 'TDS']",,
2025-12-11 18:00:00+08:00,27.25,256.604,3,7.545055,0.001805556,-1.0628,-1,0.000187032,FALSE,FALSE,FALSE,FALSE,['Unknown/Noise'],-1,Outlier
2025-12-11 18:15:00+08:00,27.25,256.604,3,7.545055,0,-0.7971,0,0.000215086,FALSE,FALSE,FALSE,FALSE,['Normal'],1,Inlier
2025-12-11 18:30:00+08:00,27.25,256.604,3,7.545055,0,-0.5314,0,0.000158976,FALSE,FALSE,FALSE,FALSE,['Normal'],1,Inlier
2025-12-11 18:45:00+08:00,27.25,256.604,3,7.545055,0,-0.2657,0,1.87E-05,FALSE,FALSE,FALSE,FALSE,['Normal'],1,Inlier
2025-12-11 19:00:00+08:00,27.25,256.604,3,7.545055,0,0,0,0,FALSE,FALSE,FALSE,FALSE,['Normal'],1,Inlier
2025-12-11 19:15:00+08:00,27.25,256.604,3,7.545055,0,0,0,0,FALSE,FALSE,FALSE,FALSE,['Normal'],1,Inlier
2025-12-11 19:30:00+08:00,27.25,256.604,3,7.545055,0,0,0,0,FALSE,FALSE,FALSE,FALSE,['Normal'],1,Inlier
2025-12-11 19:45:00+08:00,27.25,256.604,3,7.545055,0,0,0,0,FALSE,FALSE,FALSE,FALSE,['Normal'],1,Inlier
2025-12-11 20:00:00+08:00,27.25,256.604,3,7.545055,0,0,0,0,FALSE,FALSE,FALSE,FALSE,['Normal'],1,Inlier
2025-12-11 20:15:00+08:00,27.25,256.604,3,7.545055,0,0,0,0,FALSE,FALSE,FALSE,FALSE,['Normal'],1,Inlier
2025-12-11 20:30:00+08:00,27.25,256.604,3,7.545055,0,0,0,0,FALSE,FALSE,FALSE,FALSE,['Normal'],1,Inlier
2025-12-11 20:45:00+08:00,27.25,256.604,3,7.545055,0,0,0,0,FALSE,FALSE,FALSE,FALSE,['Normal'],1,Inlier
2025-12-11 21:00:00+08:00,27.25,256.604,3,7.545055,0,0,0,0,FALSE,FALSE,FALSE,FALSE,['Normal'],1,Inlier
2025-12-11 21:15:00+08:00,27.25,256.604,3,7.545055,0,0,0,0,FALSE,FALSE,FALSE,FALSE,['Normal'],1,Inlier
2025-12-11 21:30:00+08:00,27.25,256.604,3,7.545055,0,0,0,0,FALSE,FALSE,FALSE,FALSE,['Normal'],1,Inlier
2025-12-11 21:45:00+08:00,27.25,256.604,3,7.545055,0,0,0,0,FALSE,FALSE,FALSE,FALSE,['Normal'],1,Inlier
2025-12-11 22:00:00+08:00,27.25,256.604,3,7.545055,0,0,0,0,FALSE,FALSE,FALSE,FALSE,['Normal'],1,Inlier
2025-12-11 22:15:00+08:00,27.25,256.604,3,7.545055,0,0,0,0,FALSE,FALSE,FALSE,FALSE,['Normal'],1,Inlier
2025-12-11 22:30:00+08:00,27.25,256.604,3,7.545055,0,0,0,0,FALSE,FALSE,FALSE,FALSE,['Normal'],1,Inlier
2025-12-11 22:45:00+08:00,27.25,256.604,3,7.545055,0,0,0,0,FALSE,FALSE,FALSE,FALSE,['Normal'],1,Inlier
2025-12-12 22:45:00+08:00,27.25,256.604,3,7.54022,0,0,0,4.68E-06,TRUE,TRUE,FALSE,FALSE,"['Temperature', 'TDS']",,
2025-12-12 23:00:00+08:00,27.25,256.604,3,7.54022,0,0,0,7.01E-06,TRUE,TRUE,FALSE,FALSE,"['Temperature', 'TDS']",,
2025-12-12 23:15:00+08:00,27.25,256.604,3,7.54022,0,0,0,7.01E-06,TRUE,TRUE,FALSE,FALSE,"['Temperature', 'TDS']",,
2025-12-12 23:30:00+08:00,27.25,256.604,3,7.54022,0,0,0,4.68E-06,TRUE,TRUE,FALSE,FALSE,"['Temperature', 'TDS']",,
2025-12-12 23:45:00+08:00,27.25,256.604,3,7.54022,0,0,0,0,TRUE,TRUE,FALSE,FALSE,"['Temperature', 'TDS']",,
2025-12-13 00:00:00+08:00,27.25,256.604,3,7.54022,0,0,0,0,TRUE,TRUE,FALSE,FALSE,"['Temperature', 'TDS']",,
2025-12-13 00:15:00+08:00,27.25,256.604,3,7.54022,0,0,0,0,TRUE,TRUE,FALSE,FALSE,"['Temperature', 'TDS']",,
2025-12-13 00:30:00+08:00,27.25,256.604,3,7.54022,0,0,0,0,TRUE,TRUE,FALSE,FALSE,"['Temperature', 'TDS']",,
2025-12-13 00:45:00+08:00,27.25,256.604,3,7.54022,0,0,0,0,TRUE,TRUE,FALSE,FALSE,"['Temperature', 'TDS']",,
2025-12-13 01:00:00+08:00,27.25,256.604,3,7.54022,0,0,0,0,TRUE,TRUE,FALSE,FALSE,"['Temperature', 'TDS']",,
2025-12-13 01:15:00+08:00,27.25,256.604,3,7.54022,0,0,0,0,TRUE,TRUE,FALSE,FALSE,"['Temperature', 'TDS']",,
2025-12-13 01:30:00+08:00,27.25,256.604,3,7.54022,0,0,0,0,TRUE,TRUE,FALSE,FALSE,"['Temperature', 'TDS']",,
2025-12-13 01:45:00+08:00,27.25,256.604,3,7.54022,0,0,0,0,TRUE,TRUE,FALSE,FALSE,"['Temperature', 'TDS']",,
2025-12-13 02:00:00+08:00,27.25,256.604,3,7.54022,0,0,0,0,TRUE,TRUE,FALSE,FALSE,"['Temperature', 'TDS']",,
2025-12-13 02:15:00+08:00,27.25,256.604,3,7.54022,0,0,0,0,TRUE,TRUE,FALSE,FALSE,"['Temperature', 'TDS']",,
2025-12-13 02:30:00+08:00,27.25,256.604,3,7.54022,0,0,0,0,TRUE,TRUE,FALSE,FALSE,"['Temperature', 'TDS']",,
2025-12-13 02:45:00+08:00,27.25,256.604,3,7.54022,0,0,0,0,TRUE,TRUE,FALSE,FALSE,"['Temperature', 'TDS']",,
2025-12-13 03:00:00+08:00,27.25,256.604,3,7.54022,0,0,0,0,TRUE,TRUE,FALSE,FALSE,"['Temperature', 'TDS']",,
2025-12-13 03:15:00+08:00,27.25,256.604,3,7.54022,0,0,0,0,TRUE,TRUE,FALSE,FALSE,"['Temperature', 'TDS']",,
2025-12-13 03:30:00+08:00,27.25,256.604,3,7.54022,0,0,0,0,TRUE,TRUE,FALSE,FALSE,"['Temperature', 'TDS']",,
2025-12-13 03:45:00+08:00,27.25,256.604,3,7.54022,0,0,0,0,TRUE,TRUE,FALSE,FALSE,"['Temperature', 'TDS']",,
2025-12-13 04:00:00+08:00,27.25,256.604,3,7.54022,0,0,0,0,TRUE,TRUE,FALSE,FALSE,"['Temperature', 'TDS']",,
2025-12-13 04:15:00+08:00,27.25,256.604,3,7.54022,0,0,0,0,TRUE,TRUE,FALSE,FALSE,"['Temperature', 'TDS']",,
2025-12-13 04:30:00+08:00,27.25,256.604,3,7.54022,0,0,0,0,TRUE,TRUE,FALSE,FALSE,"['Temperature', 'TDS']",,
2025-12-13 04:45:00+08:00,27.25,256.604,3,7.54022,0,0,0,0,TRUE,TRUE,FALSE,FALSE,"['Temperature', 'TDS']",,
2025-12-13 05:00:00+08:00,27.25,256.604,3,7.54022,0,0,0,0,TRUE,TRUE,FALSE,FALSE,"['Temperature', 'TDS']",,
2025-12-13 05:15:00+08:00,27.25,256.604,3,7.54022,0,0,0,0,TRUE,TRUE,FALSE,FALSE,"['Temperature', 'TDS']",,
2025-12-13 05:30:00+08:00,27.25,256.604,3,7.54022,0,0,0,0,TRUE,TRUE,FALSE,FALSE,"['Temperature', 'TDS']",,
2025-12-13 05:45:00+08:00,27.25,256.604,3,7.54022,0,0,0,0,TRUE,TRUE,FALSE,FALSE,"['Temperature', 'TDS']",,
2025-12-13 06:00:00+08:00,27.25,256.604,3,7.54022,0,0,0,0,TRUE,TRUE,FALSE,FALSE,"['Temperature', 'TDS']",,
2025-12-13 06:15:00+08:00,27.25,256.604,3,7.54022,0,0,0,0,TRUE,TRUE,FALSE,FALSE,"['Temperature', 'TDS']",,
2025-12-13 06:30:00+08:00,27.25,256.604,3,7.54022,0,0,0,0,TRUE,TRUE,FALSE,FALSE,"['Temperature', 'TDS']",,
2025-12-13 06:45:00+08:00,27.25,256.604,3,7.54022,0,0,0,0,TRUE,TRUE,FALSE,FALSE,"['Temperature', 'TDS']",,
2025-12-13 07:00:00+08:00,27.25,256.604,3,7.54022,0,0,0,0,TRUE,TRUE,FALSE,FALSE,"['Temperature', 'TDS']",,
2025-12-13 07:15:00+08:00,27.25,256.604,3,7.54022,0,0,0,0,TRUE,TRUE,FALSE,FALSE,"['Temperature', 'TDS']",,
2025-12-13 07:30:00+08:00,27.25,256.604,3,7.54022,0,0,0,0,TRUE,TRUE,FALSE,FALSE,"['Temperature', 'TDS']",,
2025-12-13 07:45:00+08:00,27.25,256.604,3,7.54022,0,0,0,0,TRUE,TRUE,FALSE,FALSE,"['Temperature', 'TDS']",,
2025-12-13 08:00:00+08:00,27.25,256.604,3,7.54022,0,0,0,0,TRUE,TRUE,FALSE,FALSE,"['Temperature', 'TDS']",,
2025-12-13 08:15:00+08:00,27.25,256.604,3,7.54022,0,0,0,0,TRUE,TRUE,FALSE,FALSE,"['Temperature', 'TDS']",,
2025-12-13 08:30:00+08:00,27.25,256.604,4,7.545055,0,0,1,4.68E-06,TRUE,TRUE,FALSE,FALSE,"['Temperature', 'TDS']",,
2025-12-13 08:45:00+08:00,27.25,256.604,4,7.545055,0,0,0,7.01E-06,TRUE,TRUE,FALSE,FALSE,"['Temperature', 'TDS']",,
2025-12-13 09:00:00+08:00,27.25,256.604,3,7.438682,0,0,-1,0.002167194,TRUE,TRUE,FALSE,FALSE,"['Temperature', 'TDS']",,
2025-12-13 09:15:00+08:00,27.25,256.604,3,7.438682,0,0,0,0.003296377,TRUE,TRUE,FALSE,FALSE,"['Temperature', 'TDS']",,
2025-12-13 09:30:00+08:00,27.25,256.604,3,7.438682,0,0,0,0.003394565,TRUE,TRUE,FALSE,FALSE,"['Temperature', 'TDS']",,
2025-12-13 09:45:00+08:00,27.25,256.604,3,7.438682,0,0,0,0.002263043,TRUE,TRUE,FALSE,FALSE,"['Temperature', 'TDS']",,
2025-12-13 10:00:00+08:00,27.25,256.604,3,7.438682,0,0,0,0,TRUE,TRUE,FALSE,FALSE,"['Temperature', 'TDS']",,
2025-12-13 10:15:00+08:00,27.25,256.604,3,7.438682,0,0,0,0,TRUE,TRUE,FALSE,FALSE,"['Temperature', 'TDS']",,
2025-12-13 10:30:00+08:00,27.25,256.604,3,7.438682,0,0,0,0,TRUE,TRUE,FALSE,FALSE,"['Temperature', 'TDS']",,
2025-12-13 10:45:00+08:00,27.25,256.604,3,7.438682,0,0,0,0,TRUE,TRUE,FALSE,FALSE,"['Temperature', 'TDS']",,
2025-12-13 11:00:00+08:00,27.25,256.604,3,7.438682,0,0,0,0,TRUE,TRUE,FALSE,FALSE,"['Temperature', 'TDS']",,
2025-12-13 11:15:00+08:00,27.25,256.604,3,7.438682,0,0,0,0,TRUE,TRUE,FALSE,FALSE,"['Temperature', 'TDS']",,
2025-12-13 11:30:00+08:00,27.25,256.604,3,7.438682,0,0,0,0,TRUE,TRUE,FALSE,FALSE,"['Temperature', 'TDS']",,
2025-12-13 11:45:00+08:00,27.25,256.604,3,7.438682,0,0,0,0,TRUE,TRUE,FALSE,FALSE,"['Temperature', 'TDS']",,
2025-12-13 12:00:00+08:00,27.25,256.604,3,7.438682,0,0,0,0,TRUE,TRUE,FALSE,FALSE,"['Temperature', 'TDS']",,
2025-12-13 12:15:00+08:00,27.25,256.604,3,7.438682,0,0,0,0,TRUE,TRUE,FALSE,FALSE,"['Temperature', 'TDS']",,
2025-12-13 12:30:00+08:00,27.25,256.604,3,7.438682,0,0,0,0,TRUE,TRUE,FALSE,FALSE,"['Temperature', 'TDS']",,
2025-12-13 12:45:00+08:00,27.25,256.604,3,7.438682,0,0,0,0,TRUE,TRUE,FALSE,FALSE,"['Temperature', 'TDS']",,
2025-12-13 13:00:00+08:00,27.25,256.604,3,7.438682,0,0,0,0,TRUE,TRUE,FALSE,FALSE,"['Temperature', 'TDS']",,
2025-12-13 13:15:00+08:00,27.25,256.604,3,7.438682,0,0,0,0,TRUE,TRUE,FALSE,FALSE,"['Temperature', 'TDS']",,
2025-12-13 13:30:00+08:00,27.25,256.604,3,7.438682,0,0,0,0,TRUE,TRUE,FALSE,FALSE,"['Temperature', 'TDS']",,
2025-12-13 13:45:00+08:00,27.25,256.604,3,7.438682,0,0,0,0,TRUE,TRUE,FALSE,FALSE,"['Temperature', 'TDS']",,
2025-12-13 14:00:00+08:00,27.25,256.604,3,7.438682,0,0,0,0,TRUE,TRUE,FALSE,FALSE,"['Temperature', 'TDS']",,
2025-12-13 14:15:00+08:00,27.25,256.604,3,7.438682,0,0,0,0,TRUE,TRUE,FALSE,FALSE,"['Temperature', 'TDS']",,
2025-12-13 14:30:00+08:00,27.25,256.604,3,7.438682,0,0,0,0,TRUE,TRUE,FALSE,FALSE,"['Temperature', 'TDS']",,
2025-12-13 14:45:00+08:00,27.25,256.604,3,7.438682,0,0,0,0,TRUE,TRUE,FALSE,FALSE,"['Temperature', 'TDS']",,
2025-12-13 15:00:00+08:00,27.25,256.604,3,7.438682,0,0,0,0,TRUE,TRUE,FALSE,FALSE,"['Temperature', 'TDS']",,
2025-12-13 15:15:00+08:00,27.25,256.604,3,7.438682,0,0,0,0,TRUE,TRUE,FALSE,FALSE,"['Temperature', 'TDS']",,
2025-12-13 15:30:00+08:00,27.25,256.604,3,7.438682,0,0,0,0,TRUE,TRUE,FALSE,FALSE,"['Temperature', 'TDS']",,
2025-12-13 15:45:00+08:00,27.25,256.604,3,7.438682,0,0,0,0,TRUE,TRUE,FALSE,FALSE,"['Temperature', 'TDS']",,
2025-12-13 16:00:00+08:00,27.25,256.604,3,7.438682,0,0,0,0,TRUE,TRUE,FALSE,FALSE,"['Temperature', 'TDS']",,
2025-12-13 16:15:00+08:00,27.25,256.604,3,7.438682,0,0,0,0,TRUE,TRUE,FALSE,FALSE,"['Temperature', 'TDS']",,
2025-12-13 16:30:00+08:00,27.25,256.604,3,7.438682,0,0,0,0,TRUE,TRUE,FALSE,FALSE,"['Temperature', 'TDS']",,
2025-12-13 16:45:00+08:00,27.25,256.604,3,7.438682,0,0,0,0,TRUE,TRUE,FALSE,FALSE,"['Temperature', 'TDS']",,
2025-12-13 17:00:00+08:00,27.25,256.604,3,7.438682,0,0,0,0,TRUE,TRUE,FALSE,FALSE,"['Temperature', 'TDS']",,
2025-12-13 17:15:00+08:00,27.25,256.604,3,7.438682,0,0,0,0,TRUE,TRUE,FALSE,FALSE,"['Temperature', 'TDS']",,
2025-12-13 17:30:00+08:00,27.25,256.604,3,7.438682,0,0,0,0,TRUE,TRUE,FALSE,FALSE,"['Temperature', 'TDS']",,
2025-12-13 17:45:00+08:00,27.25,256.604,4,7.520879,0,0,1,0.001351269,TRUE,TRUE,FALSE,FALSE,"['Temperature', 'TDS']",,
2025-12-13 18:00:00+08:00,27.25,256.604,3,7.569231,0,0,-1,0.003686804,TRUE,TRUE,FALSE,FALSE,"['Temperature', 'TDS']",,
2025-12-13 18:15:00+08:00,27.25,256.604,3,7.569231,0,0,0,0.004318035,TRUE,TRUE,FALSE,FALSE,"['Temperature', 'TDS']",,
2025-12-13 18:30:00+08:00,27.25,256.604,3,7.569231,0,0,0,0.003244961,TRUE,TRUE,FALSE,FALSE,"['Temperature', 'TDS']",,
2025-12-13 18:45:00+08:00,27.25,256.604,3,7.569231,0,0,0,0.000467583,TRUE,TRUE,FALSE,FALSE,"['Temperature', 'TDS']",,
2025-12-13 19:00:00+08:00,27.25,256.604,3,7.569231,0,0,0,0,TRUE,TRUE,FALSE,FALSE,"['Temperature', 'TDS']",,
2025-12-13 19:15:00+08:00,27.25,256.604,3,7.569231,0,0,0,0,TRUE,TRUE,FALSE,FALSE,"['Temperature', 'TDS']",,
2025-12-13 19:30:00+08:00,27.25,256.604,3,7.569231,0,0,0,0,TRUE,TRUE,FALSE,FALSE,"['Temperature', 'TDS']",,
2025-12-13 19:45:00+08:00,27.25,256.604,3,7.569231,0,0,0,0,TRUE,TRUE,FALSE,FALSE,"['Temperature', 'TDS']",,
2025-12-13 20:00:00+08:00,27.25,256.604,3,7.569231,0,0,0,0,TRUE,TRUE,FALSE,FALSE,"['Temperature', 'TDS']",,
2025-12-13 20:15:00+08:00,27.25,256.604,3,7.569231,0,0,0,0,TRUE,TRUE,FALSE,FALSE,"['Temperature', 'TDS']",,
2025-12-13 20:30:00+08:00,27.25,256.604,3,7.569231,0,0,0,0,TRUE,TRUE,FALSE,FALSE,"['Temperature', 'TDS']",,
2025-12-13 20:45:00+08:00,27.25,256.604,3,7.569231,0,0,0,0,TRUE,TRUE,FALSE,FALSE,"['Temperature', 'TDS']",,
2025-12-13 21:00:00+08:00,27.25,256.604,3,7.569231,0,0,0,0,TRUE,TRUE,FALSE,FALSE,"['Temperature', 'TDS']",,
2025-12-13 21:15:00+08:00,27.25,256.604,3,7.569231,0,0,0,0,TRUE,TRUE,FALSE,FALSE,"['Temperature', 'TDS']",,
2025-12-13 21:30:00+08:00,27.25,256.604,3,7.569231,0,0,0,0,TRUE,TRUE,FALSE,FALSE,"['Temperature', 'TDS']",,
2025-12-13 21:45:00+08:00,27.25,256.604,3,7.569231,0,0,0,0,TRUE,TRUE,FALSE,FALSE,"['Temperature', 'TDS']",,
2025-12-13 22:00:00+08:00,27.25,256.604,3,7.569231,0,0,0,0,TRUE,TRUE,FALSE,FALSE,"['Temperature', 'TDS']",,
2025-12-13 22:15:00+08:00,27.25,256.604,3,7.569231,0,0,0,0,TRUE,TRUE,FALSE,FALSE,"['Temperature', 'TDS']",,
2025-12-13 22:30:00+08:00,27.25,256.604,3,7.569231,0,0,0,0,TRUE,TRUE,FALSE,FALSE,"['Temperature', 'TDS']",,
2025-12-13 22:45:00+08:00,27.25,256.604,3,7.569231,0,0,0,0,TRUE,TRUE,FALSE,FALSE,"['Temperature', 'TDS']",,
2025-12-14 23:00:00+08:00,27.25,256.604,3,7.535385,0,0,0,0.00022911,TRUE,TRUE,FALSE,FALSE,"['Temperature', 'TDS']",,
2025-12-14 23:15:00+08:00,27.25,256.604,3,7.535385,0,0,0,0.000343666,TRUE,TRUE,FALSE,FALSE,"['Temperature', 'TDS']",,
2025-12-14 23:30:00+08:00,27.25,256.604,3,7.535385,0,0,0,0.000343666,TRUE,TRUE,FALSE,FALSE,"['Temperature', 'TDS']",,
2025-12-14 23:45:00+08:00,27.25,256.604,3,7.535385,0,0,0,0.00022911,TRUE,TRUE,FALSE,FALSE,"['Temperature', 'TDS']",,
2025-12-15 00:00:00+08:00,27.25,256.604,3,7.535385,0,0,0,0,TRUE,TRUE,FALSE,FALSE,"['Temperature', 'TDS']",,
2025-12-15 00:15:00+08:00,27.25,256.604,3,7.535385,0,0,0,0,TRUE,TRUE,FALSE,FALSE,"['Temperature', 'TDS']",,
2025-12-15 00:30:00+08:00,27.25,256.604,3,7.535385,0,0,0,0,TRUE,TRUE,FALSE,FALSE,"['Temperature', 'TDS']",,
2025-12-15 00:45:00+08:00,27.25,256.604,3,7.535385,0,0,0,0,TRUE,TRUE,FALSE,FALSE,"['Temperature', 'TDS']",,
2025-12-15 01:00:00+08:00,27.25,256.604,3,7.535385,0,0,0,0,TRUE,TRUE,FALSE,FALSE,"['Temperature', 'TDS']",,
2025-12-15 01:15:00+08:00,27.25,256.604,3,7.535385,0,0,0,0,TRUE,TRUE,FALSE,FALSE,"['Temperature', 'TDS']",,
2025-12-15 01:30:00+08:00,27.25,256.604,3,7.535385,0,0,0,0,TRUE,TRUE,FALSE,FALSE,"['Temperature', 'TDS']",,
2025-12-15 01:45:00+08:00,27.25,256.604,3,7.535385,0,0,0,0,TRUE,TRUE,FALSE,FALSE,"['Temperature', 'TDS']",,
2025-12-15 02:00:00+08:00,27.25,256.604,3,7.535385,0,0,0,0,TRUE,TRUE,FALSE,FALSE,"['Temperature', 'TDS']",,
2025-12-15 02:15:00+08:00,27.25,256.604,3,7.535385,0,0,0,0,TRUE,TRUE,FALSE,FALSE,"['Temperature', 'TDS']",,
2025-12-15 02:30:00+08:00,27.25,256.604,3,7.535385,0,0,0,0,TRUE,TRUE,FALSE,FALSE,"['Temperature', 'TDS']",,
2025-12-15 02:45:00+08:00,27.25,256.604,3,7.535385,0,0,0,0,TRUE,TRUE,FALSE,FALSE,"['Temperature', 'TDS']",,
2025-12-15 03:00:00+08:00,27.25,256.604,3,7.535385,0,0,0,0,TRUE,TRUE,FALSE,FALSE,"['Temperature', 'TDS']",,
2025-12-15 03:15:00+08:00,27.25,256.604,3,7.535385,0,0,0,0,TRUE,TRUE,FALSE,FALSE,"['Temperature', 'TDS']",,
2025-12-15 03:30:00+08:00,27.25,256.604,3,7.535385,0,0,0,0,TRUE,TRUE,FALSE,FALSE,"['Temperature', 'TDS']",,
2025-12-15 03:45:00+08:00,27.25,256.604,3,7.535385,0,0,0,0,TRUE,TRUE,FALSE,FALSE,"['Temperature', 'TDS']",,
2025-12-15 04:00:00+08:00,27.25,256.604,3,7.535385,0,0,0,0,TRUE,TRUE,FALSE,FALSE,"['Temperature', 'TDS']",,
2025-12-15 04:15:00+08:00,27.25,256.604,3,7.535385,0,0,0,0,TRUE,TRUE,FALSE,FALSE,"['Temperature', 'TDS']",,
2025-12-15 04:30:00+08:00,27.25,256.604,3,7.535385,0,0,0,0,TRUE,TRUE,FALSE,FALSE,"['Temperature', 'TDS']",,
2025-12-15 04:45:00+08:00,27.25,256.604,3,7.535385,0,0,0,0,TRUE,TRUE,FALSE,FALSE,"['Temperature', 'TDS']",,
2025-12-15 05:00:00+08:00,27.25,256.604,3,7.535385,0,0,0,0,TRUE,TRUE,FALSE,FALSE,"['Temperature', 'TDS']",,
2025-12-15 05:15:00+08:00,27.25,256.604,3,7.535385,0,0,0,0,TRUE,TRUE,FALSE,FALSE,"['Temperature', 'TDS']",,
2025-12-15 05:30:00+08:00,27.25,256.604,3,7.535385,0,0,0,0,TRUE,TRUE,FALSE,FALSE,"['Temperature', 'TDS']",,
2025-12-15 05:45:00+08:00,27.25,256.604,3,7.535385,0,0,0,0,TRUE,TRUE,FALSE,FALSE,"['Temperature', 'TDS']",,
2025-12-15 06:00:00+08:00,27.25,256.604,3,7.535385,0,0,0,0,TRUE,TRUE,FALSE,FALSE,"['Temperature', 'TDS']",,
2025-12-15 06:15:00+08:00,27.25,256.604,3,7.535385,0,0,0,0,TRUE,TRUE,FALSE,FALSE,"['Temperature', 'TDS']",,
2025-12-15 06:30:00+08:00,27.25,256.604,3,7.535385,0,0,0,0,TRUE,TRUE,FALSE,FALSE,"['Temperature', 'TDS']",,
2025-12-15 06:45:00+08:00,27.25,256.604,3,7.535385,0,0,0,0,TRUE,TRUE,FALSE,FALSE,"['Temperature', 'TDS']",,
2025-12-15 07:00:00+08:00,27.25,256.604,3,7.535385,0,0,0,0,TRUE,TRUE,FALSE,FALSE,"['Temperature', 'TDS']",,
2025-12-15 07:15:00+08:00,27.25,256.604,3,7.535385,0,0,0,0,TRUE,TRUE,FALSE,FALSE,"['Temperature', 'TDS']",,
2025-12-15 07:30:00+08:00,27.25,256.604,3,7.535385,0,0,0,0,TRUE,TRUE,FALSE,FALSE,"['Temperature', 'TDS']",,
2025-12-15 07:45:00+08:00,27.25,256.604,3,7.535385,0,0,0,0,TRUE,TRUE,FALSE,FALSE,"['Temperature', 'TDS']",,
2025-12-15 08:00:00+08:00,27.25,256.604,3,7.535385,0,0,0,0,TRUE,TRUE,FALSE,FALSE,"['Temperature', 'TDS']",,
2025-12-15 08:15:00+08:00,27.25,256.604,3,7.535385,0,0,0,0,TRUE,TRUE,FALSE,FALSE,"['Temperature', 'TDS']",,
2025-12-15 08:30:00+08:00,27.25,256.604,3,7.777143,0,0,0,0.011689386,TRUE,TRUE,FALSE,FALSE,"['Temperature', 'TDS']",,
2025-12-15 08:45:00+08:00,27.25,256.604,3,7.777143,0,0,0,0.017534079,TRUE,TRUE,FALSE,FALSE,"['Temperature', 'TDS']",,
2025-12-15 09:00:00+08:00,27.25,256.604,3,7.54022,0,0,0,0.017304975,TRUE,TRUE,FALSE,FALSE,"['Temperature', 'TDS']",,
2025-12-15 09:15:00+08:00,27.25,256.604,3,7.54022,0,0,0,0.017073532,TRUE,TRUE,FALSE,FALSE,"['Temperature', 'TDS']",,
2025-12-15 09:30:00+08:00,27.25,256.604,3,7.54022,0,0,0,0.016839752,TRUE,TRUE,FALSE,FALSE,"['Temperature', 'TDS']",,
2025-12-15 09:45:00+08:00,27.25,256.604,3,7.54022,0,0,0,0.011226502,TRUE,TRUE,FALSE,FALSE,"['Temperature', 'TDS']",,
2025-12-15 10:00:00+08:00,27.25,256.604,3,7.54022,0,0,0,0,TRUE,TRUE,FALSE,FALSE,"['Temperature', 'TDS']",,
2025-12-15 10:15:00+08:00,27.25,256.604,3,7.54022,0,0,0,0,TRUE,TRUE,FALSE,FALSE,"['Temperature', 'TDS']",,
2025-12-15 10:30:00+08:00,27.25,256.604,3,7.54022,0,0,0,0,TRUE,TRUE,FALSE,FALSE,"['Temperature', 'TDS']",,
2025-12-15 10:45:00+08:00,27.25,256.604,3,7.54022,0,0,0,0,TRUE,TRUE,FALSE,FALSE,"['Temperature', 'TDS']",,
2025-12-15 11:00:00+08:00,27.25,256.604,3,7.54022,0,0,0,0,TRUE,TRUE,FALSE,FALSE,"['Temperature', 'TDS']",,
2025-12-15 11:15:00+08:00,27.25,256.604,3,7.54022,0,0,0,0,TRUE,TRUE,FALSE,FALSE,"['Temperature', 'TDS']",,
2025-12-15 11:30:00+08:00,27.25,256.604,3,7.54022,0,0,0,0,TRUE,TRUE,FALSE,FALSE,"['Temperature', 'TDS']",,
2025-12-15 11:45:00+08:00,27.25,256.604,3,7.54022,0,0,0,0,TRUE,TRUE,FALSE,FALSE,"['Temperature', 'TDS']",,
2025-12-15 12:00:00+08:00,27.25,256.604,3,7.54022,0,0,0,0,TRUE,TRUE,FALSE,FALSE,"['Temperature', 'TDS']",,
2025-12-15 12:15:00+08:00,27.25,256.604,3,7.54022,0,0,0,0,TRUE,TRUE,FALSE,FALSE,"['Temperature', 'TDS']",,
2025-12-15 12:30:00+08:00,27.25,256.604,3,7.54022,0,0,0,0,TRUE,TRUE,FALSE,FALSE,"['Temperature', 'TDS']",,
2025-12-15 12:45:00+08:00,27.25,256.604,3,7.54022,0,0,0,0,TRUE,TRUE,FALSE,FALSE,"['Temperature', 'TDS']",,
2025-12-15 13:00:00+08:00,27.25,256.604,3,7.54022,0,0,0,0,TRUE,TRUE,FALSE,FALSE,"['Temperature', 'TDS']",,
2025-12-15 13:15:00+08:00,27.25,256.604,3,7.54022,0,0,0,0,TRUE,TRUE,FALSE,FALSE,"['Temperature', 'TDS']",,
2025-12-15 13:30:00+08:00,27.25,256.604,3,7.54022,0,0,0,0,TRUE,TRUE,FALSE,FALSE,"['Temperature', 'TDS']",,
2025-12-15 13:45:00+08:00,27.25,256.604,3,7.54022,0,0,0,0,TRUE,TRUE,FALSE,FALSE,"['Temperature', 'TDS']",,
2025-12-15 14:00:00+08:00,27.25,256.604,3,7.54022,0,0,0,0,TRUE,TRUE,FALSE,FALSE,"['Temperature', 'TDS']",,
2025-12-15 14:15:00+08:00,27.25,256.604,3,7.54022,0,0,0,0,TRUE,TRUE,FALSE,FALSE,"['Temperature', 'TDS']",,
2025-12-15 14:30:00+08:00,27.25,256.604,3,7.54022,0,0,0,0,TRUE,TRUE,FALSE,FALSE,"['Temperature', 'TDS']",,
2025-12-15 14:45:00+08:00,27.25,256.604,3,7.54022,0,0,0,0,TRUE,TRUE,FALSE,FALSE,"['Temperature', 'TDS']",,
2025-12-15 15:00:00+08:00,27.25,256.604,3,7.54022,0,0,0,0,TRUE,TRUE,FALSE,FALSE,"['Temperature', 'TDS']",,
2025-12-15 15:15:00+08:00,27.25,256.604,3,7.54022,0,0,0,0,TRUE,TRUE,FALSE,FALSE,"['Temperature', 'TDS']",,
2025-12-15 15:30:00+08:00,27.25,256.604,3,7.54022,0,0,0,0,TRUE,TRUE,FALSE,FALSE,"['Temperature', 'TDS']",,
2025-12-15 15:45:00+08:00,27.25,256.604,3,7.54022,0,0,0,0,TRUE,TRUE,FALSE,FALSE,"['Temperature', 'TDS']",,
2025-12-15 16:00:00+08:00,27.25,256.604,3,7.54022,0,0,0,0,TRUE,TRUE,FALSE,FALSE,"['Temperature', 'TDS']",,
2025-12-15 16:15:00+08:00,27.25,256.604,3,7.54022,0,0,0,0,TRUE,TRUE,FALSE,FALSE,"['Temperature', 'TDS']",,
2025-12-15 16:30:00+08:00,27.25,256.604,3,7.54022,0,0,0,0,TRUE,TRUE,FALSE,FALSE,"['Temperature', 'TDS']",,
2025-12-15 16:45:00+08:00,27.25,256.604,3,7.54022,0,0,0,0,TRUE,TRUE,FALSE,FALSE,"['Temperature', 'TDS']",,
2025-12-15 17:00:00+08:00,27.25,256.604,3,7.54022,0,0,0,0,TRUE,TRUE,FALSE,FALSE,"['Temperature', 'TDS']",,
2025-12-15 17:15:00+08:00,27.25,256.604,3,7.54022,0,0,0,0,TRUE,TRUE,FALSE,FALSE,"['Temperature', 'TDS']",,
2025-12-15 17:30:00+08:00,27.25,256.604,3,7.54022,0,0,0,0,TRUE,TRUE,FALSE,FALSE,"['Temperature', 'TDS']",,
2025-12-15 17:45:00+08:00,27.25,256.604,3,7.53055,0,0,0,1.87E-05,TRUE,TRUE,FALSE,FALSE,"['Temperature', 'TDS']",,
2025-12-15 18:00:00+08:00,27.25,256.604,3,7.535385,0,0,0,1.87E-05,TRUE,TRUE,FALSE,FALSE,"['Temperature', 'TDS']",,
2025-12-15 18:15:00+08:00,27.25,256.604,3,7.535385,0,0,0,1.64E-05,TRUE,TRUE,FALSE,FALSE,"['Temperature', 'TDS']",,
2025-12-15 18:30:00+08:00,27.25,256.604,3,7.535385,0,0,0,1.17E-05,TRUE,TRUE,FALSE,FALSE,"['Temperature', 'TDS']",,
2025-12-15 18:45:00+08:00,27.25,256.604,3,7.535385,0,0,0,4.68E-06,TRUE,TRUE,FALSE,FALSE,"['Temperature', 'TDS']",,
2025-12-15 19:00:00+08:00,27.25,256.604,3,7.535385,0,0,0,0,TRUE,TRUE,FALSE,FALSE,"['Temperature', 'TDS']",,
2025-12-15 19:15:00+08:00,27.25,256.604,3,7.535385,0,0,0,0,TRUE,TRUE,FALSE,FALSE,"['Temperature', 'TDS']",,
2025-12-15 19:30:00+08:00,27.25,256.604,3,7.535385,0,0,0,0,TRUE,TRUE,FALSE,FALSE,"['Temperature', 'TDS']",,
2025-12-15 19:45:00+08:00,27.25,256.604,3,7.535385,0,0,0,0,TRUE,TRUE,FALSE,FALSE,"['Temperature', 'TDS']",,
2025-12-15 20:00:00+08:00,27.25,256.604,3,7.535385,0,0,0,0,TRUE,TRUE,FALSE,FALSE,"['Temperature', 'TDS']",,
2025-12-15 20:15:00+08:00,27.25,256.604,3,7.535385,0,0,0,0,TRUE,TRUE,FALSE,FALSE,"['Temperature', 'TDS']",,
2025-12-15 20:30:00+08:00,27.25,256.604,3,7.535385,0,0,0,0,TRUE,TRUE,FALSE,FALSE,"['Temperature', 'TDS']",,
2025-12-15 20:45:00+08:00,27.25,256.604,3,7.535385,0,0,0,0,TRUE,TRUE,FALSE,FALSE,"['Temperature', 'TDS']",,
2025-12-15 21:00:00+08:00,27.25,256.604,3,7.535385,0,0,0,0,TRUE,TRUE,FALSE,FALSE,"['Temperature', 'TDS']",,
2025-12-15 21:15:00+08:00,27.25,256.604,3,7.535385,0,0,0,0,TRUE,TRUE,FALSE,FALSE,"['Temperature', 'TDS']",,
2025-12-15 21:30:00+08:00,27.25,256.604,3,7.535385,0,0,0,0,TRUE,TRUE,FALSE,FALSE,"['Temperature', 'TDS']",,
2025-12-15 21:45:00+08:00,27.25,256.604,3,7.535385,0,0,0,0,TRUE,TRUE,FALSE,FALSE,"['Temperature', 'TDS']",,
2025-12-15 22:00:00+08:00,27.25,256.604,3,7.535385,0,0,0,0,TRUE,TRUE,FALSE,FALSE,"['Temperature', 'TDS']",,
2025-12-15 22:15:00+08:00,27.25,256.604,3,7.535385,0,0,0,0,TRUE,TRUE,FALSE,FALSE,"['Temperature', 'TDS']",,
2025-12-15 22:30:00+08:00,27.25,256.604,3,7.535385,0,0,0,0,TRUE,TRUE,FALSE,FALSE,"['Temperature', 'TDS']",,
2025-12-15 22:45:00+08:00,27.25,256.604,3,7.535385,0,0,0,0,TRUE,TRUE,FALSE,FALSE,"['Temperature', 'TDS']",,
2025-12-15 23:00:00+08:00,27.25,256.604,3,7.535385,0,0,0,0,TRUE,TRUE,FALSE,FALSE,"['Temperature', 'TDS']",,
2025-12-15 23:00:00+08:00,27.25,256.604,3,7.535385,,0,0,0,TRUE,TRUE,FALSE,FALSE,"['Temperature', 'TDS']",,
2025-12-15 23:15:00+08:00,27.25,256.604,3,7.535385,0,0,0,0,TRUE,TRUE,FALSE,FALSE,"['Temperature', 'TDS']",,
2025-12-15 23:30:00+08:00,27.25,256.604,3,7.535385,0,0,0,0,TRUE,TRUE,FALSE,FALSE,"['Temperature', 'TDS']",,
2025-12-15 23:45:00+08:00,27.25,256.604,3,7.535385,0,0,0,0,TRUE,TRUE,FALSE,FALSE,"['Temperature', 'TDS']",,
2025-12-16 00:00:00+08:00,27.25,256.604,3,7.535385,0,0,0,0,TRUE,TRUE,FALSE,FALSE,"['Temperature', 'TDS']",,
2025-12-16 00:15:00+08:00,27.25,256.604,3,7.535385,0,0,0,0,TRUE,TRUE,FALSE,FALSE,"['Temperature', 'TDS']",,
2025-12-16 00:30:00+08:00,27.25,256.604,3,7.535385,0,0,0,0,TRUE,TRUE,FALSE,FALSE,"['Temperature', 'TDS']",,
2025-12-16 00:45:00+08:00,27.25,256.604,3,7.535385,0,0,0,0,TRUE,TRUE,FALSE,FALSE,"['Temperature', 'TDS']",,
2025-12-16 01:00:00+08:00,27.25,256.604,3,7.535385,0,0,0,0,TRUE,TRUE,FALSE,FALSE,"['Temperature', 'TDS']",,
2025-12-16 01:15:00+08:00,27.25,256.604,3,7.535385,0,0,0,0,TRUE,TRUE,FALSE,FALSE,"['Temperature', 'TDS']",,
2025-12-16 01:30:00+08:00,27.25,256.604,3,7.535385,0,0,0,0,TRUE,TRUE,FALSE,FALSE,"['Temperature', 'TDS']",,
2025-12-16 01:45:00+08:00,27.25,256.604,3,7.535385,0,0,0,0,TRUE,TRUE,FALSE,FALSE,"['Temperature', 'TDS']",,
2025-12-16 02:00:00+08:00,27.25,256.604,3,7.535385,0,0,0,0,TRUE,TRUE,FALSE,FALSE,"['Temperature', 'TDS']",,
2025-12-16 02:15:00+08:00,27.25,256.604,3,7.535385,0,0,0,0,TRUE,TRUE,FALSE,FALSE,"['Temperature', 'TDS']",,
2025-12-16 02:30:00+08:00,27.25,256.604,3,7.535385,0,0,0,0,TRUE,TRUE,FALSE,FALSE,"['Temperature', 'TDS']",,
2025-12-16 02:45:00+08:00,27.25,256.604,3,7.535385,0,0,0,0,TRUE,TRUE,FALSE,FALSE,"['Temperature', 'TDS']",,
2025-12-16 03:00:00+08:00,27.25,256.604,3,7.535385,0,0,0,0,TRUE,TRUE,FALSE,FALSE,"['Temperature', 'TDS']",,
2025-12-16 03:15:00+08:00,27.25,256.604,3,7.535385,0,0,0,0,TRUE,TRUE,FALSE,FALSE,"['Temperature', 'TDS']",,
2025-12-16 03:30:00+08:00,27.25,256.604,3,7.535385,0,0,0,0,TRUE,TRUE,FALSE,FALSE,"['Temperature', 'TDS']",,
2025-12-16 03:45:00+08:00,27.25,256.604,3,7.535385,0,0,0,0,TRUE,TRUE,FALSE,FALSE,"['Temperature', 'TDS']",,
2025-12-16 04:00:00+08:00,27.25,256.604,3,7.535385,0,0,0,0,TRUE,TRUE,FALSE,FALSE,"['Temperature', 'TDS']",,
2025-12-16 04:15:00+08:00,27.25,256.604,3,7.535385,0,0,0,0,TRUE,TRUE,FALSE,FALSE,"['Temperature', 'TDS']",,
2025-12-16 04:30:00+08:00,27.25,256.604,3,7.535385,0,0,0,0,TRUE,TRUE,FALSE,FALSE,"['Temperature', 'TDS']",,
2025-12-16 04:45:00+08:00,27.25,256.604,3,7.535385,0,0,0,0,TRUE,TRUE,FALSE,FALSE,"['Temperature', 'TDS']",,
2025-12-16 05:00:00+08:00,27.25,256.604,3,7.535385,0,0,0,0,TRUE,TRUE,FALSE,FALSE,"['Temperature', 'TDS']",,
2025-12-16 05:15:00+08:00,27.25,256.604,3,7.535385,0,0,0,0,TRUE,TRUE,FALSE,FALSE,"['Temperature', 'TDS']",,
2025-12-16 05:30:00+08:00,27.25,256.604,3,7.535385,0,0,0,0,TRUE,TRUE,FALSE,FALSE,"['Temperature', 'TDS']",,
2025-12-16 05:45:00+08:00,27.25,256.604,3,7.535385,0,0,0,0,TRUE,TRUE,FALSE,FALSE,"['Temperature', 'TDS']",,
2025-12-16 06:00:00+08:00,27.25,256.604,3,7.535385,0,0,0,0,TRUE,TRUE,FALSE,FALSE,"['Temperature', 'TDS']",,
2025-12-16 06:15:00+08:00,27.25,256.604,3,7.535385,0,0,0,0,TRUE,TRUE,FALSE,FALSE,"['Temperature', 'TDS']",,
2025-12-16 06:30:00+08:00,27.25,256.604,3,7.535385,0,0,0,0,TRUE,TRUE,FALSE,FALSE,"['Temperature', 'TDS']",,
2025-12-16 06:45:00+08:00,27.25,256.604,3,7.535385,0,0,0,0,TRUE,TRUE,FALSE,FALSE,"['Temperature', 'TDS']",,
2025-12-16 07:00:00+08:00,27.25,256.604,3,7.535385,0,0,0,0,TRUE,TRUE,FALSE,FALSE,"['Temperature', 'TDS']",,
2025-12-16 07:15:00+08:00,27.25,256.604,3,7.535385,0,0,0,0,TRUE,TRUE,FALSE,FALSE,"['Temperature', 'TDS']",,
2025-12-16 07:30:00+08:00,27.25,256.604,3,7.535385,0,0,0,0,TRUE,TRUE,FALSE,FALSE,"['Temperature', 'TDS']",,
2025-12-16 07:45:00+08:00,27.25,256.604,3,7.535385,0,0,0,0,TRUE,TRUE,FALSE,FALSE,"['Temperature', 'TDS']",,
2025-12-16 08:00:00+08:00,27.25,256.604,3,7.535385,0,0,0,0,TRUE,TRUE,FALSE,FALSE,"['Temperature', 'TDS']",,
2025-12-16 08:15:00+08:00,27.25,256.604,3,7.535385,0,0,0,0,TRUE,TRUE,FALSE,FALSE,"['Temperature', 'TDS']",,
2025-12-16 08:30:00+08:00,27.25,256.604,3,7.525714,0,0,0,1.87E-05,TRUE,TRUE,FALSE,FALSE,"['Temperature', 'TDS']",,
2025-12-16 08:45:00+08:00,27.25,256.604,3,7.525714,0,0,0,2.81E-05,TRUE,TRUE,FALSE,FALSE,"['Temperature', 'TDS']",,
2025-12-16 09:00:00+08:00,27.25,256.604,3,7.535385,0,0,0,2.81E-05,TRUE,TRUE,FALSE,FALSE,"['Temperature', 'TDS']",,
2025-12-16 09:15:00+08:00,27.25,256.604,3,7.535385,0,0,0,2.81E-05,TRUE,TRUE,FALSE,FALSE,"['Temperature', 'TDS']",,
2025-12-16 09:30:00+08:00,27.25,256.604,3,7.535385,0,0,0,2.81E-05,TRUE,TRUE,FALSE,FALSE,"['Temperature', 'TDS']",,
2025-12-16 09:45:00+08:00,27.25,256.604,3,7.535385,0,0,0,1.87E-05,TRUE,TRUE,FALSE,FALSE,"['Temperature', 'TDS']",,
2025-12-16 10:00:00+08:00,27.25,256.604,3,7.535385,0,0,0,0,TRUE,TRUE,FALSE,FALSE,"['Temperature', 'TDS']",,
2025-12-16 10:15:00+08:00,27.25,256.604,3,7.535385,0,0,0,0,TRUE,TRUE,FALSE,FALSE,"['Temperature', 'TDS']",,
2025-12-16 10:30:00+08:00,27.25,256.604,3,7.535385,0,0,0,0,TRUE,TRUE,FALSE,FALSE,"['Temperature', 'TDS']",,
2025-12-16 10:45:00+08:00,27.25,256.604,3,7.535385,0,0,0,0,TRUE,TRUE,FALSE,FALSE,"['Temperature', 'TDS']",,
2025-12-16 11:00:00+08:00,27.25,256.604,3,7.535385,0,0,0,0,TRUE,TRUE,FALSE,FALSE,"['Temperature', 'TDS']",,
2025-12-16 11:15:00+08:00,27.25,256.604,3,7.535385,0,0,0,0,TRUE,TRUE,FALSE,FALSE,"['Temperature', 'TDS']",,
2025-12-16 11:30:00+08:00,27.25,256.604,3,7.535385,0,0,0,0,TRUE,TRUE,FALSE,FALSE,"['Temperature', 'TDS']",,
2025-12-16 11:45:00+08:00,27.25,256.604,3,7.535385,0,0,0,0,TRUE,TRUE,FALSE,FALSE,"['Temperature', 'TDS']",,
2025-12-16 12:00:00+08:00,27.25,256.604,3,7.535385,0,0,0,0,TRUE,TRUE,FALSE,FALSE,"['Temperature', 'TDS']",,
2025-12-16 12:15:00+08:00,27.25,256.604,3,7.535385,0,0,0,0,TRUE,TRUE,FALSE,FALSE,"['Temperature', 'TDS']",,
2025-12-16 12:30:00+08:00,27.25,256.604,3,7.535385,0,0,0,0,TRUE,TRUE,FALSE,FALSE,"['Temperature', 'TDS']",,
2025-12-16 12:45:00+08:00,27.25,256.604,3,7.535385,0,0,0,0,TRUE,TRUE,FALSE,FALSE,"['Temperature', 'TDS']",,
2025-12-16 13:00:00+08:00,27.25,256.604,3,7.535385,0,0,0,0,TRUE,TRUE,FALSE,FALSE,"['Temperature', 'TDS']",,
2025-12-16 13:15:00+08:00,27.25,256.604,3,7.535385,0,0,0,0,TRUE,TRUE,FALSE,FALSE,"['Temperature', 'TDS']",,
2025-12-16 13:30:00+08:00,27.25,256.604,3,7.535385,0,0,0,0,TRUE,TRUE,FALSE,FALSE,"['Temperature', 'TDS']",,
2025-12-16 13:45:00+08:00,27.25,256.604,3,7.535385,0,0,0,0,TRUE,TRUE,FALSE,FALSE,"['Temperature', 'TDS']",,
2025-12-16 14:00:00+08:00,27.25,256.604,3,7.535385,0,0,0,0,TRUE,TRUE,FALSE,FALSE,"['Temperature', 'TDS']",,
2025-12-16 14:15:00+08:00,27.25,256.604,3,7.535385,0,0,0,0,TRUE,TRUE,FALSE,FALSE,"['Temperature', 'TDS']",,
2025-12-16 14:30:00+08:00,27.25,256.604,3,7.535385,0,0,0,0,TRUE,TRUE,FALSE,FALSE,"['Temperature', 'TDS']",,
2025-12-16 14:45:00+08:00,27.25,256.604,3,7.535385,0,0,0,0,TRUE,TRUE,FALSE,FALSE,"['Temperature', 'TDS']",,
2025-12-16 15:00:00+08:00,27.25,256.604,3,7.535385,0,0,0,0,TRUE,TRUE,FALSE,FALSE,"['Temperature', 'TDS']",,
2025-12-16 15:15:00+08:00,27.25,256.604,3,7.535385,0,0,0,0,TRUE,TRUE,FALSE,FALSE,"['Temperature', 'TDS']",,
2025-12-16 15:30:00+08:00,27.25,256.604,3,7.535385,0,0,0,0,TRUE,TRUE,FALSE,FALSE,"['Temperature', 'TDS']",,
2025-12-16 15:45:00+08:00,27.25,256.604,3,7.535385,0,0,0,0,TRUE,TRUE,FALSE,FALSE,"['Temperature', 'TDS']",,
2025-12-16 16:00:00+08:00,27.25,256.604,3,7.535385,0,0,0,0,TRUE,TRUE,FALSE,FALSE,"['Temperature', 'TDS']",,
2025-12-16 16:15:00+08:00,27.25,256.604,3,7.535385,0,0,0,0,TRUE,TRUE,FALSE,FALSE,"['Temperature', 'TDS']",,
2025-12-16 16:30:00+08:00,27.25,256.604,3,7.535385,0,0,0,0,TRUE,TRUE,FALSE,FALSE,"['Temperature', 'TDS']",,
2025-12-16 16:45:00+08:00,27.25,256.604,3,7.535385,0,0,0,0,TRUE,TRUE,FALSE,FALSE,"['Temperature', 'TDS']",,
2025-12-16 17:00:00+08:00,27.25,256.604,3,7.535385,0,0,0,0,TRUE,TRUE,FALSE,FALSE,"['Temperature', 'TDS']",,
2025-12-16 17:15:00+08:00,27.25,256.604,3,7.535385,0,0,0,0,TRUE,TRUE,FALSE,FALSE,"['Temperature', 'TDS']",,
2025-12-16 17:30:00+08:00,27.25,256.604,3,7.535385,0,0,0,0,TRUE,TRUE,FALSE,FALSE,"['Temperature', 'TDS']",,
2025-12-16 17:45:00+08:00,27.25,256.604,3,7.545055,0,0,0,1.87E-05,TRUE,TRUE,FALSE,FALSE,"['Temperature', 'TDS']",,
2025-12-16 18:00:00+08:00,27.25,256.604,3,7.714286,0,0,0,0.006246818,TRUE,TRUE,FALSE,FALSE,"['Temperature', 'TDS']",,
2025-12-16 18:15:00+08:00,27.25,256.604,3,7.714286,0,0,0,0.009274378,TRUE,TRUE,FALSE,FALSE,"['Temperature', 'TDS']",,
2025-12-16 18:30:00+08:00,27.25,256.604,3,7.714286,0,0,0,0.00910138,TRUE,TRUE,FALSE,FALSE,"['Temperature', 'TDS']",,
2025-12-16 18:45:00+08:00,27.25,256.604,3,7.714286,0,0,0,0.005727826,TRUE,TRUE,FALSE,FALSE,"['Temperature', 'TDS']",,
2025-12-16 19:00:00+08:00,27.25,256.604,3,7.714286,0,0,0,0,TRUE,TRUE,FALSE,FALSE,"['Temperature', 'TDS']",,
2025-12-16 19:15:00+08:00,27.25,256.604,3,7.714286,0,0,0,0,TRUE,TRUE,FALSE,FALSE,"['Temperature', 'TDS']",,
2025-12-16 19:30:00+08:00,27.25,256.604,3,7.714286,0,0,0,0,TRUE,TRUE,FALSE,FALSE,"['Temperature', 'TDS']",,
2025-12-16 19:45:00+08:00,27.25,256.604,3,7.714286,0,0,0,0,TRUE,TRUE,FALSE,FALSE,"['Temperature', 'TDS']",,
2025-12-16 20:00:00+08:00,27.25,256.604,3,7.714286,0,0,0,0,TRUE,TRUE,FALSE,FALSE,"['Temperature', 'TDS']",,
2025-12-16 20:15:00+08:00,27.25,256.604,3,7.714286,0,0,0,0,TRUE,TRUE,FALSE,FALSE,"['Temperature', 'TDS']",,
2025-12-16 20:30:00+08:00,27.25,256.604,3,7.714286,0,0,0,0,TRUE,TRUE,FALSE,FALSE,"['Temperature', 'TDS']",,
2025-12-16 20:45:00+08:00,27.25,256.604,3,7.714286,0,0,0,0,TRUE,TRUE,FALSE,FALSE,"['Temperature', 'TDS']",,
2025-12-16 21:00:00+08:00,27.25,256.604,3,7.714286,0,0,0,0,TRUE,TRUE,FALSE,FALSE,"['Temperature', 'TDS']",,
2025-12-16 21:15:00+08:00,27.25,256.604,3,7.714286,0,0,0,0,TRUE,TRUE,FALSE,FALSE,"['Temperature', 'TDS']",,
2025-12-16 21:30:00+08:00,27.25,256.604,3,7.714286,0,0,0,0,TRUE,TRUE,FALSE,FALSE,"['Temperature', 'TDS']",,
2025-12-16 21:45:00+08:00,27.25,256.604,3,7.714286,0,0,0,0,TRUE,TRUE,FALSE,FALSE,"['Temperature', 'TDS']",,
2025-12-16 22:00:00+08:00,27.25,256.604,3,7.714286,0,0,0,0,TRUE,TRUE,FALSE,FALSE,"['Temperature', 'TDS']",,
2025-12-16 22:15:00+08:00,27.25,256.604,3,7.714286,0,0,0,0,TRUE,TRUE,FALSE,FALSE,"['Temperature', 'TDS']",,
2025-12-16 22:30:00+08:00,27.25,256.604,3,7.714286,0,0,0,0,TRUE,TRUE,FALSE,FALSE,"['Temperature', 'TDS']",,
2025-12-16 22:45:00+08:00,27.25,256.604,3,7.714286,0,0,0,0,TRUE,TRUE,FALSE,FALSE,"['Temperature', 'TDS']",,
2025-12-16 22:45:00+08:00,27.25,256.604,3,7.714286,,0,0,0,TRUE,TRUE,FALSE,FALSE,"['Temperature', 'TDS']",,
2025-12-16 23:00:00+08:00,27.25,256.604,3,7.714286,0,0,0,0,TRUE,TRUE,FALSE,FALSE,"['Temperature', 'TDS']",,
2025-12-16 23:00:00+08:00,27.25,256.604,3,7.714286,,0,0,0,TRUE,TRUE,FALSE,FALSE,"['Temperature', 'TDS']",,
2025-12-16 23:15:00+08:00,27.25,256.604,3,7.714286,0,0,0,0,TRUE,TRUE,FALSE,FALSE,"['Temperature', 'TDS']",,
2025-12-16 23:30:00+08:00,27.25,256.604,3,7.714286,0,0,0,0,TRUE,TRUE,FALSE,FALSE,"['Temperature', 'TDS']",,
2025-12-16 23:45:00+08:00,27.25,256.604,3,7.714286,0,0,0,0,TRUE,TRUE,FALSE,FALSE,"['Temperature', 'TDS']",,
2025-12-17 00:00:00+08:00,27.25,256.604,3,7.714286,0,0,0,0,TRUE,TRUE,FALSE,FALSE,"['Temperature', 'TDS']",,
2025-12-17 00:15:00+08:00,27.25,256.604,3,7.714286,0,0,0,0,TRUE,TRUE,FALSE,FALSE,"['Temperature', 'TDS']",,
2025-12-17 00:30:00+08:00,27.25,256.604,3,7.714286,0,0,0,0,TRUE,TRUE,FALSE,FALSE,"['Temperature', 'TDS']",,
2025-12-17 00:45:00+08:00,27.25,256.604,3,7.714286,0,0,0,0,TRUE,TRUE,FALSE,FALSE,"['Temperature', 'TDS']",,
2025-12-17 01:00:00+08:00,27.25,256.604,3,7.714286,0,0,0,0,TRUE,TRUE,FALSE,FALSE,"['Temperature', 'TDS']",,
2025-12-17 01:15:00+08:00,27.25,256.604,3,7.714286,0,0,0,0,TRUE,TRUE,FALSE,FALSE,"['Temperature', 'TDS']",,
2025-12-17 01:30:00+08:00,27.25,256.604,3,7.714286,0,0,0,0,TRUE,TRUE,FALSE,FALSE,"['Temperature', 'TDS']",,
2025-12-17 01:45:00+08:00,27.25,256.604,3,7.714286,0,0,0,0,TRUE,TRUE,FALSE,FALSE,"['Temperature', 'TDS']",,
2025-12-17 02:00:00+08:00,27.25,256.604,3,7.714286,0,0,0,0,TRUE,TRUE,FALSE,FALSE,"['Temperature', 'TDS']",,
2025-12-17 02:15:00+08:00,27.25,256.604,3,7.714286,0,0,0,0,TRUE,TRUE,FALSE,FALSE,"['Temperature', 'TDS']",,
2025-12-17 02:30:00+08:00,27.25,256.604,3,7.714286,0,0,0,0,TRUE,TRUE,FALSE,FALSE,"['Temperature', 'TDS']",,
2025-12-17 02:45:00+08:00,27.25,256.604,3,7.714286,0,0,0,0,TRUE,TRUE,FALSE,FALSE,"['Temperature', 'TDS']",,
2025-12-17 03:00:00+08:00,27.25,256.604,3,7.714286,0,0,0,0,TRUE,TRUE,FALSE,FALSE,"['Temperature', 'TDS']",,
2025-12-17 03:15:00+08:00,27.25,256.604,3,7.714286,0,0,0,0,TRUE,TRUE,FALSE,FALSE,"['Temperature', 'TDS']",,
2025-12-17 03:30:00+08:00,27.25,256.604,3,7.714286,0,0,0,0,TRUE,TRUE,FALSE,FALSE,"['Temperature', 'TDS']",,
2025-12-17 03:45:00+08:00,27.25,256.604,3,7.714286,0,0,0,0,TRUE,TRUE,FALSE,FALSE,"['Temperature', 'TDS']",,
2025-12-17 04:00:00+08:00,27.25,256.604,3,7.714286,0,0,0,0,TRUE,TRUE,FALSE,FALSE,"['Temperature', 'TDS']",,
2025-12-17 04:15:00+08:00,27.25,256.604,3,7.714286,0,0,0,0,TRUE,TRUE,FALSE,FALSE,"['Temperature', 'TDS']",,
2025-12-17 04:30:00+08:00,27.25,256.604,3,7.714286,0,0,0,0,TRUE,TRUE,FALSE,FALSE,"['Temperature', 'TDS']",,
2025-12-17 04:45:00+08:00,27.25,256.604,3,7.714286,0,0,0,0,TRUE,TRUE,FALSE,FALSE,"['Temperature', 'TDS']",,
2025-12-17 05:00:00+08:00,27.25,256.604,3,7.714286,0,0,0,0,TRUE,TRUE,FALSE,FALSE,"['Temperature', 'TDS']",,
2025-12-17 05:15:00+08:00,27.25,256.604,3,7.714286,0,0,0,0,TRUE,TRUE,FALSE,FALSE,"['Temperature', 'TDS']",,
2025-12-17 05:30:00+08:00,27.25,256.604,3,7.714286,0,0,0,0,TRUE,TRUE,FALSE,FALSE,"['Temperature', 'TDS']",,
2025-12-17 05:45:00+08:00,27.25,256.604,3,7.714286,0,0,0,0,TRUE,TRUE,FALSE,FALSE,"['Temperature', 'TDS']",,
2025-12-17 06:00:00+08:00,27.25,256.604,3,7.714286,0,0,0,0,TRUE,TRUE,FALSE,FALSE,"['Temperature', 'TDS']",,
2025-12-17 06:15:00+08:00,27.25,256.604,3,7.714286,0,0,0,0,TRUE,TRUE,FALSE,FALSE,"['Temperature', 'TDS']",,
2025-12-17 06:30:00+08:00,27.25,256.604,3,7.714286,0,0,0,0,TRUE,TRUE,FALSE,FALSE,"['Temperature', 'TDS']",,
2025-12-17 06:45:00+08:00,27.25,256.604,3,7.714286,0,0,0,0,TRUE,TRUE,FALSE,FALSE,"['Temperature', 'TDS']",,
2025-12-17 07:00:00+08:00,27.25,256.604,3,7.714286,0,0,0,0,TRUE,TRUE,FALSE,FALSE,"['Temperature', 'TDS']",,
2025-12-17 07:15:00+08:00,27.25,256.604,3,7.714286,0,0,0,0,TRUE,TRUE,FALSE,FALSE,"['Temperature', 'TDS']",,
2025-12-17 07:30:00+08:00,27.25,256.604,3,7.714286,0,0,0,0,TRUE,TRUE,FALSE,FALSE,"['Temperature', 'TDS']",,
2025-12-17 07:45:00+08:00,27.25,256.604,3,7.714286,0,0,0,0,TRUE,TRUE,FALSE,FALSE,"['Temperature', 'TDS']",,
2025-12-17 08:00:00+08:00,27.25,256.604,3,7.714286,0,0,0,0,TRUE,TRUE,FALSE,FALSE,"['Temperature', 'TDS']",,
2025-12-17 08:15:00+08:00,27.25,256.604,3,7.714286,0,0,0,0,TRUE,TRUE,FALSE,FALSE,"['Temperature', 'TDS']",,
2025-12-17 08:30:00+08:00,27.25,256.604,3,7.545055,0,0,0,0.005727826,TRUE,TRUE,FALSE,FALSE,"['Temperature', 'TDS']",,
2025-12-17 08:45:00+08:00,27.25,256.604,3,7.545055,0,0,0,0.008591739,TRUE,TRUE,FALSE,FALSE,"['Temperature', 'TDS']",,
2025-12-17 09:00:00+08:00,27.25,256.604,3,7.53055,0,0,0,0.009124758,TRUE,TRUE,FALSE,FALSE,"['Temperature', 'TDS']",,
2025-12-17 09:15:00+08:00,27.25,256.604,3,7.53055,0,0,0,0.006281884,TRUE,TRUE,FALSE,FALSE,"['Temperature', 'TDS']",,
2025-12-17 09:30:00+08:00,27.25,256.604,3,7.53055,0,0,0,6.31E-05,TRUE,TRUE,FALSE,FALSE,"['Temperature', 'TDS']",,
2025-12-17 09:45:00+08:00,27.25,256.604,3,7.53055,0,0,0,4.21E-05,TRUE,TRUE,FALSE,FALSE,"['Temperature', 'TDS']",,
2025-12-17 10:00:00+08:00,27.25,256.604,3,7.53055,0,0,0,0,TRUE,TRUE,FALSE,FALSE,"['Temperature', 'TDS']",,
2025-12-17 10:15:00+08:00,27.25,256.604,3,7.53055,0,0,0,0,TRUE,TRUE,FALSE,FALSE,"['Temperature', 'TDS']",,
2025-12-17 10:30:00+08:00,27.25,256.604,3,7.53055,0,0,0,0,TRUE,TRUE,FALSE,FALSE,"['Temperature', 'TDS']",,
2025-12-17 10:45:00+08:00,27.25,256.604,3,7.53055,0,0,0,0,TRUE,TRUE,FALSE,FALSE,"['Temperature', 'TDS']",,
2025-12-17 11:00:00+08:00,27.25,256.604,3,7.53055,0,0,0,0,TRUE,TRUE,FALSE,FALSE,"['Temperature', 'TDS']",,
2025-12-17 11:15:00+08:00,27.25,256.604,3,7.53055,0,0,0,0,TRUE,TRUE,FALSE,FALSE,"['Temperature', 'TDS']",,
2025-12-17 11:30:00+08:00,27.25,256.604,3,7.53055,0,0,0,0,TRUE,TRUE,FALSE,FALSE,"['Temperature', 'TDS']",,
2025-12-17 11:45:00+08:00,27.25,256.604,3,7.53055,0,0,0,0,TRUE,TRUE,FALSE,FALSE,"['Temperature', 'TDS']",,
2025-12-17 12:00:00+08:00,27.25,256.604,3,7.53055,0,0,0,0,TRUE,TRUE,FALSE,FALSE,"['Temperature', 'TDS']",,
2025-12-17 12:15:00+08:00,27.25,256.604,3,7.53055,0,0,0,0,TRUE,TRUE,FALSE,FALSE,"['Temperature', 'TDS']",,
2025-12-17 12:30:00+08:00,27.25,256.604,3,7.53055,0,0,0,0,TRUE,TRUE,FALSE,FALSE,"['Temperature', 'TDS']",,
2025-12-17 12:45:00+08:00,27.25,256.604,3,7.53055,0,0,0,0,TRUE,TRUE,FALSE,FALSE,"['Temperature', 'TDS']",,
2025-12-17 13:00:00+08:00,27.25,256.604,3,7.53055,0,0,0,0,TRUE,TRUE,FALSE,FALSE,"['Temperature', 'TDS']",,
2025-12-17 13:15:00+08:00,27.25,256.604,3,7.53055,0,0,0,0,TRUE,TRUE,FALSE,FALSE,"['Temperature', 'TDS']",,
2025-12-17 13:30:00+08:00,27.25,256.604,3,7.53055,0,0,0,0,TRUE,TRUE,FALSE,FALSE,"['Temperature', 'TDS']",,
2025-12-17 13:45:00+08:00,27.25,256.604,3,7.53055,0,0,0,0,TRUE,TRUE,FALSE,FALSE,"['Temperature', 'TDS']",,
2025-12-17 14:00:00+08:00,27.25,256.604,3,7.53055,0,0,0,0,TRUE,TRUE,FALSE,FALSE,"['Temperature', 'TDS']",,
2025-12-17 14:15:00+08:00,27.25,256.604,3,7.53055,0,0,0,0,TRUE,TRUE,FALSE,FALSE,"['Temperature', 'TDS']",,
2025-12-17 14:30:00+08:00,27.25,256.604,3,7.53055,0,0,0,0,TRUE,TRUE,FALSE,FALSE,"['Temperature', 'TDS']",,
2025-12-17 14:45:00+08:00,27.25,256.604,3,7.53055,0,0,0,0,TRUE,TRUE,FALSE,FALSE,"['Temperature', 'TDS']",,
2025-12-17 15:00:00+08:00,27.25,256.604,3,7.53055,0,0,0,0,TRUE,TRUE,FALSE,FALSE,"['Temperature', 'TDS']",,
2025-12-17 15:15:00+08:00,27.25,256.604,3,7.53055,0,0,0,0,TRUE,TRUE,FALSE,FALSE,"['Temperature', 'TDS']",,
2025-12-17 15:30:00+08:00,27.25,256.604,3,7.53055,0,0,0,0,TRUE,TRUE,FALSE,FALSE,"['Temperature', 'TDS']",,
2025-12-17 15:45:00+08:00,27.25,256.604,3,7.53055,0,0,0,0,TRUE,TRUE,FALSE,FALSE,"['Temperature', 'TDS']",,
2025-12-17 16:00:00+08:00,27.25,256.604,3,7.53055,0,0,0,0,TRUE,TRUE,FALSE,FALSE,"['Temperature', 'TDS']",,
2025-12-17 16:15:00+08:00,27.25,256.604,3,7.53055,0,0,0,0,TRUE,TRUE,FALSE,FALSE,"['Temperature', 'TDS']",,
2025-12-17 16:30:00+08:00,27.25,256.604,3,7.53055,0,0,0,0,TRUE,TRUE,FALSE,FALSE,"['Temperature', 'TDS']",,
2025-12-17 16:45:00+08:00,27.25,256.604,3,7.53055,0,0,0,0,TRUE,TRUE,FALSE,FALSE,"['Temperature', 'TDS']",,
2025-12-17 17:00:00+08:00,27.25,256.604,3,7.53055,0,0,0,0,TRUE,TRUE,FALSE,FALSE,"['Temperature', 'TDS']",,
2025-12-17 17:15:00+08:00,27.25,256.604,3,7.53055,0,0,0,0,TRUE,TRUE,FALSE,FALSE,"['Temperature', 'TDS']",,
2025-12-17 17:30:00+08:00,27.25,256.604,3,7.53055,0,0,0,0,TRUE,TRUE,FALSE,FALSE,"['Temperature', 'TDS']",,
2025-12-17 17:45:00+08:00,27.25,256.604,3,7.520879,0,0,0,1.87E-05,TRUE,TRUE,FALSE,FALSE,"['Temperature', 'TDS']",,
2025-12-17 18:00:00+08:00,27.25,256.604,3,7.535385,0,0,0,2.81E-05,TRUE,TRUE,FALSE,FALSE,"['Temperature', 'TDS']",,
2025-12-17 18:15:00+08:00,27.25,256.604,3,7.535385,0,0,0,3.51E-05,TRUE,TRUE,FALSE,FALSE,"['Temperature', 'TDS']",,
2025-12-17 18:30:00+08:00,27.25,256.604,3,7.535385,0,0,0,3.97E-05,TRUE,TRUE,FALSE,FALSE,"['Temperature', 'TDS']",,
2025-12-17 18:45:00+08:00,27.25,256.604,3,7.535385,0,0,0,4.21E-05,TRUE,TRUE,FALSE,FALSE,"['Temperature', 'TDS']",,
2025-12-17 19:00:00+08:00,27.25,256.604,3,7.535385,0,0,0,0,TRUE,TRUE,FALSE,FALSE,"['Temperature', 'TDS']",,
2025-12-17 19:15:00+08:00,27.25,256.604,3,7.535385,0,0,0,0,TRUE,TRUE,FALSE,FALSE,"['Temperature', 'TDS']",,
2025-12-17 19:30:00+08:00,27.25,256.604,3,7.535385,0,0,0,0,TRUE,TRUE,FALSE,FALSE,"['Temperature', 'TDS']",,
2025-12-17 19:45:00+08:00,27.25,256.604,3,7.535385,0,0,0,0,TRUE,TRUE,FALSE,FALSE,"['Temperature', 'TDS']",,
2025-12-17 20:00:00+08:00,27.25,256.604,3,7.535385,0,0,0,0,TRUE,TRUE,FALSE,FALSE,"['Temperature', 'TDS']",,
2025-12-17 20:15:00+08:00,27.25,256.604,3,7.535385,0,0,0,0,TRUE,TRUE,FALSE,FALSE,"['Temperature', 'TDS']",,
2025-12-17 20:30:00+08:00,27.25,256.604,3,7.535385,0,0,0,0,TRUE,TRUE,FALSE,FALSE,"['Temperature', 'TDS']",,
2025-12-17 20:45:00+08:00,27.25,256.604,3,7.535385,0,0,0,0,TRUE,TRUE,FALSE,FALSE,"['Temperature', 'TDS']",,
2025-12-17 21:00:00+08:00,27.25,256.604,3,7.535385,0,0,0,0,TRUE,TRUE,FALSE,FALSE,"['Temperature', 'TDS']",,
2025-12-17 21:15:00+08:00,27.25,256.604,3,7.535385,0,0,0,0,TRUE,TRUE,FALSE,FALSE,"['Temperature', 'TDS']",,
2025-12-17 21:30:00+08:00,27.25,256.604,3,7.535385,0,0,0,0,TRUE,TRUE,FALSE,FALSE,"['Temperature', 'TDS']",,
2025-12-17 21:45:00+08:00,27.25,256.604,3,7.535385,0,0,0,0,TRUE,TRUE,FALSE,FALSE,"['Temperature', 'TDS']",,
2025-12-17 22:00:00+08:00,27.25,256.604,3,7.535385,0,0,0,0,TRUE,TRUE,FALSE,FALSE,"['Temperature', 'TDS']",,
2025-12-17 22:15:00+08:00,27.25,256.604,3,7.535385,0,0,0,0,TRUE,TRUE,FALSE,FALSE,"['Temperature', 'TDS']",,
2025-12-17 22:30:00+08:00,27.25,256.604,3,7.535385,0,0,0,0,TRUE,TRUE,FALSE,FALSE,"['Temperature', 'TDS']",,
2025-12-17 22:45:00+08:00,27.25,256.604,3,7.535385,0,0,0,0,TRUE,TRUE,FALSE,FALSE,"['Temperature', 'TDS']",,
2025-12-17 22:45:00+08:00,27.25,256.604,3,7.535385,,0,0,0,TRUE,TRUE,FALSE,FALSE,"['Temperature', 'TDS']",,
2025-12-17 23:00:00+08:00,27.25,256.604,3,7.535385,0,0,0,0,TRUE,TRUE,FALSE,FALSE,"['Temperature', 'TDS']",,
2025-12-17 23:15:00+08:00,27.25,256.604,3,7.535385,0,0,0,0,TRUE,TRUE,FALSE,FALSE,"['Temperature', 'TDS']",,
2025-12-17 23:30:00+08:00,27.25,256.604,3,7.535385,0,0,0,0,TRUE,TRUE,FALSE,FALSE,"['Temperature', 'TDS']",,
2025-12-17 23:45:00+08:00,27.25,256.604,3,7.535385,0,0,0,0,TRUE,TRUE,FALSE,FALSE,"['Temperature', 'TDS']",,
2025-12-18 00:00:00+08:00,27.25,256.604,3,7.535385,0,0,0,0,TRUE,TRUE,FALSE,FALSE,"['Temperature', 'TDS']",,
2025-12-18 00:15:00+08:00,27.25,256.604,3,7.535385,0,0,0,0,TRUE,TRUE,FALSE,FALSE,"['Temperature', 'TDS']",,
2025-12-18 00:30:00+08:00,27.25,256.604,3,7.535385,0,0,0,0,TRUE,TRUE,FALSE,FALSE,"['Temperature', 'TDS']",,
2025-12-18 00:45:00+08:00,27.25,256.604,3,7.535385,0,0,0,0,TRUE,TRUE,FALSE,FALSE,"['Temperature', 'TDS']",,
2025-12-18 01:00:00+08:00,27.25,256.604,3,7.535385,0,0,0,0,TRUE,TRUE,FALSE,FALSE,"['Temperature', 'TDS']",,
2025-12-18 01:15:00+08:00,27.25,256.604,3,7.535385,0,0,0,0,TRUE,TRUE,FALSE,FALSE,"['Temperature', 'TDS']",,
2025-12-18 01:30:00+08:00,27.25,256.604,3,7.535385,0,0,0,0,TRUE,TRUE,FALSE,FALSE,"['Temperature', 'TDS']",,
2025-12-18 01:45:00+08:00,27.25,256.604,3,7.535385,0,0,0,0,TRUE,TRUE,FALSE,FALSE,"['Temperature', 'TDS']",,
2025-12-18 02:00:00+08:00,27.25,256.604,3,7.535385,0,0,0,0,TRUE,TRUE,FALSE,FALSE,"['Temperature', 'TDS']",,
2025-12-18 02:15:00+08:00,27.25,256.604,3,7.535385,0,0,0,0,TRUE,TRUE,FALSE,FALSE,"['Temperature', 'TDS']",,
2025-12-18 02:30:00+08:00,27.25,256.604,3,7.535385,0,0,0,0,TRUE,TRUE,FALSE,FALSE,"['Temperature', 'TDS']",,
2025-12-18 02:45:00+08:00,27.25,256.604,3,7.535385,0,0,0,0,TRUE,TRUE,FALSE,FALSE,"['Temperature', 'TDS']",,
2025-12-18 03:00:00+08:00,27.25,256.604,3,7.535385,0,0,0,0,TRUE,TRUE,FALSE,FALSE,"['Temperature', 'TDS']",,
2025-12-18 03:15:00+08:00,27.25,256.604,3,7.535385,0,0,0,0,TRUE,TRUE,FALSE,FALSE,"['Temperature', 'TDS']",,
2025-12-18 03:30:00+08:00,27.25,256.604,3,7.535385,0,0,0,0,TRUE,TRUE,FALSE,FALSE,"['Temperature', 'TDS']",,
2025-12-18 03:45:00+08:00,27.25,256.604,3,7.535385,0,0,0,0,TRUE,TRUE,FALSE,FALSE,"['Temperature', 'TDS']",,
2025-12-18 04:00:00+08:00,27.25,256.604,3,7.535385,0,0,0,0,TRUE,TRUE,FALSE,FALSE,"['Temperature', 'TDS']",,
2025-12-18 04:15:00+08:00,27.25,256.604,3,7.535385,0,0,0,0,TRUE,TRUE,FALSE,FALSE,"['Temperature', 'TDS']",,
2025-12-18 04:30:00+08:00,27.25,256.604,3,7.535385,0,0,0,0,TRUE,TRUE,FALSE,FALSE,"['Temperature', 'TDS']",,
2025-12-18 04:45:00+08:00,27.25,256.604,3,7.535385,0,0,0,0,TRUE,TRUE,FALSE,FALSE,"['Temperature', 'TDS']",,
2025-12-18 05:00:00+08:00,27.25,256.604,3,7.535385,0,0,0,0,TRUE,TRUE,FALSE,FALSE,"['Temperature', 'TDS']",,
2025-12-18 05:15:00+08:00,27.25,256.604,3,7.535385,0,0,0,0,TRUE,TRUE,FALSE,FALSE,"['Temperature', 'TDS']",,
2025-12-18 05:30:00+08:00,27.25,256.604,3,7.535385,0,0,0,0,TRUE,TRUE,FALSE,FALSE,"['Temperature', 'TDS']",,
2025-12-18 05:45:00+08:00,27.25,256.604,3,7.535385,0,0,0,0,TRUE,TRUE,FALSE,FALSE,"['Temperature', 'TDS']",,
2025-12-18 06:00:00+08:00,27.25,256.604,3,7.535385,0,0,0,0,TRUE,TRUE,FALSE,FALSE,"['Temperature', 'TDS']",,
2025-12-18 06:15:00+08:00,27.25,256.604,3,7.535385,0,0,0,0,TRUE,TRUE,FALSE,FALSE,"['Temperature', 'TDS']",,
2025-12-18 06:30:00+08:00,27.25,256.604,3,7.535385,0,0,0,0,TRUE,TRUE,FALSE,FALSE,"['Temperature', 'TDS']",,
2025-12-18 06:45:00+08:00,27.25,256.604,3,7.535385,0,0,0,0,TRUE,TRUE,FALSE,FALSE,"['Temperature', 'TDS']",,
2025-12-18 07:00:00+08:00,27.25,256.604,3,7.535385,0,0,0,0,TRUE,TRUE,FALSE,FALSE,"['Temperature', 'TDS']",,
2025-12-18 07:15:00+08:00,27.25,256.604,3,7.535385,0,0,0,0,TRUE,TRUE,FALSE,FALSE,"['Temperature', 'TDS']",,
2025-12-18 07:30:00+08:00,27.25,256.604,3,7.535385,0,0,0,0,TRUE,TRUE,FALSE,FALSE,"['Temperature', 'TDS']",,
2025-12-18 07:45:00+08:00,27.25,256.604,3,7.535385,0,0,0,0,TRUE,TRUE,FALSE,FALSE,"['Temperature', 'TDS']",,
2025-12-18 08:00:00+08:00,27.25,256.604,3,7.535385,0,0,0,0,TRUE,TRUE,FALSE,FALSE,"['Temperature', 'TDS']",,
2025-12-18 08:15:00+08:00,27.25,256.604,3,7.535385,0,0,0,0,TRUE,TRUE,FALSE,FALSE,"['Temperature', 'TDS']",,
2025-12-18 08:30:00+08:00,27.25,256.604,3,7.535385,0,0,0,0,TRUE,TRUE,FALSE,FALSE,"['Temperature', 'TDS']",,
2025-12-18 08:45:00+08:00,25.5625,261.2774,3,7.53055,-0.001875,3.73872,0,4.68E-06,FALSE,FALSE,FALSE,FALSE,['Unknown/Noise'],-1,Outlier
2025-12-18 09:00:00+08:00,25.5625,260.4462,3,7.53055,0,2.13908,0,7.01E-06,FALSE,FALSE,FALSE,FALSE,['Normal'],1,Inlier
2025-12-18 09:15:00+08:00,25.5625,260.4462,3,7.53055,0,1.37064,0,7.01E-06,FALSE,FALSE,FALSE,FALSE,['Normal'],1,Inlier
2025-12-18 09:30:00+08:00,25.5625,260.4462,3,7.53055,0,0.6022,0,4.68E-06,FALSE,FALSE,FALSE,FALSE,['Normal'],1,Inlier
2025-12-18 09:45:00+08:00,25.5625,260.4462,3,7.53055,0,-0.16624,0,0,FALSE,FALSE,FALSE,FALSE,['Normal'],1,Inlier
2025-12-18 10:00:00+08:00,25.5625,260.4462,3,7.53055,0,0,0,0,FALSE,FALSE,FALSE,FALSE,['Normal'],1,Inlier
2025-12-18 10:15:00+08:00,25.5625,260.4462,3,7.53055,0,0,0,0,FALSE,FALSE,FALSE,FALSE,['Normal'],1,Inlier
2025-12-18 10:30:00+08:00,25.5625,260.4462,3,7.53055,0,0,0,0,FALSE,FALSE,FALSE,FALSE,['Normal'],1,Inlier
2025-12-18 10:45:00+08:00,25.5625,260.4462,3,7.53055,0,0,0,0,FALSE,FALSE,FALSE,FALSE,['Normal'],1,Inlier
2025-12-18 11:00:00+08:00,25.5625,260.4462,3,7.53055,0,0,0,0,FALSE,FALSE,FALSE,FALSE,['Normal'],1,Inlier
2025-12-18 11:15:00+08:00,25.5625,260.4462,3,7.53055,0,0,0,0,FALSE,FALSE,FALSE,FALSE,['Normal'],1,Inlier
2025-12-18 11:30:00+08:00,25.5625,260.4462,3,7.53055,0,0,0,0,FALSE,FALSE,FALSE,FALSE,['Normal'],1,Inlier
2025-12-18 11:45:00+08:00,25.5625,260.4462,3,7.53055,0,0,0,0,FALSE,FALSE,FALSE,FALSE,['Normal'],1,Inlier
2025-12-18 12:00:00+08:00,25.5625,260.4462,3,7.53055,0,0,0,0,FALSE,FALSE,FALSE,FALSE,['Normal'],1,Inlier
2025-12-18 12:15:00+08:00,25.5625,260.4462,3,7.53055,0,0,0,0,FALSE,FALSE,FALSE,FALSE,['Normal'],1,Inlier
2025-12-18 12:30:00+08:00,25.5625,260.4462,3,7.53055,0,0,0,0,FALSE,FALSE,FALSE,FALSE,['Normal'],1,Inlier
2025-12-18 12:45:00+08:00,25.5625,260.4462,3,7.53055,0,0,0,0,FALSE,FALSE,FALSE,FALSE,['Normal'],1,Inlier
2025-12-18 13:00:00+08:00,25.5625,260.4462,3,7.53055,0,0,0,0,FALSE,FALSE,FALSE,FALSE,['Normal'],1,Inlier
2025-12-18 13:15:00+08:00,25.5625,260.4462,3,7.53055,0,0,0,0,FALSE,FALSE,FALSE,FALSE,['Normal'],1,Inlier
2025-12-18 13:30:00+08:00,25.5625,260.4462,3,7.53055,0,0,0,0,FALSE,FALSE,FALSE,FALSE,['Normal'],1,Inlier
2025-12-18 13:45:00+08:00,25.5625,260.4462,3,7.53055,0,0,0,0,FALSE,FALSE,FALSE,FALSE,['Normal'],1,Inlier
2025-12-18 14:00:00+08:00,25.5625,260.4462,3,7.53055,0,0,0,0,FALSE,FALSE,FALSE,FALSE,['Normal'],1,Inlier
2025-12-18 14:15:00+08:00,25.5625,260.4462,3,7.53055,0,0,0,0,FALSE,FALSE,FALSE,FALSE,['Normal'],1,Inlier
2025-12-18 14:30:00+08:00,25.5625,260.4462,3,7.53055,0,0,0,0,FALSE,FALSE,FALSE,FALSE,['Normal'],1,Inlier
2025-12-18 14:45:00+08:00,25.5625,260.4462,3,7.53055,0,0,0,0,FALSE,FALSE,FALSE,FALSE,['Normal'],1,Inlier
2025-12-18 15:00:00+08:00,25.5625,260.4462,3,7.53055,0,0,0,0,FALSE,FALSE,FALSE,FALSE,['Normal'],1,Inlier
2025-12-18 15:15:00+08:00,25.5625,260.4462,3,7.53055,0,0,0,0,FALSE,FALSE,FALSE,FALSE,['Normal'],1,Inlier
2025-12-18 15:30:00+08:00,25.5625,260.4462,3,7.53055,0,0,0,0,FALSE,FALSE,FALSE,FALSE,['Normal'],1,Inlier
2025-12-18 15:45:00+08:00,25.5625,260.4462,3,7.53055,0,0,0,0,FALSE,FALSE,FALSE,FALSE,['Normal'],1,Inlier
2025-12-18 16:00:00+08:00,25.5625,260.4462,3,7.53055,0,0,0,0,FALSE,FALSE,FALSE,FALSE,['Normal'],1,Inlier
2025-12-18 16:15:00+08:00,25.5625,260.4462,3,7.53055,0,0,0,0,FALSE,FALSE,FALSE,FALSE,['Normal'],1,Inlier
2025-12-18 16:30:00+08:00,25.5625,260.4462,3,7.53055,0,0,0,0,FALSE,FALSE,FALSE,FALSE,['Normal'],1,Inlier
2025-12-18 16:45:00+08:00,25.5625,260.4462,3,7.53055,0,0,0,0,FALSE,FALSE,FALSE,FALSE,['Normal'],1,Inlier
2025-12-18 17:00:00+08:00,25.5625,260.4462,3,7.53055,0,0,0,0,FALSE,FALSE,FALSE,FALSE,['Normal'],1,Inlier
2025-12-18 17:15:00+08:00,25.5625,260.4462,3,7.53055,0,0,0,0,FALSE,FALSE,FALSE,FALSE,['Normal'],1,Inlier
2025-12-18 17:30:00+08:00,25.5625,260.4462,3,7.53055,0,0,0,0,FALSE,FALSE,FALSE,FALSE,['Normal'],1,Inlier
2025-12-18 17:45:00+08:00,25.5625,260.4462,3,7.491868,0,0,0,0.000299259,TRUE,TRUE,FALSE,FALSE,"['Temperature', 'TDS']",,
2025-12-18 18:00:00+08:00,26.6875,257.8565,3,7.54022,0.00125,-2.07176,0,0.000355367,FALSE,FALSE,FALSE,FALSE,['Unknown/Noise'],-1,Outlier
2025-12-18 18:15:00+08:00,26.6875,257.8565,3,7.54022,0,-1.55382,0,0.000402123,FALSE,FALSE,FALSE,FALSE,['Normal'],1,Inlier
2025-12-18 18:30:00+08:00,26.6875,257.8565,3,7.54022,0,-1.03588,0,0.000439529,FALSE,FALSE,FALSE,FALSE,['Normal'],1,Inlier
2025-12-18 18:45:00+08:00,26.6875,257.8565,3,7.54022,0,-0.51794,0,0.000467583,FALSE,FALSE,FALSE,FALSE,['Normal'],1,Inlier
2025-12-18 19:00:00+08:00,26.6875,257.8565,3,7.54022,0,0,0,0,FALSE,FALSE,FALSE,FALSE,['Normal'],1,Inlier
2025-12-18 19:15:00+08:00,26.6875,257.8565,3,7.54022,0,0,0,0,FALSE,FALSE,FALSE,FALSE,['Normal'],1,Inlier
2025-12-18 19:30:00+08:00,26.6875,257.8565,3,7.54022,0,0,0,0,FALSE,FALSE,FALSE,FALSE,['Normal'],1,Inlier
2025-12-18 19:45:00+08:00,26.6875,257.8565,3,7.54022,0,0,0,0,FALSE,FALSE,FALSE,FALSE,['Normal'],1,Inlier
2025-12-18 20:00:00+08:00,26.6875,257.8565,3,7.54022,0,0,0,0,FALSE,FALSE,FALSE,FALSE,['Normal'],1,Inlier
2025-12-18 20:15:00+08:00,26.6875,257.8565,3,7.54022,0,0,0,0,FALSE,FALSE,FALSE,FALSE,['Normal'],1,Inlier
2025-12-18 20:30:00+08:00,26.6875,257.8565,3,7.54022,0,0,0,0,FALSE,FALSE,FALSE,FALSE,['Normal'],1,Inlier
2025-12-18 20:45:00+08:00,26.6875,257.8565,3,7.54022,0,0,0,0,FALSE,FALSE,FALSE,FALSE,['Normal'],1,Inlier
2025-12-18 21:00:00+08:00,26.6875,257.8565,3,7.54022,0,0,0,0,FALSE,FALSE,FALSE,FALSE,['Normal'],1,Inlier
2025-12-18 21:15:00+08:00,26.6875,257.8565,3,7.54022,0,0,0,0,FALSE,FALSE,FALSE,FALSE,['Normal'],1,Inlier
2025-12-18 21:30:00+08:00,26.6875,257.8565,3,7.54022,0,0,0,0,FALSE,FALSE,FALSE,FALSE,['Normal'],1,Inlier
2025-12-18 21:45:00+08:00,26.6875,257.8565,3,7.54022,0,0,0,0,FALSE,FALSE,FALSE,FALSE,['Normal'],1,Inlier
2025-12-18 22:00:00+08:00,26.6875,257.8565,3,7.54022,0,0,0,0,FALSE,FALSE,FALSE,FALSE,['Normal'],1,Inlier
2025-12-18 22:15:00+08:00,26.6875,257.8565,3,7.54022,0,0,0,0,FALSE,FALSE,FALSE,FALSE,['Normal'],1,Inlier
2025-12-18 22:30:00+08:00,26.6875,257.8565,3,7.54022,0,0,0,0,FALSE,FALSE,FALSE,FALSE,['Normal'],1,Inlier
2025-12-18 22:45:00+08:00,26.6875,257.8565,3,7.54022,0,0,0,0,FALSE,FALSE,FALSE,FALSE,['Normal'],1,Inlier
2025-12-23 22:45:00+08:00,26.6875,257.8565,3,7.525714,0,0,0,4.21E-05,TRUE,TRUE,FALSE,FALSE,"['Temperature', 'TDS']",,
2025-12-23 23:00:00+08:00,26.6875,257.8565,3,7.525714,0,0,0,6.31E-05,TRUE,TRUE,FALSE,FALSE,"['Temperature', 'TDS']",,
2025-12-23 23:15:00+08:00,26.6875,257.8565,3,7.525714,0,0,0,6.31E-05,TRUE,TRUE,FALSE,FALSE,"['Temperature', 'TDS']",,
2025-12-23 23:30:00+08:00,26.6875,257.8565,3,7.525714,0,0,0,4.21E-05,TRUE,TRUE,FALSE,FALSE,"['Temperature', 'TDS']",,
2025-12-23 23:45:00+08:00,26.6875,257.8565,3,7.525714,0,0,0,0,TRUE,TRUE,FALSE,FALSE,"['Temperature', 'TDS']",,
2025-12-24 00:00:00+08:00,26.6875,257.8565,3,7.525714,0,0,0,0,TRUE,TRUE,FALSE,FALSE,"['Temperature', 'TDS']",,
2025-12-24 00:15:00+08:00,26.6875,257.8565,3,7.525714,0,0,0,0,TRUE,TRUE,FALSE,FALSE,"['Temperature', 'TDS']",,
2025-12-24 00:30:00+08:00,26.6875,257.8565,3,7.525714,0,0,0,0,TRUE,TRUE,FALSE,FALSE,"['Temperature', 'TDS']",,
2025-12-24 00:45:00+08:00,26.6875,257.8565,3,7.525714,0,0,0,0,TRUE,TRUE,FALSE,FALSE,"['Temperature', 'TDS']",,
2025-12-24 01:00:00+08:00,26.6875,257.8565,3,7.525714,0,0,0,0,TRUE,TRUE,FALSE,FALSE,"['Temperature', 'TDS']",,
2025-12-24 01:15:00+08:00,26.6875,257.8565,3,7.525714,0,0,0,0,TRUE,TRUE,FALSE,FALSE,"['Temperature', 'TDS']",,
2025-12-24 01:30:00+08:00,26.6875,257.8565,3,7.525714,0,0,0,0,TRUE,TRUE,FALSE,FALSE,"['Temperature', 'TDS']",,
2025-12-24 01:45:00+08:00,26.6875,257.8565,3,7.525714,0,0,0,0,TRUE,TRUE,FALSE,FALSE,"['Temperature', 'TDS']",,
2025-12-24 02:00:00+08:00,26.6875,257.8565,3,7.525714,0,0,0,0,TRUE,TRUE,FALSE,FALSE,"['Temperature', 'TDS']",,
2025-12-24 02:15:00+08:00,26.6875,257.8565,3,7.525714,0,0,0,0,TRUE,TRUE,FALSE,FALSE,"['Temperature', 'TDS']",,
2025-12-24 02:30:00+08:00,26.6875,257.8565,3,7.525714,0,0,0,0,TRUE,TRUE,FALSE,FALSE,"['Temperature', 'TDS']",,
2025-12-24 02:45:00+08:00,26.6875,257.8565,3,7.525714,0,0,0,0,TRUE,TRUE,FALSE,FALSE,"['Temperature', 'TDS']",,
2025-12-24 03:00:00+08:00,26.6875,257.8565,3,7.525714,0,0,0,0,TRUE,TRUE,FALSE,FALSE,"['Temperature', 'TDS']",,
2025-12-24 03:15:00+08:00,26.6875,257.8565,3,7.525714,0,0,0,0,TRUE,TRUE,FALSE,FALSE,"['Temperature', 'TDS']",,
2025-12-24 03:30:00+08:00,26.6875,257.8565,3,7.525714,0,0,0,0,TRUE,TRUE,FALSE,FALSE,"['Temperature', 'TDS']",,
2025-12-24 03:45:00+08:00,26.6875,257.8565,3,7.525714,0,0,0,0,TRUE,TRUE,FALSE,FALSE,"['Temperature', 'TDS']",,
2025-12-24 04:00:00+08:00,26.6875,257.8565,3,7.525714,0,0,0,0,TRUE,TRUE,FALSE,FALSE,"['Temperature', 'TDS']",,
2025-12-24 04:15:00+08:00,26.6875,257.8565,3,7.525714,0,0,0,0,TRUE,TRUE,FALSE,FALSE,"['Temperature', 'TDS']",,
2025-12-24 04:30:00+08:00,26.6875,257.8565,3,7.525714,0,0,0,0,TRUE,TRUE,FALSE,FALSE,"['Temperature', 'TDS']",,
2025-12-24 04:45:00+08:00,26.6875,257.8565,3,7.525714,0,0,0,0,TRUE,TRUE,FALSE,FALSE,"['Temperature', 'TDS']",,
2025-12-24 05:00:00+08:00,26.6875,257.8565,3,7.525714,0,0,0,0,TRUE,TRUE,FALSE,FALSE,"['Temperature', 'TDS']",,
2025-12-24 05:15:00+08:00,26.6875,257.8565,3,7.525714,0,0,0,0,TRUE,TRUE,FALSE,FALSE,"['Temperature', 'TDS']",,
2025-12-24 05:30:00+08:00,26.6875,257.8565,3,7.525714,0,0,0,0,TRUE,TRUE,FALSE,FALSE,"['Temperature', 'TDS']",,
2025-12-24 05:45:00+08:00,26.6875,257.8565,3,7.525714,0,0,0,0,TRUE,TRUE,FALSE,FALSE,"['Temperature', 'TDS']",,
2025-12-24 06:00:00+08:00,26.6875,257.8565,3,7.525714,0,0,0,0,TRUE,TRUE,FALSE,FALSE,"['Temperature', 'TDS']",,
2025-12-24 06:15:00+08:00,26.6875,257.8565,3,7.525714,0,0,0,0,TRUE,TRUE,FALSE,FALSE,"['Temperature', 'TDS']",,
2025-12-24 06:30:00+08:00,26.6875,257.8565,3,7.525714,0,0,0,0,TRUE,TRUE,FALSE,FALSE,"['Temperature', 'TDS']",,
2025-12-24 06:45:00+08:00,26.6875,257.8565,3,7.525714,0,0,0,0,TRUE,TRUE,FALSE,FALSE,"['Temperature', 'TDS']",,
2025-12-24 07:00:00+08:00,26.6875,257.8565,3,7.525714,0,0,0,0,TRUE,TRUE,FALSE,FALSE,"['Temperature', 'TDS']",,
2025-12-24 07:15:00+08:00,26.6875,257.8565,3,7.525714,0,0,0,0,TRUE,TRUE,FALSE,FALSE,"['Temperature', 'TDS']",,
2025-12-24 07:30:00+08:00,26.6875,257.8565,3,7.525714,0,0,0,0,TRUE,TRUE,FALSE,FALSE,"['Temperature', 'TDS']",,
2025-12-24 07:45:00+08:00,26.6875,257.8565,3,7.525714,0,0,0,0,TRUE,TRUE,FALSE,FALSE,"['Temperature', 'TDS']",,
2025-12-24 08:00:00+08:00,26.6875,257.8565,3,7.525714,0,0,0,0,TRUE,TRUE,FALSE,FALSE,"['Temperature', 'TDS']",,
2025-12-24 08:15:00+08:00,26.6875,257.8565,3,7.525714,0,0,0,0,TRUE,TRUE,FALSE,FALSE,"['Temperature', 'TDS']",,
2025-12-24 08:30:00+08:00,26.25,254.4492,3,7.545055,-0.000486111,-2.72584,0,7.48E-05,FALSE,FALSE,FALSE,FALSE,['Normal'],1,Inlier
2025-12-24 08:45:00+08:00,26.25,254.4492,3,7.545055,0,-2.04438,0,0.000112222,FALSE,FALSE,FALSE,FALSE,['Normal'],1,Inlier
2025-12-24 09:00:00+08:00,26.5,252.4825,3,7.535385,0.000277778,-2.93628,0,9.35E-05,FALSE,FALSE,FALSE,FALSE,['Normal'],1,Inlier
2025-12-24 09:15:00+08:00,26.5,252.4825,3,7.535385,0,-1.86148,0,6.55E-05,FALSE,FALSE,FALSE,FALSE,['Normal'],1,Inlier
2025-12-24 09:30:00+08:00,26.5,252.4825,3,7.535385,0,-0.78668,0,2.81E-05,FALSE,FALSE,FALSE,FALSE,['Normal'],1,Inlier
2025-12-24 09:45:00+08:00,26.5,252.4825,3,7.535385,0,-0.39334,0,1.87E-05,FALSE,FALSE,FALSE,FALSE,['Normal'],1,Inlier
2025-12-24 10:00:00+08:00,26.5,252.4825,3,7.535385,0,0,0,0,FALSE,FALSE,FALSE,FALSE,['Normal'],1,Inlier
2025-12-24 10:15:00+08:00,26.5,252.4825,3,7.535385,0,0,0,0,FALSE,FALSE,FALSE,FALSE,['Normal'],1,Inlier
2025-12-24 10:30:00+08:00,26.5,252.4825,3,7.535385,0,0,0,0,FALSE,FALSE,FALSE,FALSE,['Normal'],1,Inlier
2025-12-24 10:45:00+08:00,26.5,252.4825,3,7.535385,0,0,0,0,FALSE,FALSE,FALSE,FALSE,['Normal'],1,Inlier
2025-12-24 11:00:00+08:00,26.5,252.4825,3,7.535385,0,0,0,0,FALSE,FALSE,FALSE,FALSE,['Normal'],1,Inlier
2025-12-24 11:15:00+08:00,26.5,252.4825,3,7.535385,0,0,0,0,FALSE,FALSE,FALSE,FALSE,['Normal'],1,Inlier
2025-12-24 11:30:00+08:00,26.5,252.4825,3,7.535385,0,0,0,0,FALSE,FALSE,FALSE,FALSE,['Normal'],1,Inlier
2025-12-24 11:45:00+08:00,26.5,252.4825,3,7.535385,0,0,0,0,FALSE,FALSE,FALSE,FALSE,['Normal'],1,Inlier
2025-12-24 12:00:00+08:00,26.5,252.4825,3,7.535385,0,0,0,0,FALSE,FALSE,FALSE,FALSE,['Normal'],1,Inlier
2025-12-24 12:15:00+08:00,26.5,252.4825,3,7.535385,0,0,0,0,FALSE,FALSE,FALSE,FALSE,['Normal'],1,Inlier
2025-12-24 12:30:00+08:00,26.5,252.4825,3,7.535385,0,0,0,0,FALSE,FALSE,FALSE,FALSE,['Normal'],1,Inlier
2025-12-24 12:45:00+08:00,26.5,252.4825,3,7.535385,0,0,0,0,FALSE,FALSE,FALSE,FALSE,['Normal'],1,Inlier
2025-12-24 13:00:00+08:00,26.5,252.4825,3,7.535385,0,0,0,0,FALSE,FALSE,FALSE,FALSE,['Normal'],1,Inlier
2025-12-24 13:15:00+08:00,26.5,252.4825,3,7.535385,0,0,0,0,FALSE,FALSE,FALSE,FALSE,['Normal'],1,Inlier
2025-12-24 13:30:00+08:00,26.5,252.4825,3,7.535385,0,0,0,0,FALSE,FALSE,FALSE,FALSE,['Normal'],1,Inlier
2025-12-24 13:45:00+08:00,26.5,252.4825,3,7.535385,0,0,0,0,FALSE,FALSE,FALSE,FALSE,['Normal'],1,Inlier
2025-12-24 14:00:00+08:00,26.5,252.4825,3,7.535385,0,0,0,0,FALSE,FALSE,FALSE,FALSE,['Normal'],1,Inlier
2025-12-24 14:15:00+08:00,26.5,252.4825,3,7.535385,0,0,0,0,FALSE,FALSE,FALSE,FALSE,['Normal'],1,Inlier
2025-12-24 14:30:00+08:00,26.5,252.4825,3,7.535385,0,0,0,0,FALSE,FALSE,FALSE,FALSE,['Normal'],1,Inlier
2025-12-24 14:45:00+08:00,26.5,252.4825,3,7.535385,0,0,0,0,FALSE,FALSE,FALSE,FALSE,['Normal'],1,Inlier
2025-12-24 15:00:00+08:00,26.5,252.4825,3,7.535385,0,0,0,0,FALSE,FALSE,FALSE,FALSE,['Normal'],1,Inlier
2025-12-24 15:15:00+08:00,26.5,252.4825,3,7.535385,0,0,0,0,FALSE,FALSE,FALSE,FALSE,['Normal'],1,Inlier
2025-12-24 15:30:00+08:00,26.5,252.4825,3,7.535385,0,0,0,0,FALSE,FALSE,FALSE,FALSE,['Normal'],1,Inlier
2025-12-24 15:45:00+08:00,26.5,252.4825,3,7.535385,0,0,0,0,FALSE,FALSE,FALSE,FALSE,['Normal'],1,Inlier
2025-12-24 16:00:00+08:00,26.5,252.4825,3,7.535385,0,0,0,0,FALSE,FALSE,FALSE,FALSE,['Normal'],1,Inlier
2025-12-24 16:15:00+08:00,26.5,252.4825,3,7.535385,0,0,0,0,FALSE,FALSE,FALSE,FALSE,['Normal'],1,Inlier
2025-12-24 16:30:00+08:00,26.5,252.4825,3,7.535385,0,0,0,0,FALSE,FALSE,FALSE,FALSE,['Normal'],1,Inlier
2025-12-24 16:45:00+08:00,26.5,252.4825,3,7.535385,0,0,0,0,FALSE,FALSE,FALSE,FALSE,['Normal'],1,Inlier
2025-12-24 17:00:00+08:00,26.5,252.4825,3,7.535385,0,0,0,0,FALSE,FALSE,FALSE,FALSE,['Normal'],1,Inlier
2025-12-24 17:15:00+08:00,26.5,252.4825,3,7.535385,0,0,0,0,FALSE,FALSE,FALSE,FALSE,['Normal'],1,Inlier
2025-12-24 17:30:00+08:00,26.5,252.4825,3,7.535385,0,0,0,0,FALSE,FALSE,FALSE,FALSE,['Normal'],1,Inlier
2025-12-24 17:45:00+08:00,26.5,252.4825,3,7.545055,0,0,0,1.87E-05,TRUE,TRUE,FALSE,FALSE,"['Temperature', 'TDS']",,
2025-12-24 18:00:00+08:00,26.5,252.4825,3,7.516044,0,0,0,0.000112219,TRUE,TRUE,FALSE,FALSE,"['Temperature', 'TDS']",,
2025-12-24 18:15:00+08:00,26.5,252.4825,3,7.516044,0,0,0,0.00016833,TRUE,TRUE,FALSE,FALSE,"['Temperature', 'TDS']",,
2025-12-24 18:30:00+08:00,26.5,252.4825,3,7.516044,0,0,0,0.000187032,TRUE,TRUE,FALSE,FALSE,"['Temperature', 'TDS']",,
2025-12-24 18:45:00+08:00,26.5,252.4825,3,7.516044,0,0,0,0.000168328,TRUE,TRUE,FALSE,FALSE,"['Temperature', 'TDS']",,
2025-12-24 19:00:00+08:00,26.5,252.4825,3,7.516044,0,0,0,0,TRUE,TRUE,FALSE,FALSE,"['Temperature', 'TDS']",,
2025-12-24 19:15:00+08:00,26.5,252.4825,3,7.516044,0,0,0,0,TRUE,TRUE,FALSE,FALSE,"['Temperature', 'TDS']",,
2025-12-24 19:30:00+08:00,26.5,252.4825,3,7.516044,0,0,0,0,TRUE,TRUE,FALSE,FALSE,"['Temperature', 'TDS']",,
2025-12-24 19:45:00+08:00,26.5,252.4825,3,7.516044,0,0,0,0,TRUE,TRUE,FALSE,FALSE,"['Temperature', 'TDS']",,
2025-12-24 20:00:00+08:00,26.5,252.4825,3,7.516044,0,0,0,0,TRUE,TRUE,FALSE,FALSE,"['Temperature', 'TDS']",,
2025-12-24 20:15:00+08:00,26.5,252.4825,3,7.516044,0,0,0,0,TRUE,TRUE,FALSE,FALSE,"['Temperature', 'TDS']",,
2025-12-24 20:30:00+08:00,26.5,252.4825,3,7.516044,0,0,0,0,TRUE,TRUE,FALSE,FALSE,"['Temperature', 'TDS']",,
2025-12-24 20:45:00+08:00,26.5,252.4825,3,7.516044,0,0,0,0,TRUE,TRUE,FALSE,FALSE,"['Temperature', 'TDS']",,
2025-12-24 21:00:00+08:00,26.5,252.4825,3,7.516044,0,0,0,0,TRUE,TRUE,FALSE,FALSE,"['Temperature', 'TDS']",,
2025-12-24 21:15:00+08:00,26.5,252.4825,3,7.516044,0,0,0,0,TRUE,TRUE,FALSE,FALSE,"['Temperature', 'TDS']",,
2025-12-24 21:30:00+08:00,26.5,252.4825,3,7.516044,0,0,0,0,TRUE,TRUE,FALSE,FALSE,"['Temperature', 'TDS']",,
2025-12-24 21:45:00+08:00,26.5,252.4825,3,7.516044,0,0,0,0,TRUE,TRUE,FALSE,FALSE,"['Temperature', 'TDS']",,
2025-12-24 22:00:00+08:00,26.5,252.4825,3,7.516044,0,0,0,0,TRUE,TRUE,FALSE,FALSE,"['Temperature', 'TDS']",,
2025-12-24 22:15:00+08:00,26.5,252.4825,3,7.516044,0,0,0,0,TRUE,TRUE,FALSE,FALSE,"['Temperature', 'TDS']",,
2025-12-24 22:30:00+08:00,26.5,252.4825,3,7.516044,0,0,0,0,TRUE,TRUE,FALSE,FALSE,"['Temperature', 'TDS']",,
2025-12-24 22:45:00+08:00,26.5,252.4825,3,7.516044,0,0,0,0,TRUE,TRUE,FALSE,FALSE,"['Temperature', 'TDS']",,
2025-12-24 22:45:00+08:00,26.5,252.4825,3,7.516044,,0,0,0,TRUE,TRUE,FALSE,FALSE,"['Temperature', 'TDS']",,
2025-12-24 23:00:00+08:00,26.5,252.4825,3,7.516044,0,0,0,0,TRUE,TRUE,FALSE,FALSE,"['Temperature', 'TDS']",,
2025-12-24 23:15:00+08:00,26.5,252.4825,3,7.516044,0,0,0,0,TRUE,TRUE,FALSE,FALSE,"['Temperature', 'TDS']",,
2025-12-24 23:30:00+08:00,26.5,252.4825,3,7.516044,0,0,0,0,TRUE,TRUE,FALSE,FALSE,"['Temperature', 'TDS']",,
2025-12-24 23:45:00+08:00,26.5,252.4825,3,7.516044,0,0,0,0,TRUE,TRUE,FALSE,FALSE,"['Temperature', 'TDS']",,
2025-12-25 00:00:00+08:00,26.5,252.4825,3,7.516044,0,0,0,0,TRUE,TRUE,FALSE,FALSE,"['Temperature', 'TDS']",,
2025-12-25 00:15:00+08:00,26.5,252.4825,3,7.516044,0,0,0,0,TRUE,TRUE,FALSE,FALSE,"['Temperature', 'TDS']",,
2025-12-25 00:30:00+08:00,26.5,252.4825,3,7.516044,0,0,0,0,TRUE,TRUE,FALSE,FALSE,"['Temperature', 'TDS']",,
2025-12-25 00:45:00+08:00,26.5,252.4825,3,7.516044,0,0,0,0,TRUE,TRUE,FALSE,FALSE,"['Temperature', 'TDS']",,
2025-12-25 01:00:00+08:00,26.5,252.4825,3,7.516044,0,0,0,0,TRUE,TRUE,FALSE,FALSE,"['Temperature', 'TDS']",,
2025-12-25 01:15:00+08:00,26.5,252.4825,3,7.516044,0,0,0,0,TRUE,TRUE,FALSE,FALSE,"['Temperature', 'TDS']",,
2025-12-25 01:30:00+08:00,26.5,252.4825,3,7.516044,0,0,0,0,TRUE,TRUE,FALSE,FALSE,"['Temperature', 'TDS']",,
2025-12-25 01:45:00+08:00,26.5,252.4825,3,7.516044,0,0,0,0,TRUE,TRUE,FALSE,FALSE,"['Temperature', 'TDS']",,
2025-12-25 02:00:00+08:00,26.5,252.4825,3,7.516044,0,0,0,0,TRUE,TRUE,FALSE,FALSE,"['Temperature', 'TDS']",,
2025-12-25 02:15:00+08:00,26.5,252.4825,3,7.516044,0,0,0,0,TRUE,TRUE,FALSE,FALSE,"['Temperature', 'TDS']",,
2025-12-25 02:30:00+08:00,26.5,252.4825,3,7.516044,0,0,0,0,TRUE,TRUE,FALSE,FALSE,"['Temperature', 'TDS']",,
2025-12-25 02:45:00+08:00,26.5,252.4825,3,7.516044,0,0,0,0,TRUE,TRUE,FALSE,FALSE,"['Temperature', 'TDS']",,
2025-12-25 03:00:00+08:00,26.5,252.4825,3,7.516044,0,0,0,0,TRUE,TRUE,FALSE,FALSE,"['Temperature', 'TDS']",,
2025-12-25 03:15:00+08:00,26.5,252.4825,3,7.516044,0,0,0,0,TRUE,TRUE,FALSE,FALSE,"['Temperature', 'TDS']",,
2025-12-25 03:30:00+08:00,26.5,252.4825,3,7.516044,0,0,0,0,TRUE,TRUE,FALSE,FALSE,"['Temperature', 'TDS']",,
2025-12-25 03:45:00+08:00,26.5,252.4825,3,7.516044,0,0,0,0,TRUE,TRUE,FALSE,FALSE,"['Temperature', 'TDS']",,
2025-12-25 04:00:00+08:00,26.5,252.4825,3,7.516044,0,0,0,0,TRUE,TRUE,FALSE,FALSE,"['Temperature', 'TDS']",,
2025-12-25 04:15:00+08:00,26.5,252.4825,3,7.516044,0,0,0,0,TRUE,TRUE,FALSE,FALSE,"['Temperature', 'TDS']",,
2025-12-25 04:30:00+08:00,26.5,252.4825,3,7.516044,0,0,0,0,TRUE,TRUE,FALSE,FALSE,"['Temperature', 'TDS']",,
2025-12-25 04:45:00+08:00,26.5,252.4825,3,7.516044,0,0,0,0,TRUE,TRUE,FALSE,FALSE,"['Temperature', 'TDS']",,
2025-12-25 05:00:00+08:00,26.5,252.4825,3,7.516044,0,0,0,0,TRUE,TRUE,FALSE,FALSE,"['Temperature', 'TDS']",,
2025-12-25 05:15:00+08:00,26.5,252.4825,3,7.516044,0,0,0,0,TRUE,TRUE,FALSE,FALSE,"['Temperature', 'TDS']",,
2025-12-25 05:30:00+08:00,26.5,252.4825,3,7.516044,0,0,0,0,TRUE,TRUE,FALSE,FALSE,"['Temperature', 'TDS']",,
2025-12-25 05:45:00+08:00,26.5,252.4825,3,7.516044,0,0,0,0,TRUE,TRUE,FALSE,FALSE,"['Temperature', 'TDS']",,
2025-12-25 06:00:00+08:00,26.5,252.4825,3,7.516044,0,0,0,0,TRUE,TRUE,FALSE,FALSE,"['Temperature', 'TDS']",,
2025-12-25 06:15:00+08:00,26.5,252.4825,3,7.516044,0,0,0,0,TRUE,TRUE,FALSE,FALSE,"['Temperature', 'TDS']",,
2025-12-25 06:30:00+08:00,26.5,252.4825,3,7.516044,0,0,0,0,TRUE,TRUE,FALSE,FALSE,"['Temperature', 'TDS']",,
2025-12-25 06:45:00+08:00,26.5,252.4825,3,7.516044,0,0,0,0,TRUE,TRUE,FALSE,FALSE,"['Temperature', 'TDS']",,
2025-12-25 07:00:00+08:00,26.5,252.4825,3,7.516044,0,0,0,0,TRUE,TRUE,FALSE,FALSE,"['Temperature', 'TDS']",,
2025-12-25 07:15:00+08:00,26.5,252.4825,3,7.516044,0,0,0,0,TRUE,TRUE,FALSE,FALSE,"['Temperature', 'TDS']",,
2025-12-25 07:30:00+08:00,26.5,252.4825,3,7.516044,0,0,0,0,TRUE,TRUE,FALSE,FALSE,"['Temperature', 'TDS']",,
2025-12-25 07:45:00+08:00,26.5,252.4825,3,7.516044,0,0,0,0,TRUE,TRUE,FALSE,FALSE,"['Temperature', 'TDS']",,
2025-12-25 08:00:00+08:00,26.5,252.4825,3,7.516044,0,0,0,0,TRUE,TRUE,FALSE,FALSE,"['Temperature', 'TDS']",,
2025-12-25 08:15:00+08:00,26.5,252.4825,3,7.516044,0,0,0,0,TRUE,TRUE,FALSE,FALSE,"['Temperature', 'TDS']",,
2025-12-25 08:30:00+08:00,26.5,254.656,3,7.520879,0,1.7388,0,4.68E-06,FALSE,FALSE,FALSE,FALSE,['Normal'],1,Inlier
2025-12-25 08:45:00+08:00,26.5,254.656,3,7.520879,0,1.3041,0,7.01E-06,FALSE,FALSE,FALSE,FALSE,['Normal'],1,Inlier
2025-12-25 09:00:00+08:00,26.5,254.3843,3,7.53055,0,0.65204,0,3.51E-05,FALSE,FALSE,FALSE,FALSE,['Normal'],1,Inlier
2025-12-25 09:15:00+08:00,26.5,254.3843,3,7.53055,0,0.27168,0,4.21E-05,FALSE,FALSE,FALSE,FALSE,['Normal'],1,Inlier
2025-12-25 09:30:00+08:00,26.5,254.3843,3,7.53055,0,-0.10868,0,2.81E-05,FALSE,FALSE,FALSE,FALSE,['Normal'],1,Inlier
2025-12-25 09:45:00+08:00,26.5,254.3843,3,7.53055,0,-0.05434,0,1.87E-05,FALSE,FALSE,FALSE,FALSE,['Normal'],1,Inlier
2025-12-25 10:00:00+08:00,26.5,254.3843,3,7.53055,0,0,0,0,FALSE,FALSE,FALSE,FALSE,['Normal'],1,Inlier
2025-12-25 10:15:00+08:00,26.5,254.3843,3,7.53055,0,0,0,0,FALSE,FALSE,FALSE,FALSE,['Normal'],1,Inlier
2025-12-25 10:30:00+08:00,26.5,254.3843,3,7.53055,0,0,0,0,FALSE,FALSE,FALSE,FALSE,['Normal'],1,Inlier
2025-12-25 10:45:00+08:00,26.5,254.3843,3,7.53055,0,0,0,0,FALSE,FALSE,FALSE,FALSE,['Normal'],1,Inlier
2025-12-25 11:00:00+08:00,26.5,254.3843,3,7.53055,0,0,0,0,FALSE,FALSE,FALSE,FALSE,['Normal'],1,Inlier
2025-12-25 11:15:00+08:00,26.5,254.3843,3,7.53055,0,0,0,0,FALSE,FALSE,FALSE,FALSE,['Normal'],1,Inlier
2025-12-25 11:30:00+08:00,26.5,254.3843,3,7.53055,0,0,0,0,FALSE,FALSE,FALSE,FALSE,['Normal'],1,Inlier
2025-12-25 11:45:00+08:00,26.5,254.3843,3,7.53055,0,0,0,0,FALSE,FALSE,FALSE,FALSE,['Normal'],1,Inlier
2025-12-25 12:00:00+08:00,26.5,254.3843,3,7.53055,0,0,0,0,FALSE,FALSE,FALSE,FALSE,['Normal'],1,Inlier
2025-12-25 12:15:00+08:00,26.5,254.3843,3,7.53055,0,0,0,0,FALSE,FALSE,FALSE,FALSE,['Normal'],1,Inlier
2025-12-25 12:30:00+08:00,26.5,254.3843,3,7.53055,0,0,0,0,FALSE,FALSE,FALSE,FALSE,['Normal'],1,Inlier
2025-12-25 12:45:00+08:00,26.5,254.3843,3,7.53055,0,0,0,0,FALSE,FALSE,FALSE,FALSE,['Normal'],1,Inlier
2025-12-25 13:00:00+08:00,26.5,254.3843,3,7.53055,0,0,0,0,FALSE,FALSE,FALSE,FALSE,['Normal'],1,Inlier
2025-12-25 13:15:00+08:00,26.5,254.3843,3,7.53055,0,0,0,0,FALSE,FALSE,FALSE,FALSE,['Normal'],1,Inlier
2025-12-25 13:30:00+08:00,26.5,254.3843,3,7.53055,0,0,0,0,FALSE,FALSE,FALSE,FALSE,['Normal'],1,Inlier
2025-12-25 13:45:00+08:00,26.5,254.3843,3,7.53055,0,0,0,0,FALSE,FALSE,FALSE,FALSE,['Normal'],1,Inlier
2025-12-25 14:00:00+08:00,26.5,254.3843,3,7.53055,0,0,0,0,FALSE,FALSE,FALSE,FALSE,['Normal'],1,Inlier
2025-12-25 14:15:00+08:00,26.5,254.3843,3,7.53055,0,0,0,0,FALSE,FALSE,FALSE,FALSE,['Normal'],1,Inlier
2025-12-25 14:30:00+08:00,26.5,254.3843,3,7.53055,0,0,0,0,FALSE,FALSE,FALSE,FALSE,['Normal'],1,Inlier
2025-12-25 14:45:00+08:00,26.5,254.3843,3,7.53055,0,0,0,0,FALSE,FALSE,FALSE,FALSE,['Normal'],1,Inlier
2025-12-25 15:00:00+08:00,26.5,254.3843,3,7.53055,0,0,0,0,FALSE,FALSE,FALSE,FALSE,['Normal'],1,Inlier
2025-12-25 15:15:00+08:00,26.5,254.3843,3,7.53055,0,0,0,0,FALSE,FALSE,FALSE,FALSE,['Normal'],1,Inlier
2025-12-25 15:30:00+08:00,26.5,254.3843,3,7.53055,0,0,0,0,FALSE,FALSE,FALSE,FALSE,['Normal'],1,Inlier
2025-12-25 15:45:00+08:00,26.5,254.3843,3,7.53055,0,0,0,0,FALSE,FALSE,FALSE,FALSE,['Normal'],1,Inlier
2025-12-25 16:00:00+08:00,26.5,254.3843,3,7.53055,0,0,0,0,FALSE,FALSE,FALSE,FALSE,['Normal'],1,Inlier
2025-12-25 16:15:00+08:00,26.5,254.3843,3,7.53055,0,0,0,0,FALSE,FALSE,FALSE,FALSE,['Normal'],1,Inlier
2025-12-25 16:30:00+08:00,26.5,254.3843,3,7.53055,0,0,0,0,FALSE,FALSE,FALSE,FALSE,['Normal'],1,Inlier
2025-12-25 16:45:00+08:00,26.5,254.3843,3,7.53055,0,0,0,0,FALSE,FALSE,FALSE,FALSE,['Normal'],1,Inlier
2025-12-25 17:00:00+08:00,26.5,254.3843,3,7.53055,0,0,0,0,FALSE,FALSE,FALSE,FALSE,['Normal'],1,Inlier
2025-12-25 17:15:00+08:00,26.5,254.3843,3,7.53055,0,0,0,0,FALSE,FALSE,FALSE,FALSE,['Normal'],1,Inlier
2025-12-25 17:30:00+08:00,26.5,254.3843,3,7.53055,0,0,0,0,FALSE,FALSE,FALSE,FALSE,['Normal'],1,Inlier
2025-12-25 17:45:00+08:00,26.5,254.3843,3,7.545055,0,0,0,4.21E-05,TRUE,TRUE,FALSE,FALSE,"['Temperature', 'TDS']",,
2025-12-25 18:00:00+08:00,26.5,254.3843,3,7.520879,0,0,0,7.48E-05,TRUE,TRUE,FALSE,FALSE,"['Temperature', 'TDS']",,
2025-12-25 18:15:00+08:00,26.5,254.3843,3,7.520879,0,0,0,9.82E-05,TRUE,TRUE,FALSE,FALSE,"['Temperature', 'TDS']",,
2025-12-25 18:30:00+08:00,26.5,254.3843,3,7.520879,0,0,0,0.000112221,TRUE,TRUE,FALSE,FALSE,"['Temperature', 'TDS']",,
2025-12-25 18:45:00+08:00,26.5,254.3843,3,7.520879,0,0,0,0.000116896,TRUE,TRUE,FALSE,FALSE,"['Temperature', 'TDS']",,
2025-12-25 19:00:00+08:00,26.5,254.3843,3,7.520879,0,0,0,0,TRUE,TRUE,FALSE,FALSE,"['Temperature', 'TDS']",,
2025-12-25 19:15:00+08:00,26.5,254.3843,3,7.520879,0,0,0,0,TRUE,TRUE,FALSE,FALSE,"['Temperature', 'TDS']",,
2025-12-25 19:30:00+08:00,26.5,254.3843,3,7.520879,0,0,0,0,TRUE,TRUE,FALSE,FALSE,"['Temperature', 'TDS']",,
2025-12-25 19:45:00+08:00,26.5,254.3843,3,7.520879,0,0,0,0,TRUE,TRUE,FALSE,FALSE,"['Temperature', 'TDS']",,
2025-12-25 20:00:00+08:00,26.5,254.3843,3,7.520879,0,0,0,0,TRUE,TRUE,FALSE,FALSE,"['Temperature', 'TDS']",,
2025-12-25 20:15:00+08:00,26.5,254.3843,3,7.520879,0,0,0,0,TRUE,TRUE,FALSE,FALSE,"['Temperature', 'TDS']",,
2025-12-25 20:30:00+08:00,26.5,254.3843,3,7.520879,0,0,0,0,TRUE,TRUE,FALSE,FALSE,"['Temperature', 'TDS']",,
2025-12-25 20:45:00+08:00,26.5,254.3843,3,7.520879,0,0,0,0,TRUE,TRUE,FALSE,FALSE,"['Temperature', 'TDS']",,
2025-12-25 21:00:00+08:00,26.5,254.3843,3,7.520879,0,0,0,0,TRUE,TRUE,FALSE,FALSE,"['Temperature', 'TDS']",,
2025-12-25 21:15:00+08:00,26.5,254.3843,3,7.520879,0,0,0,0,TRUE,TRUE,FALSE,FALSE,"['Temperature', 'TDS']",,
2025-12-25 21:30:00+08:00,26.5,254.3843,3,7.520879,0,0,0,0,TRUE,TRUE,FALSE,FALSE,"['Temperature', 'TDS']",,
2025-12-25 21:45:00+08:00,26.5,254.3843,3,7.520879,0,0,0,0,TRUE,TRUE,FALSE,FALSE,"['Temperature', 'TDS']",,
2025-12-25 22:00:00+08:00,26.5,254.3843,3,7.520879,0,0,0,0,TRUE,TRUE,FALSE,FALSE,"['Temperature', 'TDS']",,
2025-12-25 22:15:00+08:00,26.5,254.3843,3,7.520879,0,0,0,0,TRUE,TRUE,FALSE,FALSE,"['Temperature', 'TDS']",,
2025-12-25 22:30:00+08:00,26.5,254.3843,3,7.520879,0,0,0,0,TRUE,TRUE,FALSE,FALSE,"['Temperature', 'TDS']",,
2025-12-25 22:45:00+08:00,26.5,254.3843,3,7.520879,0,0,0,0,TRUE,TRUE,FALSE,FALSE,"['Temperature', 'TDS']",,
2025-12-27 22:45:00+08:00,26.125,257.4936,2,7.53055,-2.17E-06,2.48744,-1,1.87E-05,FALSE,FALSE,FALSE,FALSE,['Normal'],1,Inlier
2025-12-27 23:00:00+08:00,26.125,257.4936,2,7.53055,0,1.86558,0,2.81E-05,FALSE,FALSE,FALSE,FALSE,['Normal'],1,Inlier
2025-12-27 23:15:00+08:00,26.125,257.4936,2,7.53055,0,1.24372,0,2.81E-05,FALSE,FALSE,FALSE,FALSE,['Normal'],1,Inlier
2025-12-27 23:30:00+08:00,26.125,257.4936,2,7.53055,0,0.62186,0,1.87E-05,FALSE,FALSE,FALSE,FALSE,['Normal'],1,Inlier
2025-12-27 23:45:00+08:00,26.125,257.4936,2,7.53055,0,0,0,0,FALSE,FALSE,FALSE,FALSE,['Normal'],1,Inlier
2025-12-28 00:00:00+08:00,26.125,257.4936,2,7.53055,0,0,0,0,FALSE,FALSE,FALSE,FALSE,['Normal'],1,Inlier
2025-12-28 00:15:00+08:00,26.125,257.4936,2,7.53055,0,0,0,0,FALSE,FALSE,FALSE,FALSE,['Normal'],1,Inlier
2025-12-28 00:30:00+08:00,26.125,257.4936,2,7.53055,0,0,0,0,FALSE,FALSE,FALSE,FALSE,['Normal'],1,Inlier
2025-12-28 00:45:00+08:00,26.125,257.4936,2,7.53055,0,0,0,0,FALSE,FALSE,FALSE,FALSE,['Normal'],1,Inlier
2025-12-28 01:00:00+08:00,26.125,257.4936,2,7.53055,0,0,0,0,FALSE,FALSE,FALSE,FALSE,['Normal'],1,Inlier
2025-12-28 01:15:00+08:00,26.125,257.4936,2,7.53055,0,0,0,0,FALSE,FALSE,FALSE,FALSE,['Normal'],1,Inlier
2025-12-28 01:30:00+08:00,26.125,257.4936,2,7.53055,0,0,0,0,FALSE,FALSE,FALSE,FALSE,['Normal'],1,Inlier
2025-12-28 01:45:00+08:00,26.125,257.4936,2,7.53055,0,0,0,0,FALSE,FALSE,FALSE,FALSE,['Normal'],1,Inlier
2025-12-28 02:00:00+08:00,26.125,257.4936,2,7.53055,0,0,0,0,FALSE,FALSE,FALSE,FALSE,['Normal'],1,Inlier
2025-12-28 02:15:00+08:00,26.125,257.4936,2,7.53055,0,0,0,0,FALSE,FALSE,FALSE,FALSE,['Normal'],1,Inlier
2025-12-28 02:30:00+08:00,26.125,257.4936,2,7.53055,0,0,0,0,FALSE,FALSE,FALSE,FALSE,['Normal'],1,Inlier
2025-12-28 02:45:00+08:00,26.125,257.4936,2,7.53055,0,0,0,0,FALSE,FALSE,FALSE,FALSE,['Normal'],1,Inlier
2025-12-28 03:00:00+08:00,26.125,257.4936,2,7.53055,0,0,0,0,FALSE,FALSE,FALSE,FALSE,['Normal'],1,Inlier
2025-12-28 03:15:00+08:00,26.125,257.4936,2,7.53055,0,0,0,0,FALSE,FALSE,FALSE,FALSE,['Normal'],1,Inlier
2025-12-28 03:30:00+08:00,26.125,257.4936,2,7.53055,0,0,0,0,FALSE,FALSE,FALSE,FALSE,['Normal'],1,Inlier
2025-12-28 03:45:00+08:00,26.125,257.4936,2,7.53055,0,0,0,0,FALSE,FALSE,FALSE,FALSE,['Normal'],1,Inlier
2025-12-28 04:00:00+08:00,26.125,257.4936,2,7.53055,0,0,0,0,FALSE,FALSE,FALSE,FALSE,['Normal'],1,Inlier
2025-12-28 04:15:00+08:00,26.125,257.4936,2,7.53055,0,0,0,0,FALSE,FALSE,FALSE,FALSE,['Normal'],1,Inlier
2025-12-28 04:30:00+08:00,26.125,257.4936,2,7.53055,0,0,0,0,FALSE,FALSE,FALSE,FALSE,['Normal'],1,Inlier
2025-12-28 04:45:00+08:00,26.125,257.4936,2,7.53055,0,0,0,0,FALSE,FALSE,FALSE,FALSE,['Normal'],1,Inlier
2025-12-28 05:00:00+08:00,26.125,257.4936,2,7.53055,0,0,0,0,FALSE,FALSE,FALSE,FALSE,['Normal'],1,Inlier
2025-12-28 05:15:00+08:00,26.125,257.4936,2,7.53055,0,0,0,0,FALSE,FALSE,FALSE,FALSE,['Normal'],1,Inlier
2025-12-28 05:30:00+08:00,26.125,257.4936,2,7.53055,0,0,0,0,FALSE,FALSE,FALSE,FALSE,['Normal'],1,Inlier
2025-12-28 05:45:00+08:00,26.125,257.4936,2,7.53055,0,0,0,0,FALSE,FALSE,FALSE,FALSE,['Normal'],1,Inlier
2025-12-28 06:00:00+08:00,26.125,257.4936,2,7.53055,0,0,0,0,FALSE,FALSE,FALSE,FALSE,['Normal'],1,Inlier
2025-12-28 06:15:00+08:00,26.125,257.4936,2,7.53055,0,0,0,0,FALSE,FALSE,FALSE,FALSE,['Normal'],1,Inlier
2025-12-28 06:30:00+08:00,26.125,257.4936,2,7.53055,0,0,0,0,FALSE,FALSE,FALSE,FALSE,['Normal'],1,Inlier
2025-12-28 06:45:00+08:00,26.125,257.4936,2,7.53055,0,0,0,0,FALSE,FALSE,FALSE,FALSE,['Normal'],1,Inlier
2025-12-28 07:00:00+08:00,26.125,257.4936,2,7.53055,0,0,0,0,FALSE,FALSE,FALSE,FALSE,['Normal'],1,Inlier
2025-12-28 07:15:00+08:00,26.125,257.4936,2,7.53055,0,0,0,0,FALSE,FALSE,FALSE,FALSE,['Normal'],1,Inlier
2025-12-28 07:30:00+08:00,26.125,257.4936,2,7.53055,0,0,0,0,FALSE,FALSE,FALSE,FALSE,['Normal'],1,Inlier
2025-12-28 07:45:00+08:00,26.125,257.4936,2,7.53055,0,0,0,0,FALSE,FALSE,FALSE,FALSE,['Normal'],1,Inlier
2025-12-28 08:00:00+08:00,26.125,257.4936,2,7.53055,0,0,0,0,FALSE,FALSE,FALSE,FALSE,['Normal'],1,Inlier
2025-12-28 08:15:00+08:00,26.125,257.4936,2,7.53055,0,0,0,0,FALSE,FALSE,FALSE,FALSE,['Normal'],1,Inlier
2025-12-28 08:30:00+08:00,26.125,257.4936,2,7.53055,0,0,0,0,FALSE,FALSE,FALSE,FALSE,['Normal'],1,Inlier
2025-12-28 08:45:00+08:00,25.1875,261.1494,2,7.535385,-0.001041667,2.92464,0,4.68E-06,FALSE,FALSE,FALSE,FALSE,['Unknown/Noise'],-1,Outlier
2025-12-28 09:00:00+08:00,25.1875,260.5911,2,7.545055,0,1.74684,0,3.97E-05,FALSE,FALSE,FALSE,FALSE,['Normal'],1,Inlier
2025-12-28 09:15:00+08:00,25.1875,260.5911,2,7.545055,0,1.12734,0,5.38E-05,FALSE,FALSE,FALSE,FALSE,['Normal'],1,Inlier
2025-12-28 09:30:00+08:00,25.1875,260.5911,2,7.545055,0,0.50784,0,4.68E-05,FALSE,FALSE,FALSE,FALSE,['Normal'],1,Inlier
2025-12-28 09:45:00+08:00,25.1875,260.5911,2,7.545055,0,-0.11166,0,1.87E-05,FALSE,FALSE,FALSE,FALSE,['Normal'],1,Inlier
2025-12-28 10:00:00+08:00,25.1875,260.5911,2,7.545055,0,0,0,0,FALSE,FALSE,FALSE,FALSE,['Normal'],1,Inlier
2025-12-28 10:15:00+08:00,25.1875,260.5911,2,7.545055,0,0,0,0,FALSE,FALSE,FALSE,FALSE,['Normal'],1,Inlier
2025-12-28 10:30:00+08:00,25.1875,260.5911,2,7.545055,0,0,0,0,FALSE,FALSE,FALSE,FALSE,['Normal'],1,Inlier
2025-12-28 10:45:00+08:00,25.1875,260.5911,2,7.545055,0,0,0,0,FALSE,FALSE,FALSE,FALSE,['Normal'],1,Inlier
2025-12-28 11:00:00+08:00,25.1875,260.5911,2,7.545055,0,0,0,0,FALSE,FALSE,FALSE,FALSE,['Normal'],1,Inlier
2025-12-28 11:15:00+08:00,25.1875,260.5911,2,7.545055,0,0,0,0,FALSE,FALSE,FALSE,FALSE,['Normal'],1,Inlier
2025-12-28 11:30:00+08:00,25.1875,260.5911,2,7.545055,0,0,0,0,FALSE,FALSE,FALSE,FALSE,['Normal'],1,Inlier
2025-12-28 11:45:00+08:00,25.1875,260.5911,2,7.545055,0,0,0,0,FALSE,FALSE,FALSE,FALSE,['Normal'],1,Inlier
2025-12-28 12:00:00+08:00,25.1875,260.5911,2,7.545055,0,0,0,0,FALSE,FALSE,FALSE,FALSE,['Normal'],1,Inlier
2025-12-28 12:15:00+08:00,25.1875,260.5911,2,7.545055,0,0,0,0,FALSE,FALSE,FALSE,FALSE,['Normal'],1,Inlier
2025-12-28 12:30:00+08:00,25.1875,260.5911,2,7.545055,0,0,0,0,FALSE,FALSE,FALSE,FALSE,['Normal'],1,Inlier
2025-12-28 12:45:00+08:00,25.1875,260.5911,2,7.545055,0,0,0,0,FALSE,FALSE,FALSE,FALSE,['Normal'],1,Inlier
2025-12-28 13:00:00+08:00,25.1875,260.5911,2,7.545055,0,0,0,0,FALSE,FALSE,FALSE,FALSE,['Normal'],1,Inlier
2025-12-28 13:15:00+08:00,25.1875,260.5911,2,7.545055,0,0,0,0,FALSE,FALSE,FALSE,FALSE,['Normal'],1,Inlier
2025-12-28 13:30:00+08:00,25.1875,260.5911,2,7.545055,0,0,0,0,FALSE,FALSE,FALSE,FALSE,['Normal'],1,Inlier
2025-12-28 13:45:00+08:00,25.1875,260.5911,2,7.545055,0,0,0,0,FALSE,FALSE,FALSE,FALSE,['Normal'],1,Inlier
2025-12-28 14:00:00+08:00,25.1875,260.5911,2,7.545055,0,0,0,0,FALSE,FALSE,FALSE,FALSE,['Normal'],1,Inlier
2025-12-28 14:15:00+08:00,25.1875,260.5911,2,7.545055,0,0,0,0,FALSE,FALSE,FALSE,FALSE,['Normal'],1,Inlier
2025-12-28 14:30:00+08:00,25.1875,260.5911,2,7.545055,0,0,0,0,FALSE,FALSE,FALSE,FALSE,['Normal'],1,Inlier
2025-12-28 14:45:00+08:00,25.1875,260.5911,2,7.545055,0,0,0,0,FALSE,FALSE,FALSE,FALSE,['Normal'],1,Inlier
2025-12-28 15:00:00+08:00,25.1875,260.5911,2,7.545055,0,0,0,0,FALSE,FALSE,FALSE,FALSE,['Normal'],1,Inlier
2025-12-28 15:15:00+08:00,25.1875,260.5911,2,7.545055,0,0,0,0,FALSE,FALSE,FALSE,FALSE,['Normal'],1,Inlier
2025-12-28 15:30:00+08:00,25.1875,260.5911,2,7.545055,0,0,0,0,FALSE,FALSE,FALSE,FALSE,['Normal'],1,Inlier
2025-12-28 15:45:00+08:00,25.1875,260.5911,2,7.545055,0,0,0,0,FALSE,FALSE,FALSE,FALSE,['Normal'],1,Inlier
2025-12-28 16:00:00+08:00,25.1875,260.5911,2,7.545055,0,0,0,0,FALSE,FALSE,FALSE,FALSE,['Normal'],1,Inlier
2025-12-28 16:15:00+08:00,25.1875,260.5911,2,7.545055,0,0,0,0,FALSE,FALSE,FALSE,FALSE,['Normal'],1,Inlier
2025-12-28 16:30:00+08:00,25.1875,260.5911,2,7.545055,0,0,0,0,FALSE,FALSE,FALSE,FALSE,['Normal'],1,Inlier
2025-12-28 16:45:00+08:00,25.1875,260.5911,2,7.545055,0,0,0,0,FALSE,FALSE,FALSE,FALSE,['Normal'],1,Inlier
2025-12-28 17:00:00+08:00,25.1875,260.5911,2,7.545055,0,0,0,0,FALSE,FALSE,FALSE,FALSE,['Normal'],1,Inlier
2025-12-28 17:15:00+08:00,25.1875,260.5911,2,7.545055,0,0,0,0,FALSE,FALSE,FALSE,FALSE,['Normal'],1,Inlier
2025-12-28 17:30:00+08:00,25.1875,260.5911,2,7.545055,0,0,0,0,FALSE,FALSE,FALSE,FALSE,['Normal'],1,Inlier
2025-12-28 17:45:00+08:00,25.3125,259.9857,2,7.545055,0.000138889,-0.48432,0,0,FALSE,FALSE,FALSE,FALSE,['Normal'],1,Inlier
2025-12-28 18:00:00+08:00,25.375,260.2403,2,7.535385,6.94E-05,-0.15956,0,1.87E-05,FALSE,FALSE,FALSE,FALSE,['Normal'],1,Inlier
2025-12-28 18:15:00+08:00,25.375,260.2403,2,7.535385,0,-0.0894,0,2.81E-05,FALSE,FALSE,FALSE,FALSE,['Normal'],1,Inlier
2025-12-28 18:30:00+08:00,25.375,260.2403,2,7.535385,0,-0.01924,0,2.81E-05,FALSE,FALSE,FALSE,FALSE,['Normal'],1,Inlier
2025-12-28 18:45:00+08:00,25.375,260.2403,2,7.535385,0,0.05092,0,1.87E-05,FALSE,FALSE,FALSE,FALSE,['Normal'],1,Inlier
2025-12-28 19:00:00+08:00,25.375,260.2403,2,7.535385,0,0,0,0,FALSE,FALSE,FALSE,FALSE,['Normal'],1,Inlier
2025-12-28 19:15:00+08:00,25.375,260.2403,2,7.535385,0,0,0,0,FALSE,FALSE,FALSE,FALSE,['Normal'],1,Inlier
2025-12-28 19:30:00+08:00,25.375,260.2403,2,7.535385,0,0,0,0,FALSE,FALSE,FALSE,FALSE,['Normal'],1,Inlier
2025-12-28 19:45:00+08:00,25.375,260.2403,2,7.535385,0,0,0,0,FALSE,FALSE,FALSE,FALSE,['Normal'],1,Inlier
2025-12-28 20:00:00+08:00,25.375,260.2403,2,7.535385,0,0,0,0,FALSE,FALSE,FALSE,FALSE,['Normal'],1,Inlier
2025-12-28 20:15:00+08:00,25.375,260.2403,2,7.535385,0,0,0,0,FALSE,FALSE,FALSE,FALSE,['Normal'],1,Inlier
2025-12-28 20:30:00+08:00,25.375,260.2403,2,7.535385,0,0,0,0,FALSE,FALSE,FALSE,FALSE,['Normal'],1,Inlier
2025-12-28 20:45:00+08:00,25.375,260.2403,2,7.535385,0,0,0,0,FALSE,FALSE,FALSE,FALSE,['Normal'],1,Inlier
2025-12-28 21:00:00+08:00,25.375,260.2403,2,7.535385,0,0,0,0,FALSE,FALSE,FALSE,FALSE,['Normal'],1,Inlier
2025-12-28 21:15:00+08:00,25.375,260.2403,2,7.535385,0,0,0,0,FALSE,FALSE,FALSE,FALSE,['Normal'],1,Inlier
2025-12-28 21:30:00+08:00,25.375,260.2403,2,7.535385,0,0,0,0,FALSE,FALSE,FALSE,FALSE,['Normal'],1,Inlier
2025-12-28 21:45:00+08:00,25.375,260.2403,2,7.535385,0,0,0,0,FALSE,FALSE,FALSE,FALSE,['Normal'],1,Inlier
2025-12-28 22:00:00+08:00,25.375,260.2403,2,7.535385,0,0,0,0,FALSE,FALSE,FALSE,FALSE,['Normal'],1,Inlier
2025-12-28 22:15:00+08:00,25.375,260.2403,2,7.535385,0,0,0,0,FALSE,FALSE,FALSE,FALSE,['Normal'],1,Inlier
2025-12-28 22:30:00+08:00,25.375,260.2403,2,7.535385,0,0,0,0,FALSE,FALSE,FALSE,FALSE,['Normal'],1,Inlier
2025-12-28 22:45:00+08:00,25.375,260.2403,2,7.535385,0,0,0,0,FALSE,FALSE,FALSE,FALSE,['Normal'],1,Inlier
2025-12-30 07:00:00+08:00,25.375,260.2403,2,7.54022,0,0,0,4.68E-06,TRUE,TRUE,FALSE,FALSE,"['Temperature', 'TDS']",,
2025-12-30 07:15:00+08:00,25.375,260.2403,2,7.54022,0,0,0,7.01E-06,TRUE,TRUE,FALSE,FALSE,"['Temperature', 'TDS']",,
2025-12-30 07:30:00+08:00,25.375,260.2403,2,7.54022,0,0,0,7.01E-06,TRUE,TRUE,FALSE,FALSE,"['Temperature', 'TDS']",,
2025-12-30 07:45:00+08:00,25.375,260.2403,2,7.54022,0,0,0,4.68E-06,TRUE,TRUE,FALSE,FALSE,"['Temperature', 'TDS']",,
2025-12-30 08:00:00+08:00,25.375,260.2403,2,7.54022,0,0,0,0,TRUE,TRUE,FALSE,FALSE,"['Temperature', 'TDS']",,
2025-12-30 08:15:00+08:00,25.375,260.2403,2,7.54022,0,0,0,0,TRUE,TRUE,FALSE,FALSE,"['Temperature', 'TDS']",,
2025-12-30 08:30:00+08:00,25.25,260.0093,2,7.516044,-0.000138889,-0.1848,0,0.000116896,FALSE,FALSE,FALSE,FALSE,['Normal'],1,Inlier
2025-12-30 08:45:00+08:00,25.25,260.0093,2,7.516044,0,-0.1386,0,0.000175344,FALSE,FALSE,FALSE,FALSE,['Normal'],1,Inlier
2025-12-30 09:00:00+08:00,25.375,259.6842,2,7.535385,0.000138889,-0.35248,0,0.000156641,FALSE,FALSE,FALSE,FALSE,['Normal'],1,Inlier
2025-12-30 09:15:00+08:00,25.375,259.6842,2,7.535385,0,-0.24126,0,0.0001356,FALSE,FALSE,FALSE,FALSE,['Normal'],1,Inlier
2025-12-30 09:30:00+08:00,25.375,259.6842,2,7.535385,0,-0.13004,0,0.000112222,FALSE,FALSE,FALSE,FALSE,['Normal'],1,Inlier
2025-12-30 09:45:00+08:00,25.375,259.6842,2,7.535385,0,-0.06502,0,7.48E-05,FALSE,FALSE,FALSE,FALSE,['Normal'],1,Inlier
2025-12-30 10:00:00+08:00,25.375,259.6842,2,7.535385,0,0,0,0,FALSE,FALSE,FALSE,FALSE,['Normal'],1,Inlier
2025-12-30 10:15:00+08:00,25.375,259.6842,2,7.535385,0,0,0,0,FALSE,FALSE,FALSE,FALSE,['Normal'],1,Inlier
2025-12-30 10:30:00+08:00,25.375,259.6842,2,7.535385,0,0,0,0,FALSE,FALSE,FALSE,FALSE,['Normal'],1,Inlier
2025-12-30 10:45:00+08:00,25.375,259.6842,2,7.535385,0,0,0,0,FALSE,FALSE,FALSE,FALSE,['Normal'],1,Inlier
2025-12-30 11:00:00+08:00,25.375,259.6842,2,7.535385,0,0,0,0,FALSE,FALSE,FALSE,FALSE,['Normal'],1,Inlier
2025-12-30 11:15:00+08:00,25.375,259.6842,2,7.535385,0,0,0,0,FALSE,FALSE,FALSE,FALSE,['Normal'],1,Inlier
2025-12-30 11:30:00+08:00,25.375,259.6842,2,7.535385,0,0,0,0,FALSE,FALSE,FALSE,FALSE,['Normal'],1,Inlier
2025-12-30 11:45:00+08:00,25.375,259.6842,2,7.535385,0,0,0,0,FALSE,FALSE,FALSE,FALSE,['Normal'],1,Inlier
2025-12-30 12:00:00+08:00,25.375,259.6842,2,7.535385,0,0,0,0,FALSE,FALSE,FALSE,FALSE,['Normal'],1,Inlier
2025-12-30 12:15:00+08:00,25.375,259.6842,2,7.535385,0,0,0,0,FALSE,FALSE,FALSE,FALSE,['Normal'],1,Inlier
2025-12-30 12:30:00+08:00,25.375,259.6842,2,7.535385,0,0,0,0,FALSE,FALSE,FALSE,FALSE,['Normal'],1,Inlier
2025-12-30 12:45:00+08:00,25.375,259.6842,2,7.535385,0,0,0,0,FALSE,FALSE,FALSE,FALSE,['Normal'],1,Inlier
2025-12-30 13:00:00+08:00,25.375,259.6842,2,7.535385,0,0,0,0,FALSE,FALSE,FALSE,FALSE,['Normal'],1,Inlier
2025-12-30 13:15:00+08:00,25.375,259.6842,2,7.535385,0,0,0,0,FALSE,FALSE,FALSE,FALSE,['Normal'],1,Inlier
2025-12-30 13:30:00+08:00,25.375,259.6842,2,7.535385,0,0,0,0,FALSE,FALSE,FALSE,FALSE,['Normal'],1,Inlier
2025-12-30 13:45:00+08:00,25.375,259.6842,2,7.535385,0,0,0,0,FALSE,FALSE,FALSE,FALSE,['Normal'],1,Inlier
2025-12-30 14:00:00+08:00,25.375,259.6842,2,7.535385,0,0,0,0,FALSE,FALSE,FALSE,FALSE,['Normal'],1,Inlier
2025-12-30 14:15:00+08:00,25.375,259.6842,2,7.535385,0,0,0,0,FALSE,FALSE,FALSE,FALSE,['Normal'],1,Inlier
2025-12-30 14:30:00+08:00,25.375,259.6842,2,7.535385,0,0,0,0,FALSE,FALSE,FALSE,FALSE,['Normal'],1,Inlier
2025-12-30 14:45:00+08:00,25.375,259.6842,2,7.535385,0,0,0,0,FALSE,FALSE,FALSE,FALSE,['Normal'],1,Inlier
2025-12-30 15:00:00+08:00,25.375,259.6842,2,7.535385,0,0,0,0,FALSE,FALSE,FALSE,FALSE,['Normal'],1,Inlier
2025-12-30 15:15:00+08:00,25.375,259.6842,2,7.535385,0,0,0,0,FALSE,FALSE,FALSE,FALSE,['Normal'],1,Inlier
2025-12-30 15:30:00+08:00,25.375,259.6842,2,7.535385,0,0,0,0,FALSE,FALSE,FALSE,FALSE,['Normal'],1,Inlier
2025-12-30 15:45:00+08:00,25.375,259.6842,2,7.535385,0,0,0,0,FALSE,FALSE,FALSE,FALSE,['Normal'],1,Inlier
2025-12-30 16:00:00+08:00,25.375,259.6842,2,7.535385,0,0,0,0,FALSE,FALSE,FALSE,FALSE,['Normal'],1,Inlier
2025-12-30 16:15:00+08:00,25.375,259.6842,2,7.535385,0,0,0,0,FALSE,FALSE,FALSE,FALSE,['Normal'],1,Inlier
2025-12-30 16:30:00+08:00,25.375,259.6842,2,7.535385,0,0,0,0,FALSE,FALSE,FALSE,FALSE,['Normal'],1,Inlier
2025-12-30 16:45:00+08:00,25.375,259.6842,2,7.535385,0,0,0,0,FALSE,FALSE,FALSE,FALSE,['Normal'],1,Inlier
2025-12-30 17:00:00+08:00,25.375,259.6842,2,7.535385,0,0,0,0,FALSE,FALSE,FALSE,FALSE,['Normal'],1,Inlier
2025-12-30 17:15:00+08:00,25.375,259.6842,2,7.535385,0,0,0,0,FALSE,FALSE,FALSE,FALSE,['Normal'],1,Inlier
2025-12-30 17:30:00+08:00,25.375,259.6842,2,7.535385,0,0,0,0,FALSE,FALSE,FALSE,FALSE,['Normal'],1,Inlier
2025-12-30 17:45:00+08:00,25.375,259.6842,2,7.545055,0,0,0,1.87E-05,TRUE,TRUE,FALSE,FALSE,"['Temperature', 'TDS']",,
2025-12-30 18:00:00+08:00,25.375,259.6842,2,7.545055,0,0,0,2.81E-05,TRUE,TRUE,FALSE,FALSE,"['Temperature', 'TDS']",,
2025-12-30 18:15:00+08:00,25.375,259.6842,2,7.545055,0,0,0,2.81E-05,TRUE,TRUE,FALSE,FALSE,"['Temperature', 'TDS']",,
2025-12-30 18:30:00+08:00,25.375,259.6842,2,7.545055,0,0,0,1.87E-05,TRUE,TRUE,FALSE,FALSE,"['Temperature', 'TDS']",,
2025-12-30 18:45:00+08:00,25.375,259.6842,2,7.545055,0,0,0,0,TRUE,TRUE,FALSE,FALSE,"['Temperature', 'TDS']",,
2025-12-30 19:00:00+08:00,25.375,259.6842,2,7.545055,0,0,0,0,TRUE,TRUE,FALSE,FALSE,"['Temperature', 'TDS']",,
2025-12-30 19:15:00+08:00,25.375,259.6842,2,7.545055,0,0,0,0,TRUE,TRUE,FALSE,FALSE,"['Temperature', 'TDS']",,
2025-12-30 19:30:00+08:00,25.375,259.6842,2,7.545055,0,0,0,0,TRUE,TRUE,FALSE,FALSE,"['Temperature', 'TDS']",,
2025-12-30 19:45:00+08:00,25.375,259.6842,2,7.545055,0,0,0,0,TRUE,TRUE,FALSE,FALSE,"['Temperature', 'TDS']",,
2025-12-30 20:00:00+08:00,25.375,259.6842,2,7.545055,0,0,0,0,TRUE,TRUE,FALSE,FALSE,"['Temperature', 'TDS']",,
2025-12-30 20:15:00+08:00,25.375,259.6842,2,7.545055,0,0,0,0,TRUE,TRUE,FALSE,FALSE,"['Temperature', 'TDS']",,
2025-12-30 20:30:00+08:00,25.375,259.6842,2,7.545055,0,0,0,0,TRUE,TRUE,FALSE,FALSE,"['Temperature', 'TDS']",,
2025-12-30 20:45:00+08:00,25.375,259.6842,2,7.545055,0,0,0,0,TRUE,TRUE,FALSE,FALSE,"['Temperature', 'TDS']",,
2025-12-30 21:00:00+08:00,25.375,259.6842,2,7.545055,0,0,0,0,TRUE,TRUE,FALSE,FALSE,"['Temperature', 'TDS']",,
2025-12-30 21:15:00+08:00,25.375,259.6842,2,7.545055,0,0,0,0,TRUE,TRUE,FALSE,FALSE,"['Temperature', 'TDS']",,
2025-12-30 21:30:00+08:00,25.375,259.6842,2,7.545055,0,0,0,0,TRUE,TRUE,FALSE,FALSE,"['Temperature', 'TDS']",,
2025-12-30 21:45:00+08:00,25.375,259.6842,2,7.545055,0,0,0,0,TRUE,TRUE,FALSE,FALSE,"['Temperature', 'TDS']",,
2025-12-30 22:00:00+08:00,25.375,259.6842,2,7.545055,0,0,0,0,TRUE,TRUE,FALSE,FALSE,"['Temperature', 'TDS']",,
2025-12-30 22:15:00+08:00,25.375,259.6842,2,7.545055,0,0,0,0,TRUE,TRUE,FALSE,FALSE,"['Temperature', 'TDS']",,
2025-12-30 22:30:00+08:00,25.375,259.6842,2,7.545055,0,0,0,0,TRUE,TRUE,FALSE,FALSE,"['Temperature', 'TDS']",,
2025-12-30 22:45:00+08:00,25.375,259.6842,2,7.545055,0,0,0,0,TRUE,TRUE,FALSE,FALSE,"['Temperature', 'TDS']",,
2025-12-30 23:00:00+08:00,25.375,259.6842,2,7.545055,0,0,0,0,TRUE,TRUE,FALSE,FALSE,"['Temperature', 'TDS']",,
2025-12-30 23:15:00+08:00,25.375,259.6842,2,7.545055,0,0,0,0,TRUE,TRUE,FALSE,FALSE,"['Temperature', 'TDS']",,
2025-12-30 23:30:00+08:00,25.375,259.6842,2,7.545055,0,0,0,0,TRUE,TRUE,FALSE,FALSE,"['Temperature', 'TDS']",,
2025-12-30 23:45:00+08:00,25.375,259.6842,2,7.545055,0,0,0,0,TRUE,TRUE,FALSE,FALSE,"['Temperature', 'TDS']",,
2025-12-31 00:00:00+08:00,25.375,259.6842,2,7.545055,0,0,0,0,TRUE,TRUE,FALSE,FALSE,"['Temperature', 'TDS']",,
2025-12-31 00:15:00+08:00,25.375,259.6842,2,7.545055,0,0,0,0,TRUE,TRUE,FALSE,FALSE,"['Temperature', 'TDS']",,
2025-12-31 00:30:00+08:00,25.375,259.6842,2,7.545055,0,0,0,0,TRUE,TRUE,FALSE,FALSE,"['Temperature', 'TDS']",,
2025-12-31 00:45:00+08:00,25.375,259.6842,2,7.545055,0,0,0,0,TRUE,TRUE,FALSE,FALSE,"['Temperature', 'TDS']",,
2025-12-31 01:00:00+08:00,25.375,259.6842,2,7.545055,0,0,0,0,TRUE,TRUE,FALSE,FALSE,"['Temperature', 'TDS']",,
2025-12-31 01:15:00+08:00,25.375,259.6842,2,7.545055,0,0,0,0,TRUE,TRUE,FALSE,FALSE,"['Temperature', 'TDS']",,
2025-12-31 01:30:00+08:00,25.375,259.6842,2,7.545055,0,0,0,0,TRUE,TRUE,FALSE,FALSE,"['Temperature', 'TDS']",,
2025-12-31 01:45:00+08:00,25.375,259.6842,2,7.545055,0,0,0,0,TRUE,TRUE,FALSE,FALSE,"['Temperature', 'TDS']",,
2025-12-31 02:00:00+08:00,25.375,259.6842,2,7.545055,0,0,0,0,TRUE,TRUE,FALSE,FALSE,"['Temperature', 'TDS']",,
2025-12-31 02:15:00+08:00,25.375,259.6842,2,7.545055,0,0,0,0,TRUE,TRUE,FALSE,FALSE,"['Temperature', 'TDS']",,
2025-12-31 02:30:00+08:00,25.375,259.6842,2,7.545055,0,0,0,0,TRUE,TRUE,FALSE,FALSE,"['Temperature', 'TDS']",,
2025-12-31 02:45:00+08:00,25.375,259.6842,2,7.545055,0,0,0,0,TRUE,TRUE,FALSE,FALSE,"['Temperature', 'TDS']",,
2025-12-31 03:00:00+08:00,25.375,259.6842,2,7.545055,0,0,0,0,TRUE,TRUE,FALSE,FALSE,"['Temperature', 'TDS']",,
2025-12-31 03:15:00+08:00,25.375,259.6842,2,7.545055,0,0,0,0,TRUE,TRUE,FALSE,FALSE,"['Temperature', 'TDS']",,
2025-12-31 03:30:00+08:00,25.375,259.6842,2,7.545055,0,0,0,0,TRUE,TRUE,FALSE,FALSE,"['Temperature', 'TDS']",,
2025-12-31 03:45:00+08:00,25.375,259.6842,2,7.545055,0,0,0,0,TRUE,TRUE,FALSE,FALSE,"['Temperature', 'TDS']",,
2025-12-31 04:00:00+08:00,25.375,259.6842,2,7.545055,0,0,0,0,TRUE,TRUE,FALSE,FALSE,"['Temperature', 'TDS']",,
2025-12-31 04:15:00+08:00,25.375,259.6842,2,7.545055,0,0,0,0,TRUE,TRUE,FALSE,FALSE,"['Temperature', 'TDS']",,
2025-12-31 04:30:00+08:00,25.375,259.6842,2,7.545055,0,0,0,0,TRUE,TRUE,FALSE,FALSE,"['Temperature', 'TDS']",,
2025-12-31 04:45:00+08:00,25.375,259.6842,2,7.545055,0,0,0,0,TRUE,TRUE,FALSE,FALSE,"['Temperature', 'TDS']",,
2025-12-31 05:00:00+08:00,25.375,259.6842,2,7.545055,0,0,0,0,TRUE,TRUE,FALSE,FALSE,"['Temperature', 'TDS']",,
2025-12-31 05:15:00+08:00,25.375,259.6842,2,7.545055,0,0,0,0,TRUE,TRUE,FALSE,FALSE,"['Temperature', 'TDS']",,
2025-12-31 05:30:00+08:00,25.375,259.6842,2,7.545055,0,0,0,0,TRUE,TRUE,FALSE,FALSE,"['Temperature', 'TDS']",,
2025-12-31 05:45:00+08:00,25.375,259.6842,2,7.545055,0,0,0,0,TRUE,TRUE,FALSE,FALSE,"['Temperature', 'TDS']",,
2025-12-31 06:00:00+08:00,25.375,259.6842,2,7.545055,0,0,0,0,TRUE,TRUE,FALSE,FALSE,"['Temperature', 'TDS']",,
2025-12-31 06:15:00+08:00,25.375,259.6842,2,7.545055,0,0,0,0,TRUE,TRUE,FALSE,FALSE,"['Temperature', 'TDS']",,
2025-12-31 06:30:00+08:00,25.375,259.6842,2,7.545055,0,0,0,0,TRUE,TRUE,FALSE,FALSE,"['Temperature', 'TDS']",,
2025-12-31 06:45:00+08:00,25.375,259.6842,2,7.545055,0,0,0,0,TRUE,TRUE,FALSE,FALSE,"['Temperature', 'TDS']",,
2025-12-31 07:00:00+08:00,25.375,259.6842,2,7.545055,0,0,0,0,TRUE,TRUE,FALSE,FALSE,"['Temperature', 'TDS']",,
2025-12-31 07:00:00+08:00,25.375,259.6842,2,7.545055,,0,0,0,TRUE,TRUE,FALSE,FALSE,"['Temperature', 'TDS']",,
2025-12-31 07:15:00+08:00,25.375,259.6842,2,7.545055,0,0,0,0,TRUE,TRUE,FALSE,FALSE,"['Temperature', 'TDS']",,
2025-12-31 07:30:00+08:00,25.375,259.6842,2,7.545055,0,0,0,0,TRUE,TRUE,FALSE,FALSE,"['Temperature', 'TDS']",,
2025-12-31 07:45:00+08:00,25.375,259.6842,2,7.545055,0,0,0,0,TRUE,TRUE,FALSE,FALSE,"['Temperature', 'TDS']",,
2025-12-31 08:00:00+08:00,25.375,259.6842,2,7.545055,0,0,0,0,TRUE,TRUE,FALSE,FALSE,"['Temperature', 'TDS']",,
2025-12-31 08:15:00+08:00,25.375,259.6842,2,7.545055,0,0,0,0,TRUE,TRUE,FALSE,FALSE,"['Temperature', 'TDS']",,
2025-12-31 08:30:00+08:00,25.625,259.0389,2,7.535385,0.000277778,-0.51624,0,1.87E-05,FALSE,FALSE,FALSE,FALSE,['Normal'],1,Inlier
2025-12-31 08:45:00+08:00,25.625,259.0389,2,7.535385,0,-0.38718,0,2.81E-05,FALSE,FALSE,FALSE,FALSE,['Normal'],1,Inlier
2025-12-31 09:00:00+08:00,25.625,259.8689,2,7.496703,0,0.40588,0,0.000402123,FALSE,FALSE,FALSE,FALSE,['Normal'],1,Inlier
2025-12-31 09:15:00+08:00,25.625,259.8689,2,7.496703,0,0.36894,0,0.000542402,FALSE,FALSE,FALSE,FALSE,['Normal'],1,Inlier
2025-12-31 09:30:00+08:00,25.625,259.8689,2,7.496703,0,0.332,0,0.000448889,FALSE,FALSE,FALSE,FALSE,['Normal'],1,Inlier
2025-12-31 09:45:00+08:00,25.625,259.8689,2,7.496703,0,0.166,0,0.000299259,FALSE,FALSE,FALSE,FALSE,['Normal'],1,Inlier
2025-12-31 10:00:00+08:00,25.625,259.8689,2,7.496703,0,0,0,0,FALSE,FALSE,FALSE,FALSE,['Normal'],1,Inlier
2025-12-31 10:15:00+08:00,25.625,259.8689,2,7.496703,0,0,0,0,FALSE,FALSE,FALSE,FALSE,['Normal'],1,Inlier
2025-12-31 10:30:00+08:00,25.625,259.8689,2,7.496703,0,0,0,0,FALSE,FALSE,FALSE,FALSE,['Normal'],1,Inlier
2025-12-31 10:45:00+08:00,25.625,259.8689,2,7.496703,0,0,0,0,FALSE,FALSE,FALSE,FALSE,['Normal'],1,Inlier
2025-12-31 11:00:00+08:00,25.625,259.8689,2,7.496703,0,0,0,0,FALSE,FALSE,FALSE,FALSE,['Normal'],1,Inlier
2025-12-31 11:15:00+08:00,25.625,259.8689,2,7.496703,0,0,0,0,FALSE,FALSE,FALSE,FALSE,['Normal'],1,Inlier
2025-12-31 11:30:00+08:00,25.625,259.8689,2,7.496703,0,0,0,0,FALSE,FALSE,FALSE,FALSE,['Normal'],1,Inlier
2025-12-31 11:45:00+08:00,25.625,259.8689,2,7.496703,0,0,0,0,FALSE,FALSE,FALSE,FALSE,['Normal'],1,Inlier
2025-12-31 12:00:00+08:00,25.625,259.8689,2,7.496703,0,0,0,0,FALSE,FALSE,FALSE,FALSE,['Normal'],1,Inlier
2025-12-31 12:15:00+08:00,25.625,259.8689,2,7.496703,0,0,0,0,FALSE,FALSE,FALSE,FALSE,['Normal'],1,Inlier
2025-12-31 12:30:00+08:00,25.625,259.8689,2,7.496703,0,0,0,0,FALSE,FALSE,FALSE,FALSE,['Normal'],1,Inlier
2025-12-31 12:45:00+08:00,25.625,259.8689,2,7.496703,0,0,0,0,FALSE,FALSE,FALSE,FALSE,['Normal'],1,Inlier
2025-12-31 13:00:00+08:00,25.625,259.8689,2,7.496703,0,0,0,0,FALSE,FALSE,FALSE,FALSE,['Normal'],1,Inlier
2025-12-31 13:15:00+08:00,25.625,259.8689,2,7.496703,0,0,0,0,FALSE,FALSE,FALSE,FALSE,['Normal'],1,Inlier
2025-12-31 13:30:00+08:00,25.625,259.8689,2,7.496703,0,0,0,0,FALSE,FALSE,FALSE,FALSE,['Normal'],1,Inlier
2025-12-31 13:45:00+08:00,25.625,259.8689,2,7.496703,0,0,0,0,FALSE,FALSE,FALSE,FALSE,['Normal'],1,Inlier
2025-12-31 14:00:00+08:00,25.625,259.8689,2,7.496703,0,0,0,0,FALSE,FALSE,FALSE,FALSE,['Normal'],1,Inlier
2025-12-31 14:15:00+08:00,25.625,259.8689,2,7.496703,0,0,0,0,FALSE,FALSE,FALSE,FALSE,['Normal'],1,Inlier
2025-12-31 14:30:00+08:00,25.625,259.8689,2,7.496703,0,0,0,0,FALSE,FALSE,FALSE,FALSE,['Normal'],1,Inlier
2025-12-31 14:45:00+08:00,25.625,259.8689,2,7.496703,0,0,0,0,FALSE,FALSE,FALSE,FALSE,['Normal'],1,Inlier
2025-12-31 15:00:00+08:00,25.625,259.8689,2,7.496703,0,0,0,0,FALSE,FALSE,FALSE,FALSE,['Normal'],1,Inlier
2025-12-31 15:15:00+08:00,25.625,259.8689,2,7.496703,0,0,0,0,FALSE,FALSE,FALSE,FALSE,['Normal'],1,Inlier
2025-12-31 15:30:00+08:00,25.625,259.8689,2,7.496703,0,0,0,0,FALSE,FALSE,FALSE,FALSE,['Normal'],1,Inlier
2025-12-31 15:45:00+08:00,25.625,259.8689,2,7.496703,0,0,0,0,FALSE,FALSE,FALSE,FALSE,['Normal'],1,Inlier
2025-12-31 16:00:00+08:00,25.625,259.8689,2,7.496703,0,0,0,0,FALSE,FALSE,FALSE,FALSE,['Normal'],1,Inlier
2025-12-31 16:15:00+08:00,25.625,259.8689,2,7.496703,0,0,0,0,FALSE,FALSE,FALSE,FALSE,['Normal'],1,Inlier
2025-12-31 16:30:00+08:00,25.625,259.8689,2,7.496703,0,0,0,0,FALSE,FALSE,FALSE,FALSE,['Normal'],1,Inlier
2025-12-31 16:45:00+08:00,25.625,259.8689,2,7.496703,0,0,0,0,FALSE,FALSE,FALSE,FALSE,['Normal'],1,Inlier
2025-12-31 17:00:00+08:00,25.625,259.8689,2,7.496703,0,0,0,0,FALSE,FALSE,FALSE,FALSE,['Normal'],1,Inlier
2025-12-31 17:15:00+08:00,25.625,259.8689,2,7.496703,0,0,0,0,FALSE,FALSE,FALSE,FALSE,['Normal'],1,Inlier
2025-12-31 17:30:00+08:00,25.625,259.8689,2,7.496703,0,0,0,0,FALSE,FALSE,FALSE,FALSE,['Normal'],1,Inlier
2025-12-31 17:45:00+08:00,25.625,259.8689,2,7.54022,0,0,0,0.000378746,TRUE,TRUE,FALSE,FALSE,"['Temperature', 'TDS']",,
2025-12-31 18:00:00+08:00,25.625,259.8689,2,7.520879,0,0,0,0.000390435,TRUE,TRUE,FALSE,FALSE,"['Temperature', 'TDS']",,
2025-12-31 18:15:00+08:00,25.625,259.8689,2,7.520879,0,0,0,0.000343676,TRUE,TRUE,FALSE,FALSE,"['Temperature', 'TDS']",,
2025-12-31 18:30:00+08:00,25.625,259.8689,2,7.520879,0,0,0,0.000238469,TRUE,TRUE,FALSE,FALSE,"['Temperature', 'TDS']",,
2025-12-31 18:45:00+08:00,25.625,259.8689,2,7.520879,0,0,0,7.48E-05,TRUE,TRUE,FALSE,FALSE,"['Temperature', 'TDS']",,
2025-12-31 19:00:00+08:00,25.625,259.8689,2,7.520879,0,0,0,0,TRUE,TRUE,FALSE,FALSE,"['Temperature', 'TDS']",,
2025-12-31 19:15:00+08:00,25.625,259.8689,2,7.520879,0,0,0,0,TRUE,TRUE,FALSE,FALSE,"['Temperature', 'TDS']",,
2025-12-31 19:30:00+08:00,25.625,259.8689,2,7.520879,0,0,0,0,TRUE,TRUE,FALSE,FALSE,"['Temperature', 'TDS']",,
2025-12-31 19:45:00+08:00,25.625,259.8689,2,7.520879,0,0,0,0,TRUE,TRUE,FALSE,FALSE,"['Temperature', 'TDS']",,
2025-12-31 20:00:00+08:00,25.625,259.8689,2,7.520879,0,0,0,0,TRUE,TRUE,FALSE,FALSE,"['Temperature', 'TDS']",,
2025-12-31 20:15:00+08:00,25.625,259.8689,2,7.520879,0,0,0,0,TRUE,TRUE,FALSE,FALSE,"['Temperature', 'TDS']",,
2025-12-31 20:30:00+08:00,25.625,259.8689,2,7.520879,0,0,0,0,TRUE,TRUE,FALSE,FALSE,"['Temperature', 'TDS']",,
2025-12-31 20:45:00+08:00,25.625,259.8689,2,7.520879,0,0,0,0,TRUE,TRUE,FALSE,FALSE,"['Temperature', 'TDS']",,
2025-12-31 21:00:00+08:00,25.625,259.8689,2,7.520879,0,0,0,0,TRUE,TRUE,FALSE,FALSE,"['Temperature', 'TDS']",,
2025-12-31 21:15:00+08:00,25.625,259.8689,2,7.520879,0,0,0,0,TRUE,TRUE,FALSE,FALSE,"['Temperature', 'TDS']",,
2025-12-31 21:30:00+08:00,25.625,259.8689,2,7.520879,0,0,0,0,TRUE,TRUE,FALSE,FALSE,"['Temperature', 'TDS']",,
2025-12-31 21:45:00+08:00,25.625,259.8689,2,7.520879,0,0,0,0,TRUE,TRUE,FALSE,FALSE,"['Temperature', 'TDS']",,
2025-12-31 22:00:00+08:00,25.625,259.8689,2,7.520879,0,0,0,0,TRUE,TRUE,FALSE,FALSE,"['Temperature', 'TDS']",,
2025-12-31 22:15:00+08:00,25.625,259.8689,2,7.520879,0,0,0,0,TRUE,TRUE,FALSE,FALSE,"['Temperature', 'TDS']",,
2025-12-31 22:30:00+08:00,25.625,259.8689,2,7.520879,0,0,0,0,TRUE,TRUE,FALSE,FALSE,"['Temperature', 'TDS']",,
2025-12-31 22:45:00+08:00,25.625,259.8689,2,7.520879,0,0,0,0,TRUE,TRUE,FALSE,FALSE,"['Temperature', 'TDS']",,
2025-12-31 23:00:00+08:00,25.625,259.8689,2,7.520879,0,0,0,0,TRUE,TRUE,FALSE,FALSE,"['Temperature', 'TDS']",,
2025-12-31 23:15:00+08:00,25.625,259.8689,2,7.520879,0,0,0,0,TRUE,TRUE,FALSE,FALSE,"['Temperature', 'TDS']",,
2025-12-31 23:30:00+08:00,25.625,259.8689,2,7.520879,0,0,0,0,TRUE,TRUE,FALSE,FALSE,"['Temperature', 'TDS']",,
2025-12-31 23:45:00+08:00,25.625,259.8689,2,7.520879,0,0,0,0,TRUE,TRUE,FALSE,FALSE,"['Temperature', 'TDS']",,
2026-01-01 00:00:00+08:00,25.625,259.8689,2,7.520879,0,0,0,0,TRUE,TRUE,FALSE,FALSE,"['Temperature', 'TDS']",,
2026-01-01 00:15:00+08:00,25.625,259.8689,2,7.520879,0,0,0,0,TRUE,TRUE,FALSE,FALSE,"['Temperature', 'TDS']",,
2026-01-01 00:30:00+08:00,25.625,259.8689,2,7.520879,0,0,0,0,TRUE,TRUE,FALSE,FALSE,"['Temperature', 'TDS']",,
2026-01-01 00:45:00+08:00,25.625,259.8689,2,7.520879,0,0,0,0,TRUE,TRUE,FALSE,FALSE,"['Temperature', 'TDS']",,
2026-01-01 01:00:00+08:00,25.625,259.8689,2,7.520879,0,0,0,0,TRUE,TRUE,FALSE,FALSE,"['Temperature', 'TDS']",,
2026-01-01 01:15:00+08:00,25.625,259.8689,2,7.520879,0,0,0,0,TRUE,TRUE,FALSE,FALSE,"['Temperature', 'TDS']",,
2026-01-01 01:30:00+08:00,25.625,259.8689,2,7.520879,0,0,0,0,TRUE,TRUE,FALSE,FALSE,"['Temperature', 'TDS']",,
2026-01-01 01:45:00+08:00,25.625,259.8689,2,7.520879,0,0,0,0,TRUE,TRUE,FALSE,FALSE,"['Temperature', 'TDS']",,
2026-01-01 02:00:00+08:00,25.625,259.8689,2,7.520879,0,0,0,0,TRUE,TRUE,FALSE,FALSE,"['Temperature', 'TDS']",,
2026-01-01 02:15:00+08:00,25.625,259.8689,2,7.520879,0,0,0,0,TRUE,TRUE,FALSE,FALSE,"['Temperature', 'TDS']",,
2026-01-01 02:30:00+08:00,25.625,259.8689,2,7.520879,0,0,0,0,TRUE,TRUE,FALSE,FALSE,"['Temperature', 'TDS']",,
2026-01-01 02:45:00+08:00,25.625,259.8689,2,7.520879,0,0,0,0,TRUE,TRUE,FALSE,FALSE,"['Temperature', 'TDS']",,
2026-01-01 03:00:00+08:00,25.625,259.8689,2,7.520879,0,0,0,0,TRUE,TRUE,FALSE,FALSE,"['Temperature', 'TDS']",,
2026-01-01 03:15:00+08:00,25.625,259.8689,2,7.520879,0,0,0,0,TRUE,TRUE,FALSE,FALSE,"['Temperature', 'TDS']",,
2026-01-01 03:30:00+08:00,25.625,259.8689,2,7.520879,0,0,0,0,TRUE,TRUE,FALSE,FALSE,"['Temperature', 'TDS']",,
2026-01-01 03:45:00+08:00,25.625,259.8689,2,7.520879,0,0,0,0,TRUE,TRUE,FALSE,FALSE,"['Temperature', 'TDS']",,
2026-01-01 04:00:00+08:00,25.625,259.8689,2,7.520879,0,0,0,0,TRUE,TRUE,FALSE,FALSE,"['Temperature', 'TDS']",,
2026-01-01 04:15:00+08:00,25.625,259.8689,2,7.520879,0,0,0,0,TRUE,TRUE,FALSE,FALSE,"['Temperature', 'TDS']",,
2026-01-01 04:30:00+08:00,25.625,259.8689,2,7.520879,0,0,0,0,TRUE,TRUE,FALSE,FALSE,"['Temperature', 'TDS']",,
2026-01-01 04:45:00+08:00,25.625,259.8689,2,7.520879,0,0,0,0,TRUE,TRUE,FALSE,FALSE,"['Temperature', 'TDS']",,
2026-01-01 05:00:00+08:00,25.625,259.8689,2,7.520879,0,0,0,0,TRUE,TRUE,FALSE,FALSE,"['Temperature', 'TDS']",,
2026-01-01 05:15:00+08:00,25.625,259.8689,2,7.520879,0,0,0,0,TRUE,TRUE,FALSE,FALSE,"['Temperature', 'TDS']",,
2026-01-01 05:30:00+08:00,25.625,259.8689,2,7.520879,0,0,0,0,TRUE,TRUE,FALSE,FALSE,"['Temperature', 'TDS']",,
2026-01-01 05:45:00+08:00,25.625,259.8689,2,7.520879,0,0,0,0,TRUE,TRUE,FALSE,FALSE,"['Temperature', 'TDS']",,
2026-01-01 06:00:00+08:00,25.625,259.8689,2,7.520879,0,0,0,0,TRUE,TRUE,FALSE,FALSE,"['Temperature', 'TDS']",,
2026-01-01 06:15:00+08:00,25.625,259.8689,2,7.520879,0,0,0,0,TRUE,TRUE,FALSE,FALSE,"['Temperature', 'TDS']",,
2026-01-01 06:30:00+08:00,25.625,259.8689,2,7.520879,0,0,0,0,TRUE,TRUE,FALSE,FALSE,"['Temperature', 'TDS']",,
2026-01-01 06:45:00+08:00,25.625,259.8689,2,7.520879,0,0,0,0,TRUE,TRUE,FALSE,FALSE,"['Temperature', 'TDS']",,
2026-01-01 07:00:00+08:00,25.625,259.8689,2,7.520879,0,0,0,0,TRUE,TRUE,FALSE,FALSE,"['Temperature', 'TDS']",,
2026-01-01 07:15:00+08:00,28.08466393,251.662853,2,7.490217709,0.00273296,-6.564837565,0,0.000188023,FALSE,FALSE,FALSE,FALSE,['Unknown/Noise'],-1,Outlier
2026-01-01 07:30:00+08:00,27.87682643,251.7205875,4,7.474216425,-0.000230931,-4.877440633,2,0.000480429,FALSE,FALSE,FALSE,FALSE,['Normal'],1,Inlier
2026-01-01 07:45:00+08:00,28.12181705,254.280341,5,7.472414314,0.000272212,-1.199975276,1,0.000575446,FALSE,FALSE,FALSE,FALSE,['Normal'],1,Inlier
2026-01-01 08:00:00+08:00,27.6919799,248.9511209,2,7.453301596,-0.000477597,-4.345639573,-3,0.000638741,FALSE,FALSE,FALSE,FALSE,['Normal'],-1,Outlier
2026-01-01 08:15:00+08:00,27.71770698,248.978852,2,7.452986715,2.86E-05,-2.139898912,0,0.000247808,FALSE,FALSE,FALSE,FALSE,['Normal'],1,Inlier
2026-01-01 08:30:00+08:00,27.66195555,249.3393424,4,7.476663968,-6.19E-05,-1.314706392,2,0.000138233,FALSE,FALSE,FALSE,FALSE,['Normal'],1,Inlier
2026-01-01 08:45:00+08:00,27.79531352,253.9495492,3,7.466712919,0.000148176,2.84970812,-1,0.000118355,FALSE,FALSE,FALSE,FALSE,['Normal'],1,Inlier
2026-01-01 09:00:00+08:00,28.22370419,254.1589297,4,7.488293243,0.00047599,3.083370885,1,0.000232286,FALSE,FALSE,FALSE,FALSE,['Normal'],1,Inlier
2026-01-01 09:15:00+08:00,27.93109526,251.9058084,5,7.65757543,-0.000325121,0.239312026,1,0.0071183,FALSE,FALSE,FALSE,FALSE,['Normal'],1,Inlier
2026-01-01 09:30:00+08:00,27.78923093,253.8221118,5,7.451677948,-0.000157627,1.186963531,0,0.007154935,FALSE,FALSE,FALSE,FALSE,['Normal'],1,Inlier
2026-01-01 09:45:00+08:00,27.75481718,253.2299718,4,7.456995457,-3.82E-05,-0.183302389,-1,0.007542288,FALSE,FALSE,FALSE,FALSE,['Normal'],1,Inlier
2026-01-01 10:00:00+08:00,27.94107514,253.7008262,3,7.53207756,0.000206953,0.337296637,-1,0.007169963,FALSE,FALSE,FALSE,FALSE,['Normal'],1,Inlier
2026-01-01 10:15:00+08:00,28.0044748,247.9861848,3,7.50519306,7.04E-05,-4.142795789,0,0.006981777,FALSE,FALSE,FALSE,FALSE,['Normal'],1,Inlier
2026-01-01 10:30:00+08:00,28.2150533,250.422554,5,7.511376443,0.000233976,-1.409775739,2,0.001251366,FALSE,FALSE,FALSE,FALSE,['Normal'],1,Inlier
2026-01-01 10:45:00+08:00,28.21891239,252.3288697,4,7.507190486,4.29E-06,0.79518837,-1,0.000763379,FALSE,FALSE,FALSE,FALSE,['Normal'],1,Inlier
2026-01-01 11:00:00+08:00,28.26598751,251.816381,4,7.476918372,5.23E-05,0.565417896,0,0.000388809,FALSE,FALSE,FALSE,FALSE,['Normal'],1,Inlier
2026-01-01 11:15:00+08:00,27.9807871,252.0044437,5,7.479889267,-0.000316889,1.092757055,1,0.000267444,FALSE,FALSE,FALSE,FALSE,['Normal'],1,Inlier
2026-01-01 11:30:00+08:00,28.05163945,249.9172231,6,7.512819543,7.87E-05,-1.380671203,1,0.000313699,FALSE,FALSE,FALSE,FALSE,['Normal'],1,Inlier
2026-01-01 11:45:00+08:00,27.59385649,251.6795214,5,7.455933817,-0.000508648,0.130233618,-1,0.000547651,FALSE,FALSE,FALSE,FALSE,['Normal'],1,Inlier
2026-01-01 12:00:00+08:00,28.03235498,252.5757692,2,7.565898128,0.000487221,0.977101473,-3,0.001842837,FALSE,FALSE,FALSE,FALSE,['Normal'],1,Inlier
2026-01-01 12:15:00+08:00,28.12770283,254.1577748,3,7.577216193,0.000105942,2.090828403,1,0.002782912,FALSE,FALSE,FALSE,FALSE,['Normal'],1,Inlier
2026-01-01 12:30:00+08:00,28.05263367,248.7829967,4,7.530547762,-8.34E-05,-2.63966031,1,0.002321952,FALSE,FALSE,FALSE,FALSE,['Normal'],1,Inlier
2026-01-01 12:45:00+08:00,28.2115417,251.9460146,2,7.549065397,0.000176564,0.117599234,-2,0.002300835,FALSE,FALSE,FALSE,FALSE,['Normal'],1,Inlier
2026-01-01 13:00:00+08:00,28.17640639,248.4227389,2,7.545800367,-3.90E-05,-2.75431995,0,0.000330429,FALSE,FALSE,FALSE,FALSE,['Normal'],1,Inlier
2026-01-01 13:15:00+08:00,27.88882672,253.0603787,2,7.553889073,-0.000319533,1.786397937,0,0.000286062,FALSE,FALSE,FALSE,FALSE,['Normal'],1,Inlier
2026-01-01 13:30:00+08:00,27.85022801,255.0886769,4,7.547814146,-4.29E-05,3.628515761,2,7.80E-05,FALSE,FALSE,FALSE,FALSE,['Normal'],1,Inlier
2026-01-01 13:45:00+08:00,27.8157504,251.2301291,3,7.501808183,-3.83E-05,-0.719458558,-1,0.00045697,FALSE,FALSE,FALSE,FALSE,['Normal'],1,Inlier
2026-01-01 14:00:00+08:00,28.05048115,254.6329757,3,7.506881736,0.000260812,2.145995887,0,0.000614811,FALSE,FALSE,FALSE,FALSE,['Normal'],1,Inlier
2026-01-01 14:15:00+08:00,28.13681963,253.7161609,6,7.471049851,9.59E-05,0.170496619,3,0.001188093,FALSE,FALSE,FALSE,FALSE,['Normal'],1,Inlier
2026-01-01 14:30:00+08:00,27.778427,249.1421494,3,7.467763942,-0.000398214,-3.619869031,-3,0.001052428,FALSE,FALSE,FALSE,FALSE,['Normal'],1,Inlier
2026-01-01 14:45:00+08:00,28.42068226,257.8718835,4,7.586559582,0.000713617,4.553223813,1,0.0022971,FALSE,FALSE,FALSE,FALSE,['Normal'],-1,Outlier
2026-01-01 15:00:00+08:00,28.04710988,253.8802916,2,7.537272253,-0.00041508,0.031599367,-2,0.002459901,FALSE,FALSE,FALSE,FALSE,['Normal'],1,Inlier
2026-01-01 15:15:00+08:00,28.46871914,251.2342489,3,7.482386831,0.000468455,-1.934697958,1,0.002665924,FALSE,FALSE,FALSE,FALSE,['Normal'],1,Inlier
2026-01-01 15:30:00+08:00,28.10984817,252.3987524,1,7.433405257,-0.000398746,-0.50671273,-2,0.003663778,FALSE,FALSE,FALSE,FALSE,['Normal'],1,Inlier
2026-01-01 15:45:00+08:00,28.22323577,253.2184546,4,7.525762984,0.000125986,-0.502271628,3,0.003358877,FALSE,FALSE,FALSE,FALSE,['Normal'],1,Inlier
2026-01-01 16:00:00+08:00,27.71276671,252.7647499,2,7.517283789,-0.000567188,0.065450412,-2,0.001773435,FALSE,FALSE,FALSE,FALSE,['Normal'],1,Inlier
2026-01-01 16:15:00+08:00,28.23278264,249.6229867,4,7.468373343,0.000577795,-2.224851824,2,0.001412044,FALSE,FALSE,FALSE,FALSE,['Normal'],1,Inlier
2026-01-01 16:30:00+08:00,27.88620545,254.1752,4,7.474432311,-0.000385086,1.739171323,0,0.001436852,FALSE,FALSE,FALSE,FALSE,['Normal'],1,Inlier
2026-01-01 16:45:00+08:00,27.83788786,251.5925479,4,7.480294966,-5.37E-05,-0.682239923,0,0.000693875,FALSE,FALSE,FALSE,FALSE,['Normal'],1,Inlier
2026-01-01 17:00:00+08:00,28.33453996,248.6773317,4,7.511113214,0.000551836,-2.689231505,0,0.000498494,FALSE,FALSE,FALSE,FALSE,['Normal'],1,Inlier
2026-01-01 17:15:00+08:00,28.12057603,248.2264091,5,7.539744359,-0.000237738,-2.232486001,1,0.000902431,FALSE,FALSE,FALSE,FALSE,['Normal'],1,Inlier
2026-01-01 17:30:00+08:00,28.06041176,253.3762526,4,7.494973157,-6.68E-05,2.166704351,-1,0.00069258,FALSE,FALSE,FALSE,FALSE,['Normal'],1,Inlier
2026-01-01 17:45:00+08:00,28.32934727,255.3156933,4,7.466336165,0.000298817,3.878046339,0,0.000809641,FALSE,FALSE,FALSE,FALSE,['Normal'],1,Inlier
2026-01-01 18:00:00+08:00,28.00777776,248.4771585,3,7.561697144,-0.000357299,-2.33741056,-1,0.00139425,FALSE,FALSE,FALSE,FALSE,['Normal'],1,Inlier
2026-01-01 18:15:00+08:00,27.83841102,250.4749805,3,7.484103044,-0.000188185,-0.699118251,0,0.001589583,FALSE,FALSE,FALSE,FALSE,['Normal'],1,Inlier
2026-01-01 18:30:00+08:00,27.87440852,250.9677261,5,7.403010168,4.00E-05,-0.754636092,2,0.003252277,FALSE,FALSE,FALSE,FALSE,['Normal'],1,Inlier
2026-01-01 18:45:00+08:00,28.03879626,252.7616867,3,7.523993399,0.000182653,1.162237715,-2,0.003608606,FALSE,FALSE,FALSE,FALSE,['Normal'],1,Inlier
2026-01-01 19:00:00+08:00,28.14020245,247.3936389,4,7.562718957,0.000112674,-2.621399243,1,0.004430814,FALSE,FALSE,FALSE,FALSE,['Normal'],1,Inlier
2026-01-01 19:15:00+08:00,28.42911143,253.0196169,4,7.538680525,0.00032101,2.09608706,0,0.003908499,FALSE,FALSE,FALSE,FALSE,['Normal'],1,Inlier
2026-01-01 19:30:00+08:00,27.97913371,254.1017664,2,7.586908259,-0.000499975,2.452879412,-2,0.005076567,FALSE,FALSE,FALSE,FALSE,['Normal'],1,Inlier
2026-01-01 19:45:00+08:00,27.77202609,249.63136,5,7.555029472,-0.00023012,-1.750253786,3,0.000573423,FALSE,FALSE,FALSE,FALSE,['Normal'],1,Inlier
2026-01-01 20:00:00+08:00,27.91219437,255.1186326,4,7.468750697,0.000155743,3.265629647,-1,0.00199785,FALSE,FALSE,FALSE,FALSE,['Normal'],1,Inlier
2026-01-01 20:15:00+08:00,28.17866894,249.8796644,4,7.447026178,0.000296083,-2.47054367,0,0.003500453,FALSE,FALSE,FALSE,FALSE,['Normal'],1,Inlier
2026-01-01 20:30:00+08:00,28.19657325,253.0582408,1,7.48018352,1.99E-05,0.700307929,-3,0.003617368,FALSE,FALSE,FALSE,FALSE,['Normal'],1,Inlier
2026-01-01 20:45:00+08:00,28.17340533,252.4721532,5,7.497211736,-2.57E-05,0.440143028,4,0.00166871,FALSE,FALSE,FALSE,FALSE,['Normal'],1,Inlier
2026-01-01 21:00:00+08:00,27.78248778,250.0864001,2,7.519000335,-0.000434353,-2.036618112,-3,0.000750372,FALSE,FALSE,FALSE,FALSE,['Normal'],1,Inlier
2026-01-01 21:15:00+08:00,28.28087683,253.6802981,3,7.519012014,0.000553766,1.844946752,1,0.00091173,FALSE,FALSE,FALSE,FALSE,['Normal'],1,Inlier
2026-01-01 21:30:00+08:00,27.85413491,249.9604836,3,7.52492622,-0.000474158,-1.891031534,0,0.000354722,FALSE,FALSE,FALSE,FALSE,['Normal'],1,Inlier
2026-01-01 21:45:00+08:00,28.17876175,249.5844297,5,7.476227691,0.000360696,-1.572323224,2,0.000413003,FALSE,FALSE,FALSE,FALSE,['Normal'],1,Inlier
2026-01-01 22:00:00+08:00,27.88643153,254.9444876,4,7.536473559,-0.000324811,3.293267722,-1,0.000523738,FALSE,FALSE,FALSE,FALSE,['Normal'],1,Inlier
2026-01-01 22:15:00+08:00,27.93385385,252.6349492,3,7.555413981,5.27E-05,0.474019559,-1,0.000859432,FALSE,FALSE,FALSE,FALSE,['Normal'],1,Inlier
2026-01-01 22:30:00+08:00,28.24135314,252.1308511,5,7.463375088,0.000341666,0.279810886,2,0.001573072,FALSE,FALSE,FALSE,FALSE,['Normal'],1,Inlier
2026-01-01 22:45:00+08:00,28.08692359,251.6862951,3,7.579306141,-0.000171588,-0.509907418,-2,0.002535457,FALSE,FALSE,FALSE,FALSE,['Normal'],1,Inlier
2026-01-01 23:00:00+08:00,27.85411746,252.681469,4,7.548498099,-0.000258673,-0.134141433,1,0.001920312,FALSE,FALSE,FALSE,FALSE,['Normal'],1,Inlier
2026-01-01 23:15:00+08:00,27.67527109,252.3163145,4,7.474871893,-0.000198718,0.026338684,0,0.002683571,FALSE,FALSE,FALSE,FALSE,['Normal'],1,Inlier
2026-01-01 23:30:00+08:00,27.7939509,249.5817021,2,7.460368376,0.000131866,-2.097624241,-2,0.003011351,FALSE,FALSE,FALSE,FALSE,['Normal'],1,Inlier
2026-01-01 23:45:00+08:00,28.14451486,253.1293979,3,7.617052594,0.000389516,1.250362156,1,0.004514483,FALSE,FALSE,FALSE,FALSE,['Normal'],1,Inlier
2026-01-02 00:00:00+08:00,27.89788799,250.5095874,4,7.45978201,-0.00027403,-1.134106744,1,0.004784783,FALSE,FALSE,FALSE,FALSE,['Normal'],1,Inlier
2026-01-02 00:15:00+08:00,27.77911795,252.8132963,3,7.580992815,-0.000131967,1.143236649,-1,0.0055871,FALSE,FALSE,FALSE,FALSE,['Normal'],1,Inlier
2026-01-02 00:30:00+08:00,28.20353687,249.0360189,4,7.469618458,0.000471577,-1.977981658,1,0.005707517,FALSE,FALSE,FALSE,FALSE,['Normal'],1,Inlier
2026-01-02 00:45:00+08:00,27.49853711,249.7462545,3,7.554650273,-0.000783333,-1.30065647,-1,0.00478913,FALSE,FALSE,FALSE,FALSE,['Normal'],1,Inlier
2026-01-02 01:00:00+08:00,28.07931891,251.9883752,3,7.424837885,0.000645313,1.169668758,0,0.00442897,FALSE,FALSE,FALSE,FALSE,['Normal'],1,Inlier
2026-01-02 01:15:00+08:00,28.06812827,253.751938,2,7.556074662,-1.24E-05,2.284761412,-1,0.004444511,FALSE,FALSE,FALSE,FALSE,['Normal'],1,Inlier
2026-01-02 01:30:00+08:00,27.97039352,250.3562463,3,7.580165244,-0.000108594,-0.619520237,1,0.004418266,FALSE,FALSE,FALSE,FALSE,['Normal'],1,Inlier
2026-01-02 01:45:00+08:00,27.85392316,247.3012111,3,7.445581964,-0.000129412,-3.327593957,0,0.005104092,FALSE,FALSE,FALSE,FALSE,['Normal'],1,Inlier
2026-01-02 02:00:00+08:00,27.93522686,250.3205438,2,7.443945809,9.03E-05,-0.423119101,-1,0.005208903,FALSE,FALSE,FALSE,FALSE,['Normal'],1,Inlier
2026-01-02 02:15:00+08:00,28.10978617,251.1480583,4,7.473806024,0.000193955,0.572458807,2,0.004090079,FALSE,FALSE,FALSE,FALSE,['Normal'],1,Inlier
2026-01-02 02:30:00+08:00,27.93590888,252.1772137,3,7.446352436,-0.000193197,1.916559092,-1,0.003416877,FALSE,FALSE,FALSE,FALSE,['Normal'],1,Inlier
2026-01-02 02:45:00+08:00,27.95363036,252.3167238,3,7.436579445,1.97E-05,1.663973622,0,0.000203382,FALSE,FALSE,FALSE,FALSE,['Normal'],1,Inlier
2026-01-02 03:00:00+08:00,28.08278876,250.5925567,4,7.511495916,0.000143509,-0.718462562,1,0.000951321,FALSE,FALSE,FALSE,FALSE,['Normal'],1,Inlier
2026-01-02 03:15:00+08:00,28.08984621,253.9984684,4,7.560900371,7.84E-06,1.951864235,0,0.002605743,FALSE,FALSE,FALSE,FALSE,['Normal'],1,Inlier
2026-01-02 03:30:00+08:00,28.22233077,253.8906447,5,7.445914701,0.000147205,1.295523241,1,0.002928966,FALSE,FALSE,FALSE,FALSE,['Normal'],1,Inlier
2026-01-02 03:45:00+08:00,27.88578818,255.4676803,5,7.523642683,-0.000373936,2.214465541,0,0.002813802,FALSE,FALSE,FALSE,FALSE,['Normal'],1,Inlier
2026-01-02 04:00:00+08:00,27.89804665,251.0700893,3,7.50698774,1.36E-05,-1.933798562,-2,0.001723746,FALSE,FALSE,FALSE,FALSE,['Normal'],1,Inlier
2026-01-02 04:15:00+08:00,27.83365668,251.1941205,3,7.476946416,-7.15E-05,-1.930080163,0,0.001932981,FALSE,FALSE,FALSE,FALSE,['Normal'],1,Inlier
2026-01-02 04:30:00+08:00,28.04100148,250.3304284,4,7.538845952,0.000230383,-2.060164272,1,0.001390439,FALSE,FALSE,FALSE,FALSE,['Normal'],1,Inlier
2026-01-02 04:45:00+08:00,27.75824373,250.7369475,3,7.547941127,-0.000314175,-1.022905692,-1,0.000791431,FALSE,FALSE,FALSE,FALSE,['Normal'],1,Inlier
2026-01-02 05:00:00+08:00,28.05075933,254.3500107,4,7.464838732,0.000325017,2.813691422,1,0.001342767,FALSE,FALSE,FALSE,FALSE,['Normal'],1,Inlier
2026-01-02 05:15:00+08:00,27.98389095,248.7743317,4,7.576669893,-7.43E-05,-2.302836062,0,0.002309558,FALSE,FALSE,FALSE,FALSE,['Normal'],1,Inlier
2026-01-02 05:30:00+08:00,28.20144503,251.9599026,5,7.493539473,0.000241727,0.72957839,1,0.001998731,FALSE,FALSE,FALSE,FALSE,['Normal'],1,Inlier
2026-01-02 05:45:00+08:00,27.69119769,250.5105024,4,7.542811772,-0.000566941,-0.755836565,-1,0.002030587,FALSE,FALSE,FALSE,FALSE,['Normal'],1,Inlier
2026-01-02 06:00:00+08:00,28.1862078,254.1277188,4,7.42536581,0.000550011,2.183225541,0,0.003639339,FALSE,FALSE,FALSE,FALSE,['Normal'],1,Inlier
2026-01-02 06:15:00+08:00,28.11169909,248.8664058,3,7.506396698,-8.28E-05,-1.981366443,-1,0.003240731,FALSE,FALSE,FALSE,FALSE,['Normal'],1,Inlier
2026-01-02 06:30:00+08:00,27.68828183,250.2731854,2,7.57282871,-0.000470464,-0.874357624,-1,0.003113633,FALSE,FALSE,FALSE,FALSE,['Normal'],1,Inlier
2026-01-02 06:45:00+08:00,27.94419631,253.0188211,3,7.52059108,0.000284349,1.659494421,1,0.003061851,FALSE,FALSE,FALSE,FALSE,['Normal'],1,Inlier
2026-01-02 07:00:00+08:00,28.26412242,250.7669422,4,7.527785223,0.000355473,-0.64367245,1,0.002887525,FALSE,FALSE,FALSE,FALSE,['Normal'],1,Inlier
2026-01-02 07:15:00+08:00,27.62779452,251.6219994,5,7.518341329,-0.000707031,0.712528611,1,0.00065437,FALSE,FALSE,FALSE,FALSE,['Normal'],1,Inlier
2026-01-02 07:30:00+08:00,27.87899678,252.5287391,4,7.461803981,0.000279114,0.886801703,-1,0.001560249,FALSE,FALSE,FALSE,FALSE,['Normal'],1,Inlier
2026-01-02 07:45:00+08:00,27.90074331,252.9835506,3,7.510582438,2.42E-05,0.799540097,-1,0.000699379,FALSE,FALSE,FALSE,FALSE,['Normal'],1,Inlier
2026-01-02 08:00:00+08:00,28.10450691,252.7143554,3,7.597603285,0.000226404,0.591238051,0,0.002377288,FALSE,FALSE,FALSE,FALSE,['Normal'],1,Inlier
2026-01-02 08:15:00+08:00,27.97115233,252.4307338,3,7.460991781,-0.000148172,-0.025141847,0,0.003117206,FALSE,FALSE,FALSE,FALSE,['Normal'],1,Inlier
2026-01-02 08:30:00+08:00,27.94575033,254.4740193,3,7.565970529,-2.82E-05,1.447739642,0,0.003772785,FALSE,FALSE,FALSE,FALSE,['Normal'],1,Inlier
2026-01-02 08:45:00+08:00,28.32440396,253.3733613,4,7.50009308,0.000420726,0.178157207,1,0.00296353,FALSE,FALSE,FALSE,FALSE,['Normal'],1,Inlier
2026-01-02 09:00:00+08:00,28.10542571,253.0180562,4,7.523016905,-0.000243309,-0.184048994,0,0.002892081,FALSE,FALSE,FALSE,FALSE,['Normal'],1,Inlier
2026-01-02 09:15:00+08:00,27.59389135,250.5989767,5,7.556063727,-0.000568372,-2.180052718,1,0.001823427,FALSE,FALSE,FALSE,FALSE,['Normal'],1,Inlier
2026-01-02 09:30:00+08:00,28.39931041,254.0390568,2,7.451719878,0.00089491,0.93836277,-3,0.002119869,FALSE,FALSE,FALSE,FALSE,['Unknown/Noise'],-1,Outlier
2026-01-02 09:45:00+08:00,28.02545711,250.3106137,5,7.455399038,-0.000415393,-1.957399272,3,0.001988891,FALSE,FALSE,FALSE,FALSE,['Normal'],1,Inlier
2026-01-02 10:00:00+08:00,28.23514962,251.2865095,3,7.480764672,0.000232992,-0.564133107,-2,0.002036215,FALSE,FALSE,FALSE,FALSE,['Normal'],1,Inlier
2026-01-02 10:15:00+08:00,27.93352048,247.4036891,3,7.517570832,-0.000335143,-3.324080099,0,0.00196148,FALSE,FALSE,FALSE,FALSE,['Normal'],1,Inlier
2026-01-02 10:30:00+08:00,28.05410348,252.5010403,3,7.613840288,0.000133981,1.392858451,0,0.004471026,FALSE,FALSE,FALSE,FALSE,['Normal'],1,Inlier
2026-01-02 10:45:00+08:00,27.99914075,251.7816229,3,7.515461821,-6.11E-05,1.124927824,0,0.00362191,FALSE,FALSE,FALSE,FALSE,['Normal'],1,Inlier
2026-01-02 11:00:00+08:00,28.20708793,255.5250092,3,7.464598883,0.000231052,3.825434969,0,0.003357284,FALSE,FALSE,FALSE,FALSE,['Normal'],1,Inlier
2026-01-02 11:15:00+08:00,28.46394091,253.1755974,3,7.609481077,0.000285392,1.098205614,0,0.00424568,FALSE,FALSE,FALSE,FALSE,['Normal'],1,Inlier
2026-01-02 11:30:00+08:00,27.8804223,251.4748769,4,7.426348784,-0.000648354,-1.416752393,1,0.007124127,FALSE,FALSE,FALSE,FALSE,['Normal'],-1,Outlier
2026-01-02 11:45:00+08:00,28.30649747,250.8565529,4,7.450432945,0.000473417,-1.706178943,0,0.005283247,FALSE,FALSE,FALSE,FALSE,['Normal'],1,Inlier
2026-01-02 12:00:00+08:00,27.62106139,252.8901985,3,7.514534552,-0.000761596,0.105751496,-1,0.005273127,FALSE,FALSE,FALSE,FALSE,['Normal'],1,Inlier
2026-01-02 12:15:00+08:00,28.19214256,253.8228159,4,7.5427304,0.000634535,1.378807612,1,0.005381427,FALSE,FALSE,FALSE,FALSE,['Normal'],1,Inlier
2026-01-02 12:30:00+08:00,27.88395196,253.8384602,4,7.463562987,-0.000342434,1.261879265,0,0.002287359,FALSE,FALSE,FALSE,FALSE,['Normal'],1,Inlier
2026-01-02 12:45:00+08:00,27.92629783,252.5167154,2,7.503977339,4.71E-05,-0.268233167,-2,0.00142872,FALSE,FALSE,FALSE,FALSE,['Normal'],1,Inlier
2026-01-02 13:00:00+08:00,28.20424612,253.4289219,5,7.534768048,0.000308831,0.129499553,3,0.000969909,FALSE,FALSE,FALSE,FALSE,['Normal'],1,Inlier
2026-01-02 13:15:00+08:00,27.95140408,253.5285962,4,7.446667703,-0.000280936,0.101494251,-1,0.001802189,FALSE,FALSE,FALSE,FALSE,['Normal'],1,Inlier
2026-01-02 13:30:00+08:00,28.20394999,251.5265993,5,7.511656392,0.000280607,-1.441259256,1,0.001305634,FALSE,FALSE,FALSE,FALSE,['Normal'],1,Inlier
2026-01-02 13:45:00+08:00,28.01548299,252.6462977,5,7.579592529,-0.000209408,-0.08312841,0,0.0023411,FALSE,FALSE,FALSE,FALSE,['Normal'],1,Inlier
2026-01-02 14:00:00+08:00,28.03039188,252.912845,0,7.537496878,1.66E-05,0.104192967,-5,0.002375504,FALSE,FALSE,FALSE,FALSE,['Normal'],1,Inlier
2026-01-02 14:15:00+08:00,28.16802852,252.2073268,2,7.541605925,0.00015293,-0.3570062,2,0.002428384,FALSE,FALSE,FALSE,FALSE,['Normal'],1,Inlier
2026-01-02 14:30:00+08:00,28.00428562,252.9169179,3,7.508553524,-0.000181937,0.474920559,1,0.000819914,FALSE,FALSE,FALSE,FALSE,['Normal'],1,Inlier
2026-01-02 14:45:00+08:00,28.21597065,248.6413776,4,7.450673796,0.000235206,-3.223575398,1,0.002299282,FALSE,FALSE,FALSE,FALSE,['Normal'],1,Inlier
2026-01-02 15:00:00+08:00,27.99707966,250.7498693,4,7.497054358,-0.000243212,-0.735798061,0,0.001350393,FALSE,FALSE,FALSE,FALSE,['Normal'],1,Inlier
2026-01-02 15:15:00+08:00,27.77539042,253.4759599,3,7.481340033,-0.000246321,1.877669572,-1,0.001126966,FALSE,FALSE,FALSE,FALSE,['Normal'],1,Inlier
2026-01-02 15:30:00+08:00,27.92425285,252.0853046,3,7.529000161,0.000165403,0.511418738,0,0.000870324,FALSE,FALSE,FALSE,FALSE,['Normal'],1,Inlier
2026-01-02 15:45:00+08:00,27.7899807,253.6641199,3,7.466954567,-0.000149191,1.940793627,0,0.000899661,FALSE,FALSE,FALSE,FALSE,['Normal'],1,Inlier
2026-01-02 16:00:00+08:00,28.06419537,249.6018333,3,7.50612274,0.000304683,-2.313584042,0,0.000562775,FALSE,FALSE,FALSE,FALSE,['Normal'],1,Inlier
2026-01-02 16:15:00+08:00,27.84330693,252.8797823,2,7.561855239,-0.000245432,0.538382322,-1,0.00143371,FALSE,FALSE,FALSE,FALSE,['Normal'],1,Inlier
2026-01-02 16:30:00+08:00,28.03694768,253.1428514,4,7.498411041,0.000215156,0.868073071,2,0.001255436,FALSE,FALSE,FALSE,FALSE,['Normal'],1,Inlier
2026-01-02 16:45:00+08:00,28.19885585,252.4870183,3,7.480558398,0.000179898,0.131897241,-1,0.001324352,FALSE,FALSE,FALSE,FALSE,['Normal'],1,Inlier
2026-01-02 17:00:00+08:00,27.84754084,249.9131828,3,7.542332972,-0.00039035,-1.691750853,0,0.001110486,FALSE,FALSE,FALSE,FALSE,['Normal'],1,Inlier
2026-01-02 17:15:00+08:00,27.67196171,248.7945009,3,7.474958685,-0.000195088,-2.648966257,0,0.001487554,FALSE,FALSE,FALSE,FALSE,['Normal'],1,Inlier
2026-01-02 17:30:00+08:00,28.0763202,251.7511669,4,7.440302841,0.000449287,0.533422854,1,0.001389643,FALSE,FALSE,FALSE,FALSE,['Normal'],1,Inlier
2026-01-02 17:45:00+08:00,27.73183228,252.3666141,2,7.510614142,-0.000382764,1.304117502,-2,0.001487143,FALSE,FALSE,FALSE,FALSE,['Normal'],1,Inlier
2026-01-02 18:00:00+08:00,27.95048724,248.8400993,3,7.455992879,0.00024295,-1.493013508,1,0.001720776,FALSE,FALSE,FALSE,FALSE,['Normal'],1,Inlier
2026-01-02 18:15:00+08:00,28.2828195,252.0979319,4,7.562165096,0.000369258,1.327869336,1,0.002369539,FALSE,FALSE,FALSE,FALSE,['Normal'],1,Inlier
2026-01-02 18:30:00+08:00,27.50925499,253.4674103,4,7.447620978,-0.000859516,1.762765784,0,0.002708296,FALSE,FALSE,FALSE,FALSE,['Normal'],1,Inlier
2026-01-02 18:45:00+08:00,28.11964724,251.5076484,4,7.497317465,0.000678214,-0.148292384,0,0.002131579,FALSE,FALSE,FALSE,FALSE,['Normal'],1,Inlier
2026-01-02 19:00:00+08:00,27.58831278,254.5666803,3,7.536899635,-0.000590372,2.470726285,-1,0.002478367,FALSE,FALSE,FALSE,FALSE,['Normal'],1,Inlier
2026-01-02 19:15:00+08:00,28.35729503,249.6927223,3,7.526629438,0.000854425,-2.573756304,0,0.001922043,FALSE,FALSE,FALSE,FALSE,['Normal'],1,Inlier
2026-01-02 19:30:00+08:00,28.07476671,254.7018709,4,7.426307188,-0.00031392,1.914604448,1,0.002350308,FALSE,FALSE,FALSE,FALSE,['Normal'],1,Inlier
2026-01-02 19:45:00+08:00,27.87335134,252.381856,5,7.494520907,-0.000223795,-0.188299562,1,0.001867848,FALSE,FALSE,FALSE,FALSE,['Normal'],1,Inlier
2026-01-02 20:00:00+08:00,27.85349494,252.8260385,4,7.494230476,-2.21E-05,-0.007795085,-1,0.001868238,FALSE,FALSE,FALSE,FALSE,['Normal'],1,Inlier
2026-01-02 20:15:00+08:00,28.05053516,253.8711144,1,7.534900525,0.000218934,1.176393952,-3,0.001827873,FALSE,FALSE,FALSE,FALSE,['Normal'],1,Inlier
2026-01-02 20:30:00+08:00,28.27183344,246.7301688,2,7.403991108,0.000245887,-5.372040968,1,0.002915896,FALSE,FALSE,FALSE,FALSE,['Normal'],1,Inlier
2026-01-02 20:45:00+08:00,28.06988192,251.955805,2,7.399895602,-0.000224391,0.402808438,0,0.003642842,FALSE,FALSE,FALSE,FALSE,['Normal'],1,Inlier
2026-01-02 21:00:00+08:00,28.29496722,249.0023319,3,7.394113056,0.000250095,-1.874759835,1,0.004202613,FALSE,FALSE,FALSE,FALSE,['Normal'],1,Inlier
2026-01-02 21:15:00+08:00,27.94990156,251.1838662,4,7.443885121,-0.000383406,0.635208958,1,0.003481009,FALSE,FALSE,FALSE,FALSE,['Normal'],1,Inlier
2026-01-02 21:30:00+08:00,27.6588113,249.9064091,3,7.463671288,-0.000323434,0.150692951,-1,0.000950528,FALSE,FALSE,FALSE,FALSE,['Normal'],1,Inlier
2026-01-02 21:45:00+08:00,28.17174731,251.2816994,5,7.494639971,0.000569929,0.615677076,2,0.001818011,FALSE,FALSE,FALSE,FALSE,['Normal'],1,Inlier
2026-01-02 22:00:00+08:00,27.89058366,251.3509884,4,7.38838428,-0.000312404,0.805929413,-1,0.002070972,FALSE,FALSE,FALSE,FALSE,['Normal'],1,Inlier
2026-01-02 22:15:00+08:00,27.72904414,252.7321163,3,7.595671019,-0.000179488,1.441100397,-1,0.005880165,FALSE,FALSE,FALSE,FALSE,['Normal'],1,Inlier
2026-01-02 22:30:00+08:00,27.79174259,252.2735579,3,7.569158262,6.97E-05,0.764603635,0,0.006928955,FALSE,FALSE,FALSE,FALSE,['Normal'],1,Inlier
2026-01-02 22:45:00+08:00,27.87730261,248.9615819,4,7.4056523,9.51E-05,-2.358406832,1,0.008722939,FALSE,FALSE,FALSE,FALSE,['Normal'],1,Inlier
2026-01-02 23:00:00+08:00,28.02999051,250.1317578,3,7.507417874,0.000169653,-0.958242674,-1,0.008780759,FALSE,FALSE,FALSE,FALSE,['Normal'],1,Inlier
2026-01-02 23:15:00+08:00,28.04272654,245.0257382,4,7.573916822,1.42E-05,-4.799212213,1,0.005936596,FALSE,FALSE,FALSE,FALSE,['Normal'],1,Inlier
2026-01-02 23:30:00+08:00,28.05059634,254.4821833,3,7.484561572,8.74E-06,4.307219467,-1,0.004777503,FALSE,FALSE,FALSE,FALSE,['Normal'],1,Inlier
2026-01-02 23:45:00+08:00,28.12323668,254.8346476,4,7.484413519,8.07E-05,4.14746585,1,0.003628406,FALSE,FALSE,FALSE,FALSE,['Normal'],1,Inlier
2026-01-03 00:00:00+08:00,27.77745308,253.4722382,3,7.521207309,-0.000384204,1.882925156,-1,0.001356704,FALSE,FALSE,FALSE,FALSE,['Normal'],1,Inlier
2026-01-03 00:15:00+08:00,28.30037166,253.6478039,3,7.46915894,0.000581021,1.355281632,0,0.00178117,FALSE,FALSE,FALSE,FALSE,['Normal'],1,Inlier
2026-01-03 00:30:00+08:00,27.75905794,253.4895287,5,7.499092034,-0.00060146,-0.495751603,2,0.000384368,FALSE,FALSE,FALSE,FALSE,['Normal'],1,Inlier
2026-01-03 00:45:00+08:00,27.85925298,253.1796083,4,7.590255087,0.000111328,-0.545157033,-1,0.002242053,FALSE,FALSE,FALSE,FALSE,['Normal'],1,Inlier
2026-01-03 01:00:00+08:00,28.01222344,253.1672958,4,7.504539461,0.000169967,-0.223999142,0,0.002037156,FALSE,FALSE,FALSE,FALSE,['Normal'],1,Inlier
2026-01-03 01:15:00+08:00,27.75249625,255.5180414,4,7.515368509,-0.000288586,1.717585748,0,0.002031255,FALSE,FALSE,FALSE,FALSE,['Normal'],1,Inlier
2026-01-03 01:30:00+08:00,27.9802766,248.0547961,2,7.542782597,0.000253089,-4.627057965,-2,0.001402715,FALSE,FALSE,FALSE,FALSE,['Normal'],1,Inlier
2026-01-03 01:45:00+08:00,27.80491944,252.4761654,2,7.461676802,-0.000194841,-0.003015969,0,0.002268534,FALSE,FALSE,FALSE,FALSE,['Normal'],1,Inlier
2026-01-03 02:00:00+08:00,27.74919307,254.3677398,4,7.429590585,-6.19E-05,1.650932108,2,0.002022332,FALSE,FALSE,FALSE,FALSE,['Normal'],1,Inlier
2026-01-03 02:15:00+08:00,28.25317054,253.8264164,6,7.498820951,0.000559975,0.977784597,2,0.001989564,FALSE,FALSE,FALSE,FALSE,['Normal'],1,Inlier
2026-01-03 02:30:00+08:00,28.11236185,253.7345053,4,7.501778366,-0.000156454,1.242580674,-2,0.001851728,FALSE,FALSE,FALSE,FALSE,['Normal'],1,Inlier
2026-01-03 02:45:00+08:00,27.87585171,251.884835,3,7.492964598,-0.000262789,-1.373097408,-1,0.000956859,FALSE,FALSE,FALSE,FALSE,['Normal'],1,Inlier
2026-01-03 03:00:00+08:00,28.13181292,250.3981833,4,7.451841521,0.000284401,-2.444152649,1,0.001051394,FALSE,FALSE,FALSE,FALSE,['Normal'],1,Inlier
2026-01-03 03:15:00+08:00,27.82130436,249.482201,5,7.576019784,-0.00034501,-2.383027185,1,0.002015122,FALSE,FALSE,FALSE,FALSE,['Normal'],1,Inlier
2026-01-03 03:30:00+08:00,27.81439831,250.3763097,4,7.470598574,-7.67E-06,-0.798897172,-1,0.002251527,FALSE,FALSE,FALSE,FALSE,['Normal'],1,Inlier
2026-01-03 03:45:00+08:00,27.74314179,251.7909681,4,7.487771784,-7.92E-05,1.004468677,0,0.002268789,FALSE,FALSE,FALSE,FALSE,['Normal'],1,Inlier
2026-01-03 04:00:00+08:00,28.16985883,248.867995,3,7.524933863,0.00047413,-1.315136417,-1,0.002427246,FALSE,FALSE,FALSE,FALSE,['Normal'],1,Inlier
2026-01-03 04:15:00+08:00,28.09913136,254.1599835,4,7.491360326,-7.86E-05,3.224492026,1,0.001743885,FALSE,FALSE,FALSE,FALSE,['Normal'],1,Inlier
2026-01-03 04:30:00+08:00,27.93669463,249.5374721,3,7.562319772,-0.000180485,-1.409073596,-1,0.001330125,FALSE,FALSE,FALSE,FALSE,['Normal'],1,Inlier
2026-01-03 04:45:00+08:00,28.04004064,256.2112816,3,7.473212524,0.000114829,4.097741532,0,0.001283397,FALSE,FALSE,FALSE,FALSE,['Normal'],1,Inlier
2026-01-03 05:00:00+08:00,28.08322022,249.8224726,2,7.534681565,4.80E-05,-1.89736832,-1,0.001250937,FALSE,FALSE,FALSE,FALSE,['Normal'],1,Inlier
2026-01-03 05:15:00+08:00,28.06713555,251.6787044,4,7.542296987,-1.79E-05,-0.603278416,2,0.001377492,FALSE,FALSE,FALSE,FALSE,['Normal'],1,Inlier
2026-01-03 05:30:00+08:00,28.24988048,248.2421432,4,7.547976341,0.00020305,-2.856271581,0,0.001185918,FALSE,FALSE,FALSE,FALSE,['Normal'],1,Inlier
2026-01-03 05:45:00+08:00,28.1286195,251.116037,3,7.518322354,-0.000134734,-0.298090775,-1,0.00090822,FALSE,FALSE,FALSE,FALSE,['Normal'],1,Inlier
2026-01-03 06:00:00+08:00,27.86563438,249.5674519,4,7.436518173,-0.000292206,-0.517909926,1,0.002096441,FALSE,FALSE,FALSE,FALSE,['Normal'],1,Inlier
2026-01-03 06:15:00+08:00,27.73673946,248.1061564,3,7.502715228,-0.000143217,-1.635942174,-1,0.002001566,FALSE,FALSE,FALSE,FALSE,['Normal'],1,Inlier
2026-01-03 06:30:00+08:00,27.83656786,252.066137,4,7.425597313,0.00011092,2.246551938,1,0.00281547,FALSE,FALSE,FALSE,FALSE,['Normal'],1,Inlier
2026-01-03 06:45:00+08:00,27.95105638,253.397802,3,7.411274275,0.000127209,2.54708511,-1,0.002332254,FALSE,FALSE,FALSE,FALSE,['Normal'],1,Inlier
2026-01-03 07:00:00+08:00,27.99909196,252.7691287,4,7.523751099,5.34E-05,1.587793525,1,0.002499482,FALSE,FALSE,FALSE,FALSE,['Normal'],1,Inlier
2026-01-03 07:15:00+08:00,27.9635453,253.860978,5,7.50560531,-3.95E-05,1.82093756,1,0.002643936,FALSE,FALSE,FALSE,FALSE,['Normal'],1,Inlier
2026-01-03 07:30:00+08:00,27.64915857,250.9471689,5,7.448832483,-0.000349319,-1.66107402,0,0.002445284,FALSE,FALSE,FALSE,FALSE,['Normal'],1,Inlier
2026-01-03 07:45:00+08:00,27.98780367,251.395955,2,7.434595831,0.000376272,-1.078251516,-3,0.00229314,FALSE,FALSE,FALSE,FALSE,['Normal'],1,Inlier
2026-01-03 08:00:00+08:00,28.08869622,252.8428744,3,7.546313648,0.000112103,0.479653387,1,0.00232543,FALSE,FALSE,FALSE,FALSE,['Normal'],1,Inlier
2026-01-03 08:15:00+08:00,28.19313038,251.5679154,3,7.407992139,0.000116038,-0.555062907,0,0.003157283,FALSE,FALSE,FALSE,FALSE,['Normal'],1,Inlier
2026-01-03 08:30:00+08:00,28.04214075,252.7863934,3,7.533227488,-0.000167766,0.878331942,0,0.003820026,FALSE,FALSE,FALSE,FALSE,['Normal'],1,Inlier
2026-01-03 08:45:00+08:00,27.99611412,252.5426294,2,7.49054909,-5.11E-05,0.315475891,-1,0.003639118,FALSE,FALSE,FALSE,FALSE,['Normal'],1,Inlier
2026-01-03 09:00:00+08:00,27.90780852,251.5506162,4,7.480314954,-9.81E-05,-0.707469556,2,0.002961283,FALSE,FALSE,FALSE,FALSE,['Normal'],1,Inlier
2026-01-03 09:15:00+08:00,28.0846007,253.0547316,3,7.504695678,0.000196436,0.754274411,-1,0.002170812,FALSE,FALSE,FALSE,FALSE,['Normal'],1,Inlier
2026-01-03 09:30:00+08:00,28.28799132,249.3158419,5,7.461843459,0.00022599,-2.534200596,2,0.000721587,FALSE,FALSE,FALSE,FALSE,['Normal'],1,Inlier
2026-01-03 09:45:00+08:00,27.8443566,257.6112697,4,7.426287576,-0.000492927,4.796251944,-1,0.000918068,FALSE,FALSE,FALSE,FALSE,['Normal'],-1,Outlier
2026-01-03 10:00:00+08:00,28.13582731,251.3217401,4,7.559682139,0.000323856,-1.249099832,0,0.002489606,FALSE,FALSE,FALSE,FALSE,['Normal'],1,Inlier
2026-01-03 10:15:00+08:00,27.90144274,251.3746175,3,7.551538822,-0.000260427,-1.161022634,-1,0.003281606,FALSE,FALSE,FALSE,FALSE,['Normal'],1,Inlier
2026-01-03 10:30:00+08:00,28.27472928,254.9673415,3,7.536070921,0.000414763,2.049179337,0,0.003539451,FALSE,FALSE,FALSE,FALSE,['Normal'],1,Inlier
2026-01-03 10:45:00+08:00,27.96378223,252.0482752,3,7.472042081,-0.000345497,-1.416373636,0,0.003329555,FALSE,FALSE,FALSE,FALSE,['Normal'],1,Inlier
2026-01-03 11:00:00+08:00,28.06993812,250.0979685,3,7.570034311,0.000117951,-1.864020055,0,0.001508425,FALSE,FALSE,FALSE,FALSE,['Normal'],1,Inlier
2026-01-03 11:15:00+08:00,27.71812693,252.1278648,4,7.544369907,-0.000390901,0.00465134,1,0.00138835,FALSE,FALSE,FALSE,FALSE,['Normal'],1,Inlier
2026-01-03 11:30:00+08:00,28.41177149,255.6046852,4,7.509041812,0.000770716,2.635458122,0,0.001394112,FALSE,FALSE,FALSE,FALSE,['Normal'],1,Inlier
2026-01-03 11:45:00+08:00,28.00879932,253.7487044,3,7.386667562,-0.000447747,1.023204789,-1,0.005129363,FALSE,FALSE,FALSE,FALSE,['Normal'],1,Inlier
2026-01-03 12:00:00+08:00,28.18203887,251.9784821,4,7.449507493,0.000192488,-0.733058875,1,0.005505723,FALSE,FALSE,FALSE,FALSE,['Normal'],1,Inlier
2026-01-03 12:15:00+08:00,27.9458994,250.7764314,3,7.522969335,-0.000262377,-2.070802164,-1,0.00411062,FALSE,FALSE,FALSE,FALSE,['Normal'],1,Inlier
2026-01-03 12:30:00+08:00,28.07657262,252.1327437,5,7.508199617,0.000145192,-0.715465689,2,0.003253555,FALSE,FALSE,FALSE,FALSE,['Normal'],1,Inlier
2026-01-03 12:45:00+08:00,27.96636967,256.2861361,4,7.524103935,-0.000122448,3.301636576,-1,0.003553212,FALSE,FALSE,FALSE,FALSE,['Normal'],1,Inlier
2026-01-03 13:00:00+08:00,27.70099276,252.2344945,4,7.54743993,-0.000294863,-0.447163096,0,0.001357618,FALSE,FALSE,FALSE,FALSE,['Normal'],1,Inlier
2026-01-03 13:15:00+08:00,28.10116973,250.3031622,4,7.532771942,0.000444641,-2.04343137,0,0.000207287,FALSE,FALSE,FALSE,FALSE,['Normal'],1,Inlier
2026-01-03 13:30:00+08:00,28.34461288,254.0579149,4,7.511348162,0.000270492,1.05502463,0,0.000258281,FALSE,FALSE,FALSE,FALSE,['Normal'],1,Inlier
2026-01-03 13:45:00+08:00,28.41384148,251.1081818,3,7.59859807,7.69E-05,-1.689796143,-1,0.001143566,FALSE,FALSE,FALSE,FALSE,['Normal'],1,Inlier
2026-01-03 14:00:00+08:00,27.84213579,249.8818936,5,7.557893157,-0.000635229,-1.635235763,2,0.00105516,FALSE,FALSE,FALSE,FALSE,['Normal'],-1,Outlier
2026-01-03 14:15:00+08:00,28.10752584,251.7728893,5,7.517957745,0.000294878,0.348080949,0,0.001260993,FALSE,FALSE,FALSE,FALSE,['Normal'],1,Inlier
2026-01-03 14:30:00+08:00,28.17853,251.311471,3,7.454711233,7.89E-05,-0.314999106,-2,0.002906753,FALSE,FALSE,FALSE,FALSE,['Normal'],1,Inlier
2026-01-03 14:45:00+08:00,28.12211584,250.1025247,4,7.471544422,-6.27E-05,-0.732867401,1,0.003557046,FALSE,FALSE,FALSE,FALSE,['Normal'],1,Inlier
2026-01-03 15:00:00+08:00,28.1133341,251.5510485,4,7.517431163,-9.76E-06,0.627083077,0,0.001690598,FALSE,FALSE,FALSE,FALSE,['Normal'],1,Inlier
2026-01-03 15:15:00+08:00,28.28784692,252.0125944,3,7.466871755,0.000193903,0.662488855,-1,0.000890654,FALSE,FALSE,FALSE,FALSE,['Normal'],1,Inlier
2026-01-03 15:30:00+08:00,28.04192574,250.6481844,3,7.510985828,-0.000273246,-0.476980238,0,0.000787938,FALSE,FALSE,FALSE,FALSE,['Normal'],1,Inlier
2026-01-03 15:45:00+08:00,28.29369271,251.5804821,4,7.518184286,0.000279741,0.401515316,1,0.000654377,FALSE,FALSE,FALSE,FALSE,['Normal'],1,Inlier
2026-01-03 16:00:00+08:00,27.7132039,254.1585473,4,7.585207592,-0.000644988,2.168375925,0,0.001791361,FALSE,FALSE,FALSE,FALSE,['Normal'],1,Inlier
2026-01-03 16:15:00+08:00,27.82747405,250.9960791,5,7.478913469,0.000126967,-0.883098353,1,0.002132474,FALSE,FALSE,FALSE,FALSE,['Normal'],1,Inlier
2026-01-03 16:30:00+08:00,28.25989251,252.6856474,2,7.430556166,0.000480465,0.671859326,-3,0.00321626,FALSE,FALSE,FALSE,FALSE,['Normal'],-1,Outlier
2026-01-03 16:45:00+08:00,28.05006057,253.6586387,3,7.572934658,-0.000233147,1.042759802,1,0.004176339,FALSE,FALSE,FALSE,FALSE,['Normal'],1,Inlier
2026-01-03 17:00:00+08:00,27.80646798,249.1538107,2,7.430989872,-0.000270658,-2.97673393,-1,0.005652223,FALSE,FALSE,FALSE,FALSE,['Normal'],1,Inlier
2026-01-03 17:15:00+08:00,28.24996032,249.7419139,4,7.424940214,0.000492769,-1.50530403,2,0.003938942,FALSE,FALSE,FALSE,FALSE,['Normal'],1,Inlier
2026-01-03 17:30:00+08:00,27.84397797,249.2823765,5,7.438839527,-0.000451091,-1.622100988,1,0.004034778,FALSE,FALSE,FALSE,FALSE,['Normal'],1,Inlier
2026-01-03 17:45:00+08:00,28.17224737,253.4841117,2,7.508490848,0.000364744,2.419941354,-3,0.00411575,FALSE,FALSE,FALSE,FALSE,['Normal'],1,Inlier
2026-01-03 18:00:00+08:00,27.59984226,251.9473529,6,7.5650311,-0.000636006,1.225439761,4,0.003742172,FALSE,FALSE,FALSE,FALSE,['Normal'],-1,Outlier
2026-01-03 18:15:00+08:00,27.93038079,250.9257663,4,7.461333507,0.000367265,-0.150537919,-2,0.003278962,FALSE,FALSE,FALSE,FALSE,['Normal'],1,Inlier
2026-01-03 18:30:00+08:00,28.02540201,252.9308896,3,7.510666716,0.000105579,1.216790191,-1,0.002400427,FALSE,FALSE,FALSE,FALSE,['Normal'],1,Inlier
2026-01-03 18:45:00+08:00,28.32408318,248.1972801,4,7.466955469,0.000331868,-3.299799979,1,0.001742704,FALSE,FALSE,FALSE,FALSE,['Normal'],1,Inlier
2026-01-03 19:00:00+08:00,28.05857075,250.162803,5,7.460469347,-0.000295014,-0.670015411,1,0.002059965,FALSE,FALSE,FALSE,FALSE,['Normal'],1,Inlier
2026-01-03 19:15:00+08:00,27.74913398,249.4342227,3,7.508550881,-0.000343819,-0.895969607,-2,0.00066073,FALSE,FALSE,FALSE,FALSE,['Normal'],1,Inlier
2026-01-03 19:30:00+08:00,27.86703264,250.8344498,3,7.581938132,0.000130999,0.522520729,0,0.002347999,FALSE,FALSE,FALSE,FALSE,['Normal'],1,Inlier
2026-01-03 19:45:00+08:00,27.90175492,255.0411795,2,7.552752536,3.86E-05,4.307192475,-1,0.002806418,FALSE,FALSE,FALSE,FALSE,['Normal'],1,Inlier
2026-01-03 20:00:00+08:00,28.13136936,251.6541279,6,7.541994408,0.000255127,0.228771286,4,0.0021625,FALSE,FALSE,FALSE,FALSE,['Normal'],1,Inlier
2026-01-03 20:15:00+08:00,28.04950215,257.4405211,3,7.590897906,-9.10E-05,4.559620935,-3,0.001086446,FALSE,FALSE,FALSE,FALSE,['Normal'],-1,Outlier
2026-01-03 20:30:00+08:00,28.20808542,255.2144894,3,7.442863177,0.000176204,1.177535873,0,0.003482437,FALSE,FALSE,FALSE,FALSE,['Normal'],1,Inlier
2026-01-03 20:45:00+08:00,27.73186868,252.7237113,3,7.543575801,-0.00052913,-1.691094535,0,0.003012422,FALSE,FALSE,FALSE,FALSE,['Normal'],1,Inlier
2026-01-03 21:00:00+08:00,28.23371637,250.6565271,4,7.52800191,0.000557609,-2.881348241,1,0.00290803,FALSE,FALSE,FALSE,FALSE,['Normal'],1,Inlier
2026-01-03 21:15:00+08:00,28.53550512,255.3576353,5,7.48614185,0.000335321,1.079058409,1,0.003182077,FALSE,FALSE,FALSE,FALSE,['Normal'],1,Inlier
2026-01-03 21:30:00+08:00,27.76675291,250.3908752,1,7.534044088,-0.000854169,-2.477772484,-4,0.001764705,FALSE,FALSE,FALSE,FALSE,['Unknown/Noise'],-1,Outlier
2026-01-03 21:45:00+08:00,27.88340213,252.2712105,4,7.392223457,0.00012961,-0.008781377,3,0.003899627,FALSE,FALSE,FALSE,FALSE,['Normal'],1,Inlier
2026-01-03 22:00:00+08:00,28.31948661,251.8480236,4,7.433085998,0.000484538,-0.256830741,0,0.003756959,FALSE,FALSE,FALSE,FALSE,['Normal'],1,Inlier
2026-01-03 22:15:00+08:00,27.98101954,252.7705862,5,7.509024408,-0.000376075,0.242920071,1,0.003323214,FALSE,FALSE,FALSE,FALSE,['Normal'],1,Inlier
2026-01-03 22:30:00+08:00,27.95788885,249.6302174,4,7.542921216,-2.57E-05,-1.751965134,-1,0.004400592,FALSE,FALSE,FALSE,FALSE,['Normal'],1,Inlier
2026-01-03 22:45:00+08:00,27.93508694,255.8074018,4,7.559002098,-2.53E-05,3.341913875,0,0.005171389,FALSE,FALSE,FALSE,FALSE,['Normal'],1,Inlier
2026-01-03 23:00:00+08:00,27.97656697,250.905411,3,7.490645265,4.61E-05,-1.286916989,-1,0.002432347,FALSE,FALSE,FALSE,FALSE,['Normal'],1,Inlier
2026-01-03 23:15:00+08:00,27.85110094,250.7017146,4,7.547503411,-0.000139407,-1.26135161,1,0.000825764,FALSE,FALSE,FALSE,FALSE,['Normal'],1,Inlier
2026-01-03 23:30:00+08:00,27.94626911,251.8648894,3,7.482907303,0.000105742,0.082962526,-1,0.001233736,FALSE,FALSE,FALSE,FALSE,['Normal'],1,Inlier
2026-01-03 23:45:00+08:00,27.92666898,249.7881334,2,7.474624417,-2.18E-05,-2.02537665,-1,0.001540845,FALSE,FALSE,FALSE,FALSE,['Normal'],1,Inlier
2026-01-04 00:00:00+08:00,28.26064637,248.9227613,6,7.562892236,0.000371086,-1.513820616,4,0.001637362,FALSE,FALSE,FALSE,FALSE,['Normal'],-1,Outlier
2026-01-04 00:15:00+08:00,28.07997613,249.5984824,3,7.507559581,-0.000200745,-0.576713823,-3,0.001516395,FALSE,FALSE,FALSE,FALSE,['Normal'],1,Inlier
2026-01-04 00:30:00+08:00,27.89608093,250.338652,4,7.506068397,-0.000204328,0.23606827,1,0.001188395,FALSE,FALSE,FALSE,FALSE,['Normal'],1,Inlier
2026-01-04 00:45:00+08:00,28.09853148,252.998438,5,7.562641582,0.000224945,2.669144581,1,0.001506958,FALSE,FALSE,FALSE,FALSE,['Normal'],1,Inlier
2026-01-04 01:00:00+08:00,27.92345929,253.3963063,5,7.487359536,-0.000194525,2.345378309,0,0.001232906,FALSE,FALSE,FALSE,FALSE,['Normal'],1,Inlier
2026-01-04 01:15:00+08:00,27.77773561,251.6796124,3,7.54727486,-0.000161915,0.077314201,-2,0.000988174,FALSE,FALSE,FALSE,FALSE,['Normal'],1,Inlier
2026-01-04 01:30:00+08:00,27.89326264,252.2787035,2,7.518616978,0.000128363,0.140361046,-1,0.000931791,FALSE,FALSE,FALSE,FALSE,['Normal'],1,Inlier
2026-01-04 01:45:00+08:00,28.51502481,253.0134364,6,7.523537927,0.000690847,0.340137117,4,0.000832773,FALSE,FALSE,FALSE,FALSE,['Normal'],-1,Outlier
2026-01-04 02:00:00+08:00,28.02717003,249.8616858,3,7.545584337,-0.000542061,-2.184263109,-3,0.000594547,FALSE,FALSE,FALSE,FALSE,['Normal'],1,Inlier
2026-01-04 02:15:00+08:00,27.60115163,255.7363107,3,7.459844522,-0.000473354,3.222360952,0,0.001256575,FALSE,FALSE,FALSE,FALSE,['Normal'],1,Inlier
2026-01-04 02:30:00+08:00,28.24541559,251.6266336,4,7.450492737,0.000715849,-0.876720422,1,0.001760312,FALSE,FALSE,FALSE,FALSE,['Normal'],1,Inlier
2026-01-04 02:45:00+08:00,27.96824524,252.8912069,5,7.480867937,-0.000307967,0.265352184,1,0.001686663,FALSE,FALSE,FALSE,FALSE,['Normal'],1,Inlier
2026-01-04 03:00:00+08:00,28.07486211,251.3378578,3,7.52674966,0.000118463,-0.952881103,-2,0.001739266,FALSE,FALSE,FALSE,FALSE,['Normal'],1,Inlier
2026-01-04 03:15:00+08:00,28.12913938,248.0306072,5,7.531891285,6.03E-05,-3.893915997,2,0.001414746,FALSE,FALSE,FALSE,FALSE,['Normal'],1,Inlier
2026-01-04 03:30:00+08:00,28.13373636,252.8016798,4,7.555240255,5.11E-06,1.464082736,-1,0.001797931,FALSE,FALSE,FALSE,FALSE,['Normal'],1,Inlier
2026-01-04 03:45:00+08:00,27.9656406,248.4818002,2,7.509894533,-0.000186773,-2.226830212,-2,0.000764491,FALSE,FALSE,FALSE,FALSE,['Normal'],1,Inlier
2026-01-04 04:00:00+08:00,28.21670125,250.5088165,2,7.545943755,0.000278956,0.2766642,0,0.000307968,FALSE,FALSE,FALSE,FALSE,['Normal'],1,Inlier
2026-01-04 04:15:00+08:00,28.20548667,253.9023541,3,7.540611044,-1.25E-05,3.157302565,1,0.000296535,FALSE,FALSE,FALSE,FALSE,['Normal'],1,Inlier
2026-01-04 04:30:00+08:00,27.87714478,252.9471541,4,7.423854482,-0.000364824,1.218793191,1,0.002891558,FALSE,FALSE,FALSE,FALSE,['Normal'],1,Inlier
2026-01-04 04:45:00+08:00,27.88551406,253.4507249,5,7.582111049,9.30E-06,1.592554962,1,0.003575148,FALSE,FALSE,FALSE,FALSE,['Normal'],1,Inlier
2026-01-04 05:00:00+08:00,27.87532982,250.0298021,2,7.561877629,-1.13E-05,-2.137968296,-3,0.003840386,FALSE,FALSE,FALSE,FALSE,['Normal'],1,Inlier
2026-01-04 05:15:00+08:00,27.97358094,252.4709179,2,7.441237721,0.000109168,-0.089272757,0,0.005244403,FALSE,FALSE,FALSE,FALSE,['Normal'],1,Inlier
2026-01-04 05:30:00+08:00,28.23323895,252.8225662,4,7.503649692,0.000288509,0.478333122,2,0.004950779,FALSE,FALSE,FALSE,FALSE,['Normal'],1,Inlier
2026-01-04 05:45:00+08:00,28.18849828,251.2339587,5,7.625162765,-4.97E-05,-0.767635218,1,0.005135146,FALSE,FALSE,FALSE,FALSE,['Normal'],1,Inlier
2026-01-04 06:00:00+08:00,27.57441769,252.1274683,2,7.507812837,-0.000682312,0.390525667,-3,0.004779109,FALSE,FALSE,FALSE,FALSE,['Normal'],-1,Outlier
2026-01-04 06:15:00+08:00,28.09948825,249.5925533,4,7.460030202,0.000583412,-2.056939612,2,0.005125872,FALSE,FALSE,FALSE,FALSE,['Normal'],1,Inlier
2026-01-04 06:30:00+08:00,28.16476749,251.5416545,3,7.50379324,7.25E-05,0.078014344,-1,0.003833516,FALSE,FALSE,FALSE,FALSE,['Normal'],1,Inlier
2026-01-04 06:45:00+08:00,27.73260846,251.9175895,2,7.435076624,-0.000480177,0.634944641,-1,0.005337641,FALSE,FALSE,FALSE,FALSE,['Normal'],1,Inlier
2026-01-04 07:00:00+08:00,28.08195733,251.4657204,4,7.459300225,0.000388165,0.136723212,2,0.000988508,FALSE,FALSE,FALSE,FALSE,['Normal'],1,Inlier
2026-01-04 07:15:00+08:00,27.84672225,251.6982166,3,7.45889425,-0.000261372,0.455069739,-1,0.000620573,FALSE,FALSE,FALSE,FALSE,['Normal'],1,Inlier
2026-01-04 07:30:00+08:00,27.82953007,254.0111861,3,7.574662638,-1.91E-05,1.884312655,0,0.003054464,FALSE,FALSE,FALSE,FALSE,['Normal'],1,Inlier
2026-01-04 07:45:00+08:00,28.00614878,253.0786897,4,7.496255454,0.000196243,0.644409256,1,0.003000069,FALSE,FALSE,FALSE,FALSE,['Normal'],1,Inlier
2026-01-04 08:00:00+08:00,27.62033919,250.4315032,4,7.553069956,-0.000428677,-1.705559969,0,0.002848808,FALSE,FALSE,FALSE,FALSE,['Normal'],1,Inlier
2026-01-04 08:15:00+08:00,28.17997441,250.1380163,4,7.475163629,0.000621817,-1.73350609,0,0.002509403,FALSE,FALSE,FALSE,FALSE,['Normal'],1,Inlier
2026-01-04 08:30:00+08:00,27.93876635,252.6020257,3,7.493056667,-0.000268009,0.549741504,-1,0.001842383,FALSE,FALSE,FALSE,FALSE,['Normal'],1,Inlier
2026-01-04 08:45:00+08:00,28.00866771,252.4852135,5,7.487549575,7.77E-05,0.7381238,2,0.000911329,FALSE,FALSE,FALSE,FALSE,['Normal'],1,Inlier
2026-01-04 09:00:00+08:00,28.1134496,250.7005507,3,7.577527083,0.000116424,-0.570911209,-2,0.002038772,FALSE,FALSE,FALSE,FALSE,['Normal'],1,Inlier
2026-01-04 09:15:00+08:00,27.67815962,251.4194725,4,7.456878879,-0.000483656,-0.04958324,1,0.002167661,FALSE,FALSE,FALSE,FALSE,['Normal'],1,Inlier
2026-01-04 09:30:00+08:00,27.80240918,252.1940431,4,7.499830667,0.000138055,0.313781974,0,0.002007267,FALSE,FALSE,FALSE,FALSE,['Normal'],1,Inlier
2026-01-04 09:45:00+08:00,28.06621017,251.7727346,5,7.563467178,0.000293112,0.058331767,1,0.002649844,FALSE,FALSE,FALSE,FALSE,['Normal'],1,Inlier
2026-01-04 10:00:00+08:00,28.110727,252.6410771,5,7.506516133,4.95E-05,0.895501503,0,0.002442023,FALSE,FALSE,FALSE,FALSE,['Normal'],1,Inlier
2026-01-04 10:15:00+08:00,28.00591926,251.3722892,4,14,-0.000116453,-0.507634133,-1,8.434096518,FALSE,FALSE,FALSE,TRUE,['pH'],,
2026-01-04 10:30:00+08:00,27.98877533,251.8705231,4,14,-1.90E-05,-0.099610288,0,12.58501577,FALSE,FALSE,FALSE,TRUE,['pH'],,
2026-01-04 10:45:00+08:00,27.95038684,252.7429898,4,14,-4.27E-05,0.663067023,0,12.5393053,FALSE,FALSE,FALSE,TRUE,['pH'],,
2026-01-04 11:00:00+08:00,28.12846296,251.5700906,4,14,0.000197862,-0.469303352,0,8.433066546,FALSE,FALSE,FALSE,TRUE,['pH'],,
2026-01-04 11:15:00+08:00,28.11465976,251.4698123,4,14,-1.53E-05,-0.335328722,0,0,FALSE,FALSE,FALSE,TRUE,['pH'],,
2026-01-04 11:30:00+08:00,28.10543813,251.7177078,4,14,-1.02E-05,-0.156516904,0,0,FALSE,FALSE,FALSE,TRUE,['pH'],,
2026-01-04 11:45:00+08:00,27.96354587,251.1572523,4,14,-0.000157658,-0.57431828,0,0,FALSE,FALSE,FALSE,TRUE,['pH'],,
2026-01-04 12:00:00+08:00,28.10706789,252.6981451,4,14,0.000159469,0.975543478,0,0,FALSE,FALSE,FALSE,TRUE,['pH'],,
2026-01-04 12:15:00+08:00,28.24210837,252.7928151,4,14,0.000150045,0.825668585,0,0,FALSE,FALSE,FALSE,TRUE,['pH'],,
2026-01-04 12:30:00+08:00,27.91969258,251.7599588,4,14,-0.00035824,-0.265216993,0,0,FALSE,FALSE,FALSE,TRUE,['pH'],,
2026-01-04 12:45:00+08:00,28.17482082,252.8332174,4,14,0.000283476,0.584939632,0,0,FALSE,FALSE,FALSE,TRUE,['pH'],,
2026-01-04 13:00:00+08:00,27.97119285,250.7723557,4,14,-0.000226253,-1.398942756,0,0,FALSE,FALSE,FALSE,TRUE,['pH'],,
2026-01-04 13:15:00+08:00,27.85793184,253.3146363,4,14,-0.000125846,1.020039674,0,0,FALSE,FALSE,FALSE,TRUE,['pH'],,
2026-01-04 13:30:00+08:00,27.86679369,251.9422831,4,14,9.85E-06,-0.182207186,0,0,FALSE,FALSE,FALSE,TRUE,['pH'],,
2026-01-04 13:45:00+08:00,28.13372487,250.6265981,4,14,0.00029659,-1.271220021,0,0,FALSE,FALSE,FALSE,TRUE,['pH'],,
2026-01-04 14:00:00+08:00,28.02884622,252.0052607,4,14,-0.000116532,0.27303393,0,0,FALSE,FALSE,FALSE,TRUE,['pH'],,
2026-01-04 14:15:00+08:00,28.03936073,250.9292919,4,14,1.17E-05,-0.834322133,0,0,FALSE,FALSE,FALSE,TRUE,['pH'],,
2026-01-04 14:30:00+08:00,27.97867159,251.2604461,4,14,-6.74E-05,-0.092329897,0,0,FALSE,FALSE,FALSE,TRUE,['pH'],,
2026-01-04 14:45:00+08:00,28.0234779,251.2812653,4,14,4.98E-05,0.060692891,0,0,FALSE,FALSE,FALSE,TRUE,['pH'],,
2026-01-04 15:00:00+08:00,27.99908288,252.5980377,4,14,-2.71E-05,0.983177385,0,0,FALSE,FALSE,FALSE,TRUE,['pH'],,
2026-01-04 15:15:00+08:00,27.94033523,253.3078089,4,14,-6.53E-05,1.432438899,0,0,FALSE,FALSE,FALSE,TRUE,['pH'],,
2026-01-04 15:30:00+08:00,27.87423023,251.3271782,4,14,-7.34E-05,-0.627768988,0,0,FALSE,FALSE,FALSE,TRUE,['pH'],,
2026-01-04 15:45:00+08:00,28.10348862,250.5459154,4,14,0.000254732,-1.266125736,0,0,FALSE,FALSE,FALSE,TRUE,['pH'],,
2026-01-04 16:00:00+08:00,28.0109299,252.4379406,4,14,-0.000102843,0.394564436,0,0,FALSE,FALSE,FALSE,TRUE,['pH'],,
2026-01-04 16:15:00+08:00,28.03041428,254.328506,4,14,2.16E-05,1.939036232,0,0,FALSE,FALSE,FALSE,TRUE,['pH'],,
2026-01-04 16:30:00+08:00,28.09827519,251.9149117,4,14,7.54E-05,-0.195978646,0,0,FALSE,FALSE,FALSE,TRUE,['pH'],,
2026-01-04 16:45:00+08:00,27.86396399,251.8569003,4,14,-0.000260346,-0.359934517,0,0,FALSE,FALSE,FALSE,TRUE,['pH'],,
2026-01-04 17:00:00+08:00,28.00181245,253.4526329,4,14,0.000153165,0.654454599,0,0,FALSE,FALSE,FALSE,TRUE,['pH'],,
2026-01-04 17:15:00+08:00,27.91654605,251.0347669,4,14,-9.47E-05,-1.482776684,0,0,FALSE,FALSE,FALSE,TRUE,['pH'],,
2026-01-04 17:30:00+08:00,27.92944925,251.8842557,4,14,1.43E-05,-0.144437815,0,0,FALSE,FALSE,FALSE,TRUE,['pH'],,
2026-01-04 17:45:00+08:00,27.91672171,251.9182214,4,14,-1.41E-05,-0.111134061,0,0,FALSE,FALSE,FALSE,TRUE,['pH'],,
2026-01-04 18:00:00+08:00,28.14501916,250.7106892,4,14,0.000253664,-1.089423981,0,0,FALSE,FALSE,FALSE,TRUE,['pH'],,
2026-01-04 18:15:00+08:00,27.99137263,253.0550922,4,14,-0.000170718,1.33448709,0,0,FALSE,FALSE,FALSE,TRUE,['pH'],,
2026-01-04 18:30:00+08:00,27.81318616,254.411478,4,14,-0.000197985,2.01553071,0,0,FALSE,FALSE,FALSE,TRUE,['pH'],,
2026-01-04 18:45:00+08:00,28.06784592,250.134463,4,14,0.000282955,-1.911525739,0,0,FALSE,FALSE,FALSE,TRUE,['pH'],,
2026-01-04 19:00:00+08:00,28.15819327,252.0927573,4,14,0.000100386,0.011861369,0,0,FALSE,FALSE,FALSE,TRUE,['pH'],,
2026-01-04 19:15:00+08:00,27.92847382,253.7651711,4,14,-0.000255244,1.073378809,0,0,FALSE,FALSE,FALSE,TRUE,['pH'],,
2026-01-04 19:30:00+08:00,27.97701838,251.5394001,4,14,5.39E-05,-0.849253851,0,0,FALSE,FALSE,FALSE,TRUE,['pH'],,
2026-01-04 19:45:00+08:00,28.07876596,250.2911622,4,14,0.000113053,-1.273428566,0,0,FALSE,FALSE,FALSE,TRUE,['pH'],,
2026-01-04 20:00:00+08:00,27.96366962,252.5441813,4,14,-0.000127885,0.497646863,0,0,FALSE,FALSE,FALSE,TRUE,['pH'],,
2026-01-04 20:15:00+08:00,28.0551645,251.8399318,4,14,0.000101661,-0.156037516,0,0,FALSE,FALSE,FALSE,TRUE,['pH'],,
2026-01-04 20:30:00+08:00,28.02114499,252.3583088,4,14,-3.78E-05,0.643712028,0,0,FALSE,FALSE,FALSE,TRUE,['pH'],,
2026-01-04 20:45:00+08:00,28.08969871,250.8097629,4,14,7.62E-05,-0.758906489,0,0,FALSE,FALSE,FALSE,TRUE,['pH'],,
2026-01-04 21:00:00+08:00,27.99095665,251.8958566,4,14,-0.000109713,0.006248364,0,0,FALSE,FALSE,FALSE,TRUE,['pH'],,
2026-01-04 21:15:00+08:00,27.98640337,252.0384855,4,14,-5.06E-06,0.250016397,0,0,FALSE,FALSE,FALSE,TRUE,['pH'],,
2026-01-04 21:30:00+08:00,28.09557732,251.5831337,4,14,0.000121304,-0.153975856,0,0,FALSE,FALSE,FALSE,TRUE,['pH'],,
2026-01-04 21:45:00+08:00,27.78637645,252.7522222,4,14,-0.000343557,0.936330028,0,0,FALSE,FALSE,FALSE,TRUE,['pH'],,
2026-01-04 22:00:00+08:00,27.78105107,250.9649914,4,14,-5.92E-06,-0.881946528,0,0,FALSE,FALSE,FALSE,TRUE,['pH'],,
2026-01-04 22:15:00+08:00,28.07489215,252.9222121,4,14,0.00032649,0.870003165,0,0,FALSE,FALSE,FALSE,TRUE,['pH'],,
2026-01-04 22:30:00+08:00,27.81749721,253.3396642,4,14,-0.000285994,1.027219446,0,0,FALSE,FALSE,FALSE,TRUE,['pH'],,
2026-01-04 22:45:00+08:00,27.94795624,253.3396642,4,7.561877257,0.000144954,0.675913348,0,8.289884892,FALSE,TRUE,FALSE,FALSE,['TDS'],,
2026-01-04 23:00:00+08:00,27.95167504,253.3396642,4,7.550287385,4.13E-06,0.558424961,0,12.45723931,FALSE,TRUE,FALSE,FALSE,['TDS'],,
2026-01-04 23:15:00+08:00,27.8842477,253.3396642,4,7.547984706,-7.49E-05,0.083490401,0,12.4676885,FALSE,TRUE,FALSE,FALSE,['TDS'],,
2026-01-04 23:30:00+08:00,27.89172785,253.3396642,4,7.433181513,8.31E-06,0,0,8.392180623,FALSE,TRUE,FALSE,FALSE,['TDS'],,
2026-01-04 23:45:00+08:00,28.05373446,253.3396642,4,7.515530578,0.000180007,0,0,0.002748974,FALSE,TRUE,FALSE,FALSE,['TDS'],,
2026-01-05 00:00:00+08:00,27.99374607,253.3396642,4,7.519736795,-6.67E-05,0,0,0.002259116,FALSE,TRUE,FALSE,FALSE,['TDS'],,
2026-01-05 00:15:00+08:00,27.96749266,253.3396642,4,7.557815325,-2.92E-05,0,0,0.002409503,FALSE,TRUE,FALSE,FALSE,['TDS'],,
2026-01-05 00:30:00+08:00,28.03942616,253.3396642,4,7.421418505,7.99E-05,0,0,0.003516423,FALSE,TRUE,FALSE,FALSE,['TDS'],,
2026-01-05 00:45:00+08:00,27.93446215,253.3396642,4,7.574440284,-0.000116627,0,0,0.00352691,FALSE,TRUE,FALSE,FALSE,['TDS'],,
2026-01-05 01:00:00+08:00,28.04612286,253.3396642,4,7.52509231,0.000124067,0,0,0.003534402,FALSE,TRUE,FALSE,FALSE,['TDS'],,
2026-01-05 01:15:00+08:00,28.00725861,253.3396642,4,7.486214845,-4.32E-05,0,0,0.00375854,FALSE,TRUE,FALSE,FALSE,['TDS'],,
2026-01-05 01:30:00+08:00,27.95052104,253.3396642,4,7.446003944,-6.30E-05,0,0,0.003753256,FALSE,TRUE,FALSE,FALSE,['TDS'],,
2026-01-05 01:45:00+08:00,27.94487024,253.3396642,4,7.5696592,-6.28E-06,0,0,0.003018042,FALSE,TRUE,FALSE,FALSE,['TDS'],,
2026-01-05 02:00:00+08:00,28.07501449,253.3396642,4,7.583998652,0.000144605,0,0,0.003295146,FALSE,TRUE,FALSE,FALSE,['TDS'],,
2026-01-05 02:15:00+08:00,28.02058577,253.3396642,4,7.526319685,-6.05E-05,0,0,0.003297226,FALSE,TRUE,FALSE,FALSE,['TDS'],,
2026-01-05 02:30:00+08:00,27.89696063,253.3396642,4,7.528265544,-0.000137361,0,0,0.002889247,FALSE,TRUE,FALSE,FALSE,['TDS'],,
2026-01-05 02:45:00+08:00,27.93544331,253.3396642,4,7.484073219,4.28E-05,0,0,0.001564099,FALSE,TRUE,FALSE,FALSE,['TDS'],,
2026-01-05 03:00:00+08:00,28.00890696,253.3396642,4,7.518459995,8.16E-05,0,0,0.001289767,FALSE,TRUE,FALSE,FALSE,['TDS'],,
2026-01-05 03:15:00+08:00,28.0339612,253.3396642,4,7.605121013,2.78E-05,0,0,0.00196805,FALSE,TRUE,FALSE,FALSE,['TDS'],,
2026-01-05 03:30:00+08:00,27.93587227,253.3396642,4,7.525438888,-0.000108988,0,0,0.001970904,FALSE,TRUE,FALSE,FALSE,['TDS'],,
2026-01-05 03:45:00+08:00,28.0933697,253.3396642,4,7.556350201,0.000174997,0,0,0.002072397,FALSE,TRUE,FALSE,FALSE,['TDS'],,
2026-01-05 04:00:00+08:00,28.0706036,253.3396642,4,7.528980918,-2.53E-05,0,0,0.001267374,FALSE,TRUE,FALSE,FALSE,['TDS'],,
2026-01-05 04:15:00+08:00,28.06139586,253.3396642,4,7.503241241,-1.02E-05,0,0,0.00152988,FALSE,TRUE,FALSE,FALSE,['TDS'],,
2026-01-05 04:30:00+08:00,27.83975112,253.3396642,4,7.451775727,-0.000246272,0,0,0.001533219,FALSE,TRUE,FALSE,FALSE,['TDS'],,
2026-01-05 04:45:00+08:00,28.2006667,253.3396642,4,7.52706346,0.000401017,0,0,0.001543723,FALSE,TRUE,FALSE,FALSE,['TDS'],,
2026-01-05 05:00:00+08:00,27.9036208,253.3396642,4,7.533305423,-0.000330051,0,0,0.001155995,FALSE,TRUE,FALSE,FALSE,['TDS'],,
2026-01-05 05:15:00+08:00,28.02773927,253.3396642,4,7.572979627,0.000137909,0,0,0.001985526,FALSE,TRUE,FALSE,FALSE,['TDS'],,
2026-01-05 05:30:00+08:00,28.16086556,253.3396642,4,7.39759017,0.000147918,0,0,0.004980326,FALSE,TRUE,FALSE,FALSE,['TDS'],,
2026-01-05 05:45:00+08:00,28.07893462,253.3396642,4,7.483658402,-9.10E-05,0,0,0.004469979,FALSE,TRUE,FALSE,FALSE,['TDS'],,
2026-01-05 06:00:00+08:00,28.06982694,253.3396642,4,7.50501766,-1.01E-05,0,0,0.004301045,FALSE,TRUE,FALSE,FALSE,['TDS'],,
2026-01-05 06:15:00+08:00,28.12387858,253.3396642,4,7.544740012,6.01E-05,0,0,0.004526129,FALSE,TRUE,FALSE,FALSE,['TDS'],,
2026-01-05 06:30:00+08:00,27.95464518,253.3396642,4,7.467665667,-0.000188037,0,0,0.002943425,FALSE,TRUE,FALSE,FALSE,['TDS'],,
2026-01-05 06:45:00+08:00,28.04917484,253.3396642,4,7.576239937,0.000105033,0,0,0.001989051,FALSE,TRUE,FALSE,FALSE,['TDS'],,
2026-01-05 07:00:00+08:00,27.99800029,253.3396642,4,7.563135984,-5.69E-05,0,0,0.001988458,FALSE,TRUE,FALSE,FALSE,['TDS'],,
2026-01-05 07:15:00+08:00,27.83114403,253.3396642,4,7.441883351,-0.000185396,0,0,0.003617195,FALSE,TRUE,FALSE,FALSE,['TDS'],,
2026-01-05 07:30:00+08:00,28.044245,253.3396642,4,7.482297308,0.000236779,0,0,0.003585039,FALSE,TRUE,FALSE,FALSE,['TDS'],,
2026-01-05 07:45:00+08:00,27.94943665,253.3396642,4,7.490064993,-0.000105343,0,0,0.003253315,FALSE,TRUE,FALSE,FALSE,['TDS'],,
2026-01-05 08:00:00+08:00,27.81475664,253.3396642,4,7.516934138,-0.000149644,0,0,0.002014022,FALSE,TRUE,FALSE,FALSE,['TDS'],,
2026-01-05 08:15:00+08:00,28.00372974,253.3396642,4,7.484795192,0.00020997,0,0,0.000723886,FALSE,TRUE,FALSE,FALSE,['TDS'],,
2026-01-05 08:30:00+08:00,28.01385941,253.3396642,4,7.554206575,1.13E-05,0,0,0.000927059,FALSE,TRUE,FALSE,FALSE,['TDS'],,
2026-01-05 08:45:00+08:00,28.04628488,253.3396642,4,7.49897407,3.60E-05,0,0,0.000787878,FALSE,TRUE,FALSE,FALSE,['TDS'],,
2026-01-05 09:00:00+08:00,27.97185255,253.3396642,4,7.498776134,-8.27E-05,0,0,0.000720604,FALSE,TRUE,FALSE,FALSE,['TDS'],,
2026-01-05 09:15:00+08:00,28.00479687,253.3396642,4,7.469845671,3.66E-05,0,0,0.001018167,FALSE,TRUE,FALSE,FALSE,['TDS'],,
2026-01-05 09:30:00+08:00,27.80098753,253.3396642,4,7.513186493,-0.000226455,0,0,0.000944806,FALSE,TRUE,FALSE,FALSE,['TDS'],,
2026-01-05 09:45:00+08:00,27.92110701,253.3396642,4,7.450217418,0.000133466,0,0,0.000652954,FALSE,TRUE,FALSE,FALSE,['TDS'],,
2026-01-05 10:00:00+08:00,28.10831336,253.3396642,4,7.51029291,0.000208007,0,0,0.000750872,FALSE,TRUE,FALSE,FALSE,['TDS'],,
2026-01-05 10:15:00+08:00,28.03341402,253.3396642,4,7.494899308,-8.32E-05,0,0,0.000733888,FALSE,TRUE,FALSE,FALSE,['TDS'],,
2026-01-05 10:30:00+08:00,28.05972027,253.3396642,4,7.622073338,2.92E-05,0,0,0.004010465,FALSE,TRUE,FALSE,FALSE,['TDS'],,
2026-01-05 10:45:00+08:00,27.89205748,253.3396642,4,7.529312041,-0.000186292,0,0,0.004022582,FALSE,TRUE,FALSE,FALSE,['TDS'],,
2026-01-05 11:00:00+08:00,27.88124168,253.3396642,4,7.483227979,-1.20E-05,0,0,0.003066309,FALSE,TRUE,FALSE,FALSE,['TDS'],,
2026-01-05 11:15:00+08:00,27.96726422,250.7182461,4,7.523385833,9.56E-05,-2.097134436,0,0.00298493,FALSE,FALSE,TRUE,FALSE,['Turbidity'],,
2026-01-05 11:30:00+08:00,27.79283676,253.3507939,4,7.508640917,-0.000193808,0.533187404,0,0.002777543,FALSE,FALSE,TRUE,FALSE,['Turbidity'],,
2026-01-05 11:45:00+08:00,28.05298895,252.2836397,4,7.434906845,0.000289058,-0.322761909,0,0.001478728,FALSE,FALSE,TRUE,FALSE,['Turbidity'],,
2026-01-05 12:00:00+08:00,27.87893653,253.3995653,4,7.505725466,-0.000193392,0.781183434,0,0.001195893,FALSE,FALSE,TRUE,FALSE,['Turbidity'],,
2026-01-05 12:15:00+08:00,28.07765075,251.6121593,4,7.454503655,0.000220794,-0.66072159,0,0.001475081,FALSE,FALSE,TRUE,FALSE,['Turbidity'],,
2026-01-05 12:30:00+08:00,28.07831728,251.2855389,4,7.544284333,7.41E-07,-1.10080051,0,0.001959014,FALSE,FALSE,TRUE,FALSE,['Turbidity'],,
2026-01-05 12:45:00+08:00,28.12456894,253.0023614,4,7.432291399,5.14E-05,0.685708542,0,0.002398449,FALSE,FALSE,TRUE,FALSE,['Turbidity'],,
2026-01-05 13:00:00+08:00,28.08338818,250.1344611,4,7.543864275,-4.58E-05,-1.752356078,0,0.002624398,FALSE,FALSE,TRUE,FALSE,['Turbidity'],,
2026-01-05 13:15:00+08:00,28.02557557,250.8610282,4,7.572985907,-6.42E-05,-0.518081553,0,0.003851761,FALSE,FALSE,TRUE,FALSE,['Turbidity'],,
2026-01-05 13:30:00+08:00,28.14326278,253.2042046,4,7.483216041,0.000130764,1.506685738,0,0.003225869,FALSE,FALSE,TRUE,FALSE,['Turbidity'],,
2026-01-05 13:45:00+08:00,27.98314697,251.8360293,4,7.535932513,-0.000177906,0.028412367,0,0.003118903,FALSE,FALSE,TRUE,FALSE,['Turbidity'],,
2026-01-05 14:00:00+08:00,27.98027503,253.0184705,4,7.463038359,-3.19E-06,1.207631759,0,0.002057089,FALSE,FALSE,TRUE,FALSE,['Turbidity'],,
2026-01-05 14:15:00+08:00,28.03060914,252.04478,4,7.447909733,5.59E-05,-0.148122559,0,0.002744362,FALSE,FALSE,TRUE,FALSE,['Turbidity'],,
2026-01-05 14:30:00+08:00,28.15024565,252.6168863,4,7.487610955,0.000132929,0.072812183,0,0.001112872,FALSE,FALSE,TRUE,FALSE,['Turbidity'],,
2026-01-05 14:45:00+08:00,27.89577435,251.3248732,4,7.568207694,-0.000282746,-0.843334653,0,0.002543756,FALSE,FALSE,TRUE,FALSE,['Turbidity'],,
2026-01-05 15:00:00+08:00,28.05939974,252.3705308,4,7.436116568,0.000181806,0.095422606,0,0.002770025,FALSE,FALSE,TRUE,FALSE,['Turbidity'],,
2026-01-05 15:15:00+08:00,28.08517402,252.9584261,4,7.47085567,2.86E-05,0.695326857,0,0.002713696,FALSE,FALSE,TRUE,FALSE,['Turbidity'],,
2026-01-05 15:30:00+08:00,28.06043981,250.6296503,4,7.526325008,-2.75E-05,-1.350423006,0,0.002601394,FALSE,FALSE,TRUE,FALSE,['Turbidity'],,
2026-01-05 15:45:00+08:00,27.98853574,250.7709111,4,7.526668053,-7.99E-05,-0.839967176,0,0.002707055,FALSE,FALSE,TRUE,FALSE,['Turbidity'],,
2026-01-05 16:00:00+08:00,27.98827377,251.6032378,4,7.500078395,-2.91E-07,-0.063313425,0,0.001503845,FALSE,FALSE,TRUE,FALSE,['Turbidity'],,
2026-01-05 16:15:00+08:00,27.89467481,251.4044157,4,7.534123368,-0.000103999,-0.068912549,0,0.000686005,FALSE,FALSE,TRUE,FALSE,['Turbidity'],,
2026-01-05 16:30:00+08:00,27.95123844,251.5117899,4,7.435925773,6.28E-05,0.327788891,0,0.001641799,FALSE,FALSE,TRUE,FALSE,['Turbidity'],,
2026-01-05 16:45:00+08:00,28.07714183,253.1634664,4,7.517458478,0.000139893,1.472702213,0,0.001561316,FALSE,FALSE,TRUE,FALSE,['Turbidity'],,
2026-01-05 17:00:00+08:00,27.98384082,251.1881337,4,7.474520481,-0.000103668,-0.586074961,0,0.001484184,FALSE,FALSE,TRUE,FALSE,['Turbidity'],,
2026-01-05 17:15:00+08:00,27.87816309,251.0370932,4,7.44915806,-0.00011742,-0.623886565,0,0.00180781,FALSE,FALSE,TRUE,FALSE,['Turbidity'],,
2026-01-05 17:30:00+08:00,27.88083054,252.4972646,4,7.485887804,2.96E-06,0.61771501,0,0.001021765,FALSE,FALSE,TRUE,FALSE,['Turbidity'],,
2026-01-05 17:45:00+08:00,28.02913824,252.5679761,4,7.535089648,0.000164786,0.477189289,0,0.001170571,FALSE,FALSE,TRUE,FALSE,['Turbidity'],,
2026-01-05 18:00:00+08:00,28.02962129,252.6990214,4,7.455045981,5.37E-07,0.701123572,0,0.001168368,FALSE,FALSE,TRUE,FALSE,['Turbidity'],,
2026-01-05 18:15:00+08:00,28.16364745,252.6766579,4,7.478041115,0.000148918,0.381055297,0,0.001161306,FALSE,FALSE,TRUE,FALSE,['Turbidity'],,
2026-01-05 18:30:00+08:00,28.20980521,251.5138911,4,7.442110127,5.13E-05,-0.877071131,0,0.001282198,FALSE,FALSE,TRUE,FALSE,['Turbidity'],,
2026-01-05 18:45:00+08:00,28.08905128,252.0743727,4,7.565079278,-0.000134171,-0.232011161,0,0.002799881,FALSE,FALSE,TRUE,FALSE,['Turbidity'],,
2026-01-05 19:00:00+08:00,27.93431944,253.3198994,4,7.487453957,-0.000171924,0.863130893,0,0.002300608,FALSE,FALSE,TRUE,FALSE,['Turbidity'],,
2026-01-05 19:15:00+08:00,28.00278456,252.3690015,4,7.570155329,7.61E-05,-0.021762979,0,0.003195216,FALSE,FALSE,TRUE,FALSE,['Turbidity'],,
2026-01-05 19:30:00+08:00,28.07376105,250.7674536,4,7.531764256,7.89E-05,-1.241470058,0,0.002952453,FALSE,FALSE,TRUE,FALSE,['Turbidity'],,
2026-01-05 19:45:00+08:00,27.97183829,253.4742868,4,7.517610684,-0.000113248,1.073283983,0,0.001178105,FALSE,FALSE,TRUE,FALSE,['Turbidity'],,
2026-01-05 20:00:00+08:00,28.00080391,250.7994261,4,7.537296416,3.22E-05,-1.346587371,0,0.00090648,FALSE,FALSE,TRUE,FALSE,['Turbidity'],,
2026-01-05 20:15:00+08:00,28.02643307,251.2920475,4,7.581056285,2.85E-05,-0.448395565,0,0.000721089,FALSE,FALSE,TRUE,FALSE,['Turbidity'],,
2026-01-05 20:30:00+08:00,28.05123043,252.0419348,4,7.455094208,2.76E-05,0.366905007,0,0.002069934,FALSE,FALSE,TRUE,FALSE,['Turbidity'],,
2026-01-05 20:45:00+08:00,28.06421292,253.4803582,4,7.533710437,1.44E-05,1.262747547,0,0.002077698,FALSE,FALSE,TRUE,FALSE,['Turbidity'],,
2026-01-05 21:00:00+08:00,27.99300728,252.3799145,4,7.536642048,-7.91E-05,0.381178284,0,0.002080264,FALSE,FALSE,TRUE,FALSE,['Turbidity'],,
2026-01-05 21:15:00+08:00,27.84694515,250.7695253,4,7.493484684,-0.000162291,-1.223230742,0,0.002277157,FALSE,FALSE,TRUE,FALSE,['Turbidity'],,
2026-01-05 21:30:00+08:00,28.03102654,252.9625436,4,7.556531534,0.000204535,0.63568834,0,0.001648724,FALSE,FALSE,TRUE,FALSE,['Turbidity'],,
2026-01-05 21:45:00+08:00,27.95737986,249.6390121,4,7.431855384,-8.18E-05,-2.207258667,0,0.002453879,FALSE,FALSE,TRUE,FALSE,['Turbidity'],,
2026-01-05 22:00:00+08:00,28.02321247,250.8794195,4,7.504722978,7.31E-05,-0.446663508,0,0.002284728,FALSE,FALSE,TRUE,FALSE,['Turbidity'],,
2026-01-05 22:15:00+08:00,28.02535319,250.8303112,4,7.552343689,2.38E-06,-0.185851148,0,0.002585221,FALSE,FALSE,TRUE,FALSE,['Turbidity'],,
2026-01-05 22:30:00+08:00,27.99120758,251.3911762,4,7.533178852,-3.79E-05,0.250683709,0,0.002616474,FALSE,FALSE,TRUE,FALSE,['Turbidity'],,
2026-01-05 22:45:00+08:00,27.83738051,252.6090883,4,7.509004634,-0.000170919,1.539286828,0,0.002098566,FALSE,FALSE,TRUE,FALSE,['Turbidity'],,
2026-01-05 23:00:00+08:00,28.01337688,253.5192213,4,7.488718522,0.000195552,1.673378025,0,0.000630916,FALSE,FALSE,TRUE,FALSE,['Turbidity'],,
2026-01-05 23:15:00+08:00,27.76651319,253.1782784,4,7.500236931,-0.000274293,0.872663284,0,0.00066381,FALSE,FALSE,TRUE,FALSE,['Turbidity'],,
2026-01-05 23:30:00+08:00,28.07001675,253.2222589,4,7.517439731,0.000337226,0.438254236,0,0.000285354,FALSE,FALSE,TRUE,FALSE,['Turbidity'],,
2026-01-05 23:45:00+08:00,28.07001675,250.885594,4,7.515131303,0,-1.797294203,0,0.00013877,TRUE,FALSE,FALSE,FALSE,['Temperature'],,
2026-01-06 00:00:00+08:00,28.07001675,251.5479581,4,7.525905444,0,-0.922704021,0,0.000220391,TRUE,FALSE,FALSE,FALSE,['Temperature'],,
2026-01-06 00:15:00+08:00,28.07001675,250.8808716,4,7.458640641,0,-1.062120581,0,0.000713653,TRUE,FALSE,FALSE,FALSE,['Temperature'],,
2026-01-06 00:30:00+08:00,28.07001675,250.8280828,4,7.493849378,0,-0.644870269,0,0.000732142,TRUE,FALSE,FALSE,FALSE,['Temperature'],,
2026-01-06 00:45:00+08:00,28.07001675,251.9541535,4,7.601068725,0,0.734821502,0,0.002768425,TRUE,FALSE,FALSE,FALSE,['Temperature'],,
2026-01-06 01:00:00+08:00,28.07001675,251.5070056,4,7.549149767,0,0.163391293,0,0.002935449,TRUE,FALSE,FALSE,FALSE,['Temperature'],,
2026-01-06 01:15:00+08:00,28.07001675,251.9323006,4,7.519865186,0,0.511817803,0,0.002942194,TRUE,FALSE,FALSE,FALSE,['Temperature'],,
2026-01-06 01:30:00+08:00,28.07001675,250.356574,4,7.505274312,0,-0.959049269,0,0.001841159,TRUE,FALSE,FALSE,FALSE,['Temperature'],,
2026-01-06 01:45:00+08:00,28.07001675,250.5763213,4,7.558026922,0,-0.68894972,0,0.001381613,TRUE,FALSE,FALSE,FALSE,['Temperature'],,
2026-01-06 02:00:00+08:00,28.07001675,251.3315514,4,7.502021214,0,0.190800785,0,0.000650011,TRUE,FALSE,FALSE,FALSE,['Temperature'],,
2026-01-06 02:15:00+08:00,28.07001675,250.9925147,4,7.509947217,0,-0.045337681,0,0.000520618,TRUE,FALSE,FALSE,FALSE,['Temperature'],,
2026-01-06 02:30:00+08:00,28.07001675,251.7543937,4,7.580928558,0,0.752122633,0,0.001291957,TRUE,FALSE,FALSE,FALSE,['Temperature'],,
2026-01-06 02:45:00+08:00,28.07001675,252.6912491,4,7.559301462,0,1.222043035,0,0.001174327,TRUE,FALSE,FALSE,FALSE,['Temperature'],,
2026-01-06 03:00:00+08:00,28.07001675,251.6492101,4,7.494266322,0,-0.034573657,0,0.001477904,TRUE,FALSE,FALSE,FALSE,['Temperature'],,
2026-01-06 03:15:00+08:00,28.07001675,250.8190348,4,7.528760153,0,-0.762245645,0,0.00125629,TRUE,FALSE,FALSE,FALSE,['Temperature'],,
2026-01-06 03:30:00+08:00,28.07001675,251.097536,4,7.537336504,0,-0.504748774,0,0.001068155,TRUE,FALSE,FALSE,FALSE,['Temperature'],,
2026-01-06 03:45:00+08:00,28.07001675,253.2659787,4,7.476002016,0,1.361376986,0,0.001129047,TRUE,FALSE,FALSE,FALSE,['Temperature'],,
2026-01-06 04:00:00+08:00,28.07001675,252.6853273,4,7.439122387,0,0.781909882,0,0.001603962,TRUE,FALSE,FALSE,FALSE,['Temperature'],,
2026-01-06 04:15:00+08:00,28.07001675,249.5113267,4,7.508075626,0,-1.964514013,0,0.001636363,TRUE,FALSE,FALSE,FALSE,['Temperature'],,
2026-01-06 04:30:00+08:00,28.07001675,251.9932589,4,7.522178378,0,0.282573423,0,0.001543336,TRUE,FALSE,FALSE,FALSE,['Temperature'],,
2026-01-06 04:45:00+08:00,28.07001675,252.584169,4,7.484758507,0,0.576156874,0,0.001023804,TRUE,FALSE,FALSE,FALSE,['Temperature'],,
2026-01-06 05:00:00+08:00,28.07001675,251.6769844,4,7.521938258,0,-0.013228841,0,0.001215568,TRUE,FALSE,FALSE,FALSE,['Temperature'],,
2026-01-06 05:15:00+08:00,28.07001675,251.9675174,4,7.475068229,0,0.420866134,0,0.000465847,TRUE,FALSE,FALSE,FALSE,['Temperature'],,
2026-01-06 05:30:00+08:00,28.07001675,251.1970084,4,7.439267253,0,-0.686779215,0,0.001217631,TRUE,FALSE,FALSE,FALSE,['Temperature'],,
2026-01-06 05:45:00+08:00,28.07001675,252.77115,4,7.519103036,0,0.73178414,0,0.001167955,TRUE,FALSE,FALSE,FALSE,['Temperature'],,
2026-01-06 06:00:00+08:00,28.07001675,252.203811,4,7.410900232,0,0.240516786,0,0.002379668,TRUE,FALSE,FALSE,FALSE,['Temperature'],,
2026-01-06 06:15:00+08:00,28.07001675,249.6900354,4,7.530809544,0,-1.875869031,0,0.002611348,TRUE,FALSE,FALSE,FALSE,['Temperature'],,
2026-01-06 06:30:00+08:00,28.07001675,252.48484,4,7.44864692,0,0.815471045,0,0.002750456,TRUE,FALSE,FALSE,FALSE,['Temperature'],,
2026-01-06 06:45:00+08:00,28.07001675,251.9303418,4,7.521008805,0,0.114306165,0,0.002841127,TRUE,FALSE,FALSE,FALSE,['Temperature'],,
2026-01-06 07:00:00+08:00,28.07001675,250.9754664,4,7.487893619,0,-0.48143258,0,0.002520831,TRUE,FALSE,FALSE,FALSE,['Temperature'],,
2026-01-06 07:15:00+08:00,28.07001675,251.1067849,4,7.499131585,0,-0.130708808,0,0.001035939,TRUE,FALSE,FALSE,FALSE,['Temperature'],,
2026-01-06 07:30:00+08:00,28.07001675,251.2624457,4,7.633482425,0,-0.289530058,0,0.004854375,TRUE,FALSE,FALSE,FALSE,['Temperature'],,
2026-01-06 07:45:00+08:00,28.07001675,252.4686742,4,7.586966128,0,0.919931565,0,0.003882124,TRUE,FALSE,FALSE,FALSE,['Temperature'],,
2026-01-06 08:00:00+08:00,28.07001675,252.3315508,4,7.43067539,0,0.702566372,0,0.006629212,TRUE,FALSE,FALSE,FALSE,['Temperature'],,
2026-01-06 08:15:00+08:00,28.07001675,253.1508744,4,7.536800653,0,1.086808409,0,0.006135902,TRUE,FALSE,FALSE,FALSE,['Temperature'],,
2026-01-06 08:30:00+08:00,28.07001675,250.6748081,4,7.561625764,0,-1.302862512,0,0.005720878,TRUE,FALSE,FALSE,FALSE,['Temperature'],,
2026-01-06 08:45:00+08:00,28.07001675,250.9413408,4,7.504685115,0,-0.972108835,0,0.003656681,TRUE,FALSE,FALSE,FALSE,['Temperature'],,
2026-01-06 09:00:00+08:00,28.07001675,252.4050621,4,7.460867401,0,0.504334844,0,0.00287638,TRUE,FALSE,FALSE,FALSE,['Temperature'],,
2026-01-06 09:15:00+08:00,28.07001675,251.6500162,4,7.452702614,0,-0.114404146,0,0.00222168,TRUE,FALSE,FALSE,FALSE,['Temperature'],,
2026-01-06 09:30:00+08:00,28.07001675,250.7843974,4,7.501265916,0,-0.506727475,0,0.001879651,TRUE,FALSE,FALSE,FALSE,['Temperature'],,
2026-01-06 09:45:00+08:00,28.07001675,251.4525173,4,7.567692131,0,0.005850544,0,0.00208537,TRUE,FALSE,FALSE,FALSE,['Temperature'],,
2026-01-06 10:00:00+08:00,28.07001675,251.8062396,4,7.616195161,0,0.186593058,0,0.004976073,TRUE,FALSE,FALSE,FALSE,['Temperature'],,
2026-01-06 10:15:00+08:00,28.07001675,250.1866767,4,7.549253823,0,-0.989292735,0,0.00393653,TRUE,FALSE,FALSE,FALSE,['Temperature'],,
2026-01-06 10:30:00+08:00,28.07001675,251.5137039,4,7.568958997,0,0.364996899,0,0.001715059,TRUE,FALSE,FALSE,FALSE,['Temperature'],,
2026-01-06 10:45:00+08:00,28.07001675,250.9858445,4,7.502821832,0,-0.203151892,0,0.001669327,TRUE,FALSE,FALSE,FALSE,['Temperature'],,
2026-01-06 11:00:00+08:00,28.07001675,251.4031623,4,7.535621383,0,0.224036891,0,0.001767472,TRUE,FALSE,FALSE,FALSE,['Temperature'],,
2026-01-06 11:15:00+08:00,28.07001675,251.1941306,4,7.478749739,0,0.137427021,0,0.001310689,TRUE,FALSE,FALSE,FALSE,['Temperature'],,
2026-01-06 11:30:00+08:00,28.07001675,250.4943618,4,7.522075544,0,-0.62387882,0,0.001157113,TRUE,FALSE,FALSE,FALSE,['Temperature'],,
2026-01-06 11:45:00+08:00,28.07001675,253.4825237,4,7.47098032,0,1.970519128,0,0.000759221,TRUE,FALSE,FALSE,FALSE,['Temperature'],,
2026-01-06 12:00:00+08:00,28.07001675,251.6012165,4,7.628723394,0,-0.033862509,0,0.003978064,TRUE,FALSE,FALSE,FALSE,['Temperature'],,
2026-01-06 12:15:00+08:00,28.23136343,250.4507441,7,7.510404501,0.000179274,-0.993851234,1,0.003999441,FALSE,FALSE,FALSE,FALSE,['Normal'],1,Inlier
2026-01-06 12:30:00+08:00,28.44509631,249.5838138,5,7.581239951,0.000237481,-1.53871816,1,0.003874358,FALSE,FALSE,FALSE,FALSE,['Normal'],1,Inlier
2026-01-06 12:45:00+08:00,27.73995243,249.8368454,1,7.577662786,-0.000783493,-1.154183286,3,0.003919542,FALSE,FALSE,FALSE,FALSE,['Normal'],-1,Outlier
2026-01-06 13:00:00+08:00,27.81470497,251.3210189,3,7.594537509,8.31E-05,0.762291187,3,0.001856199,FALSE,FALSE,FALSE,FALSE,['Normal'],1,Inlier
2026-01-06 13:15:00+08:00,27.8067235,254.9612438,3,7.483456406,-8.87E-06,3.730510562,1,0.002429788,FALSE,FALSE,FALSE,FALSE,['Normal'],1,Inlier
2026-01-06 13:30:00+08:00,28.00951632,250.8132835,5,7.52900378,0.000225325,-0.489957556,0,0.00213577,FALSE,FALSE,FALSE,FALSE,['Normal'],1,Inlier
2026-01-06 13:45:00+08:00,27.80932411,249.6189986,6,7.460551667,-0.000222436,-1.691279432,0,0.003355654,FALSE,FALSE,FALSE,FALSE,['Normal'],1,Inlier
2026-01-06 14:00:00+08:00,28.3665307,250.7451714,4,7.424877484,0.000619118,-0.746771813,3,0.004310086,FALSE,FALSE,FALSE,FALSE,['Normal'],-1,Outlier
2026-01-06 14:15:00+08:00,28.16577245,255.8424181,6,7.517148192,-0.000223065,3.446194978,1,0.001791202,FALSE,FALSE,FALSE,FALSE,['Normal'],1,Inlier
2026-01-06 14:30:00+08:00,28.20216555,251.4640964,4,7.42584194,4.04E-05,-0.232697189,0,0.002442156,FALSE,FALSE,FALSE,FALSE,['Normal'],1,Inlier
2026-01-06 14:45:00+08:00,28.11060989,248.7919959,9,7.446305645,-0.000101729,-2.500540195,2,0.001431588,FALSE,FALSE,FALSE,FALSE,['Normal'],-1,Outlier
2026-01-06 15:00:00+08:00,27.89450411,252.5623224,8,7.495661936,-0.000240118,0.681121525,2,0.001776561,FALSE,FALSE,FALSE,FALSE,['Normal'],1,Inlier
2026-01-06 15:15:00+08:00,28.20372255,251.6055165,9,7.511380687,0.000343576,-0.447753327,1,0.001668939,FALSE,FALSE,FALSE,FALSE,['Normal'],1,Inlier
2026-01-06 15:30:00+08:00,27.8540321,249.5055546,12,7.516465551,-0.000388545,-1.280342553,0,0.001656103,FALSE,FALSE,FALSE,FALSE,['Normal'],1,Inlier
2026-01-06 15:45:00+08:00,27.888608,251.1778687,7,7.484929613,3.84E-05,0.449217092,3,0.000780006,FALSE,FALSE,FALSE,FALSE,['Normal'],1,Inlier
2026-01-06 16:00:00+08:00,28.01542512,251.2565366,6,7.518525329,0.000140908,0.034976859,0,0.000211089,FALSE,FALSE,FALSE,FALSE,['Normal'],1,Inlier
2026-01-06 16:15:00+08:00,27.93705805,251.0249237,9,7.466785356,-8.71E-05,0.110843627,2,0.000518355,FALSE,FALSE,FALSE,FALSE,['Normal'],1,Inlier
2026-01-06 16:30:00+08:00,28.00300675,249.952466,13,7.520383874,7.33E-05,-0.631003914,3,0.00058752,FALSE,FALSE,FALSE,FALSE,['Normal'],1,Inlier
2026-01-06 16:45:00+08:00,27.87953062,247.2455627,14,7.465526156,-0.000137196,-2.885908828,3,0.000723227,FALSE,FALSE,FALSE,FALSE,['Normal'],1,Inlier
2026-01-06 17:00:00+08:00,27.57303608,253.1374704,12,7.485123045,-0.000340549,2.614078482,3,0.000722625,FALSE,FALSE,FALSE,FALSE,['Normal'],-1,Outlier
2026-01-06 17:15:00+08:00,27.68814636,254.7155748,12,7.415202998,0.0001279,3.500375304,3,0.001449619,FALSE,FALSE,FALSE,FALSE,['Normal'],1,Inlier
2026-01-06 17:30:00+08:00,27.80730206,252.1293276,15,7.517284809,0.000132395,0.693247326,1,0.001863231,FALSE,FALSE,FALSE,FALSE,['Normal'],1,Inlier
2026-01-06 17:45:00+08:00,27.24318155,252.3727596,12,7.483613015,-0.000626801,0.452620553,3,0.001404122,FALSE,FALSE,FALSE,FALSE,['Normal'],-1,Outlier
2026-01-06 18:00:00+08:00,28.06635891,253.9791359,13,7.456752441,0.000914642,0.712282268,2,0.00145384,FALSE,FALSE,FALSE,FALSE,['Normal'],-1,Outlier
2026-01-06 18:15:00+08:00,28.19873545,250.2612486,12,7.441282839,0.000147085,-2.430360745,1,0.001541702,FALSE,FALSE,FALSE,FALSE,['Normal'],1,Inlier
2026-01-06 18:30:00+08:00,27.69840072,249.9136332,11,7.563855302,-0.000555927,-1.817587788,1,0.002421478,FALSE,FALSE,FALSE,FALSE,['Normal'],1,Inlier
2026-01-06 18:45:00+08:00,28.0432826,253.2277485,16,7.470487557,0.000383202,1.276843365,2,0.002280894,FALSE,FALSE,FALSE,FALSE,['Normal'],-1,Outlier
2026-01-06 19:00:00+08:00,28.08204522,253.5690913,14,7.590252807,4.31E-05,1.378919825,0,0.004577419,FALSE,FALSE,FALSE,FALSE,['Normal'],1,Inlier
2026-01-06 19:15:00+08:00,28.13799301,253.7918654,15,7.521213621,6.22E-05,1.63914797,3,0.003868692,FALSE,FALSE,FALSE,FALSE,['Normal'],1,Inlier
2026-01-06 19:30:00+08:00,28.16883778,252.850879,19,7.551031454,3.43E-05,0.180235512,1,0.002099756,FALSE,FALSE,FALSE,FALSE,['Normal'],-1,Outlier
2026-01-06 19:45:00+08:00,28.00618498,251.9401468,15,7.465374675,-0.000180725,-1.135799387,1,0.002833688,FALSE,FALSE,FALSE,FALSE,['Normal'],-1,Outlier
2026-01-06 20:00:00+08:00,27.90754671,253.5605578,15,7.561193681,-0.000109598,0.418049751,2,0.002248542,FALSE,FALSE,FALSE,FALSE,['Normal'],1,Inlier
2026-01-06 20:15:00+08:00,27.98057327,251.4550301,15,7.447388697,8.11E-05,-1.264665745,0,0.002584707,FALSE,FALSE,FALSE,FALSE,['Normal'],1,Inlier
2026-01-06 20:30:00+08:00,27.63202984,250.9251907,16,7.46320475,-0.00038727,-1.221170201,0,0.002910437,FALSE,FALSE,FALSE,FALSE,['Normal'],1,Inlier
2026-01-06 20:45:00+08:00,28.08250571,255.5020372,19,7.438143111,0.000500529,2.825444695,1,0.00244548,FALSE,FALSE,FALSE,FALSE,['Normal'],-1,Outlier
2026-01-06 21:00:00+08:00,27.9257526,251.9589944,15,7.521129209,-0.00017417,-0.721367607,2,0.002797166,FALSE,FALSE,FALSE,FALSE,['Normal'],-1,Outlier
2026-01-06 21:15:00+08:00,28.26481176,252.7945919,18,7.516285849,0.000376732,0.267423048,2,0.001516874,FALSE,FALSE,FALSE,FALSE,['Normal'],-1,Outlier
2026-01-06 21:30:00+08:00,28.3058155,251.943715,22,7.49842518,4.56E-05,-0.681190814,1,0.001276313,FALSE,FALSE,FALSE,FALSE,['Normal'],-1,Outlier
2026-01-06 21:45:00+08:00,27.94460417,254.64932,22,7.503100524,-0.000401346,1.27958832,3,0.001111253,FALSE,FALSE,FALSE,FALSE,['Normal'],1,Inlier
2026-01-06 22:00:00+08:00,27.57128026,250.5770925,20,7.48522758,-0.000414804,-1.807650297,2,0.000206292,FALSE,FALSE,FALSE,FALSE,['Normal'],-1,Outlier
2026-01-06 22:15:00+08:00,28.04661132,250.2816346,20,7.510301545,0.000528146,-1.767636178,1,0.000141518,FALSE,FALSE,FALSE,FALSE,['Normal'],-1,Outlier
2026-01-06 22:30:00+08:00,27.98888725,249.4369108,20,7.502991618,-6.41E-05,-1.940823796,2,8.63E-05,FALSE,FALSE,FALSE,FALSE,['Normal'],1,Inlier
2026-01-06 22:45:00+08:00,27.83912352,250.9300703,20,7.470329442,-0.000166404,-0.244935334,0,0.000266475,FALSE,FALSE,FALSE,FALSE,['Normal'],1,Inlier
2026-01-06 23:00:00+08:00,27.93364335,254.7550469,21,7.430893213,0.000105022,3.558895876,3,0.000994777,FALSE,FALSE,FALSE,FALSE,['Normal'],-1,Outlier
2026-01-06 23:15:00+08:00,28.0623124,253.168226,22,7.456125733,0.000142966,1.453848253,0,0.001087348,FALSE,FALSE,FALSE,FALSE,['Normal'],1,Inlier
2026-01-06 23:30:00+08:00,28.32825885,248.7589423,19,7.390488959,0.000295496,-2.650896975,0,0.001791355,FALSE,FALSE,FALSE,FALSE,['Normal'],-1,Outlier
2026-01-06 23:45:00+08:00,28.29219386,250.4359681,23,7.535722819,-4.01E-05,-1.173682636,1,0.002870147,FALSE,FALSE,FALSE,FALSE,['Normal'],-1,Outlier
2026-01-07 00:00:00+08:00,27.89477006,250.392925,23,7.486226538,-0.000441582,-1.109296627,0,0.003028929,FALSE,FALSE,FALSE,FALSE,['Normal'],-1,Outlier
2026-01-07 00:15:00+08:00,27.7506859,250.7406242,23,7.563058904,-0.000160094,0.041287085,2,0.004606197,FALSE,FALSE,FALSE,FALSE,['Normal'],1,Inlier
2026-01-07 00:30:00+08:00,27.62301272,250.0767028,24,7.409293743,-0.000141859,-0.004329698,2,0.005751981,FALSE,FALSE,FALSE,FALSE,['Normal'],-1,Outlier
2026-01-07 00:45:00+08:00,28.38558748,252.583586,25,7.446882741,0.000847305,1.737624795,2,0.003949869,FALSE,FALSE,FALSE,FALSE,['Normal'],-1,Outlier
2026-01-07 01:00:00+08:00,27.98176926,252.3973387,22,7.418403377,-0.000448687,1.159103329,3,0.003917131,FALSE,FALSE,FALSE,FALSE,['Normal'],-1,Outlier
2026-01-07 01:15:00+08:00,27.74173007,251.5036942,25,7.459171722,-0.00026671,0.04330506,11,0.003773314,FALSE,FALSE,FALSE,FALSE,['Filter Clogging'],-1,Outlier
2026-01-07 01:30:00+08:00,27.59975757,251.7670226,28,7.435275487,-0.000157747,0.101353745,12,0.000413668,FALSE,FALSE,FALSE,FALSE,['Filter Clogging'],-1,Outlier
2026-01-07 01:45:00+08:00,27.69028112,253.6572724,26,7.609923258,0.000100582,1.275489603,10,0.006005226,FALSE,FALSE,FALSE,FALSE,['Filter Clogging'],-1,Outlier
2026-01-07 02:00:00+08:00,27.89759371,252.6226028,28,7.44951043,0.000230347,0.233016619,10,0.005971069,FALSE,FALSE,FALSE,FALSE,['Filter Clogging'],-1,Outlier
2026-01-07 02:15:00+08:00,27.99502565,252.2855045,24,7.497385827,0.000108258,-0.081714804,11,0.005005094,FALSE,FALSE,FALSE,FALSE,['Filter Clogging'],-1,Outlier
2026-01-07 02:30:00+08:00,27.81873703,253.5090342,27,7.559789171,-0.000195876,0.740746912,11,0.005466192,FALSE,FALSE,FALSE,FALSE,['Filter Clogging'],-1,Outlier
2026-01-07 02:45:00+08:00,28.05000009,253.1476799,28,7.549240057,0.000256959,0.103261147,11,0.00378433,FALSE,FALSE,FALSE,FALSE,['Filter Clogging'],-1,Outlier
2026-01-07 03:00:00+08:00,28.15101729,250.7077327,27,7.49602864,0.000112241,-1.74677808,10,0.002007821,FALSE,FALSE,FALSE,FALSE,['Filter Clogging'],-1,Outlier
2026-01-07 03:15:00+08:00,28.14721849,253.0875873,27,7.511840982,-4.22E-06,0.54007958,10,0.000887486,FALSE,FALSE,FALSE,FALSE,['Filter Clogging'],1,Inlier
2026-01-07 03:30:00+08:00,28.06986979,250.4409341,25,7.457149095,-8.59E-05,-1.737659553,12,0.001723722,FALSE,FALSE,FALSE,FALSE,['Filter Clogging'],-1,Outlier
2026-01-07 03:45:00+08:00,28.0208555,251.6728906,30,7.531826268,-5.45E-05,-0.138474301,8,0.001251227,FALSE,FALSE,FALSE,FALSE,['Filter Clogging'],-1,Outlier
2026-01-07 04:00:00+08:00,28.0368011,256.1297838,28,7.487336141,1.77E-05,3.721998097,8,0.000778854,FALSE,FALSE,FALSE,FALSE,['Filter Clogging'],-1,Outlier
2026-01-07 04:15:00+08:00,28.42309665,251.1278926,26,7.468910956,0.000429217,-1.363925051,10,0.000936878,FALSE,FALSE,FALSE,FALSE,['Filter Clogging'],-1,Outlier
2026-01-07 04:30:00+08:00,27.95409963,254.9705423,32,7.548783202,-0.000521108,2.102133605,6,0.001587157,FALSE,FALSE,FALSE,FALSE,['Filter Clogging'],-1,Outlier
2026-01-07 04:45:00+08:00,28.47492108,254.8551892,30,7.493460444,0.00057869,1.103929466,5,0.001094639,FALSE,FALSE,FALSE,FALSE,['Filter Clogging'],-1,Outlier
2026-01-07 05:00:00+08:00,28.10971282,249.2878552,31,7.461747404,-0.000405787,-3.986397441,5,0.001174132,FALSE,FALSE,FALSE,FALSE,['Filter Clogging'],-1,Outlier
2026-01-07 05:15:00+08:00,28.21135156,256.2902948,27,7.532972331,0.000112932,2.983939975,7,0.001483157,FALSE,FALSE,FALSE,FALSE,['Filter Clogging'],-1,Outlier
2026-01-07 05:30:00+08:00,27.75928834,253.1839252,31,7.552090832,-0.000502292,-0.53363615,12,0.001525082,FALSE,FALSE,FALSE,FALSE,['Filter Clogging'],-1,Outlier
2026-01-07 05:45:00+08:00,27.90554245,253.5854845,28,7.525931378,0.000162505,0.144934701,12,0.001275635,FALSE,FALSE,FALSE,FALSE,['Filter Clogging'],-1,Outlier
2026-01-07 06:00:00+08:00,27.85410827,252.3727665,33,7.534385318,-5.71E-05,-0.57129871,11,0.001205857,FALSE,FALSE,FALSE,FALSE,['Filter Clogging'],-1,Outlier
2026-01-07 06:15:00+08:00,28.38642514,250.1779327,35,7.488142816,0.000591463,-2.944148071,6,0.000557587,FALSE,FALSE,FALSE,FALSE,['Filter Clogging'],-1,Outlier
2026-01-07 06:30:00+08:00,28.01624544,251.1613344,31,7.526102559,-0.000411311,-0.934954236,6,0.000545497,FALSE,FALSE,FALSE,FALSE,['Filter Clogging'],-1,Outlier
2026-01-07 06:45:00+08:00,27.80106762,251.0357904,36,7.586628588,-0.000239086,-0.630871321,9,0.001246187,FALSE,FALSE,FALSE,FALSE,['Filter Clogging'],-1,Outlier
2026-01-07 07:00:00+08:00,27.9603067,250.9824105,32,7.47927409,0.000176932,-0.163636429,8,0.001828696,FALSE,FALSE,FALSE,FALSE,['Filter Clogging'],-1,Outlier
2026-01-07 07:15:00+08:00,28.36873153,253.9097786,33,7.47047231,0.000453805,2.45632934,5,0.002278853,FALSE,FALSE,FALSE,FALSE,['Filter Clogging'],-1,Outlier
2026-01-07 07:30:00+08:00,27.9409679,250.3073342,35,7.513186513,-0.000475293,-1.171995438,8,0.002129044,FALSE,FALSE,FALSE,FALSE,['Filter Clogging'],-1,Outlier
2026-01-07 07:45:00+08:00,28.0475188,251.6035754,36,7.485566722,0.00011839,0.035797595,6,0.002235341,FALSE,FALSE,FALSE,FALSE,['Filter Clogging'],-1,Outlier
2026-01-07 08:00:00+08:00,28.0171612,252.0349394,35,7.489657258,-3.37E-05,0.267331771,5,0.000256427,FALSE,FALSE,FALSE,FALSE,['Filter Clogging'],-1,Outlier
2026-01-07 08:15:00+08:00,27.93167261,254.9813066,33,7.467529604,-9.50E-05,2.41391979,7,0.00033309,FALSE,FALSE,FALSE,FALSE,['Filter Clogging'],-1,Outlier
2026-01-07 08:30:00+08:00,27.86511777,251.6094748,36,7.481997851,-7.39E-05,-0.497851305,9,0.00027431,FALSE,FALSE,FALSE,FALSE,['Filter Clogging'],-1,Outlier
2026-01-07 08:45:00+08:00,27.78416519,249.6911157,39,7.447704619,-8.99E-05,-2.29296667,10,0.000293753,FALSE,FALSE,FALSE,FALSE,['Filter Clogging'],-1,Outlier
2026-01-07 09:00:00+08:00,28.11525667,251.132908,34,7.519918985,0.000367879,-0.757040879,12,0.000720003,FALSE,FALSE,FALSE,FALSE,['Filter Clogging'],-1,Outlier
2026-01-07 09:15:00+08:00,27.94969551,254.7225452,38,7.447592262,-0.000183957,2.295075115,10,0.000899418,FALSE,FALSE,FALSE,FALSE,['Filter Clogging'],-1,Outlier
2026-01-07 09:30:00+08:00,28.16884611,250.3998555,38,7.503934334,0.000243501,-1.111324334,9,0.00106584,FALSE,FALSE,FALSE,FALSE,['Filter Clogging'],-1,Outlier
2026-01-07 09:45:00+08:00,28.04205667,256.2139638,40,7.52792429,-0.000140877,3.781886141,2,0.001528292,FALSE,FALSE,FALSE,FALSE,['Filter Clogging'],-1,Outlier
2026-01-07 10:00:00+08:00,27.86132039,253.6805052,36,7.482244756,-0.000200818,0.45054964,7,0.001046557,FALSE,FALSE,FALSE,FALSE,['Filter Clogging'],-1,Outlier
2026-01-07 10:15:00+08:00,28.1572518,253.5808835,38,7.572004775,0.000328813,-0.138667117,6,0.002203652,FALSE,FALSE,FALSE,FALSE,['Filter Clogging'],-1,Outlier
2026-01-07 10:30:00+08:00,28.25907122,252.6912999,37,7.460976411,0.000113133,-0.622001688,10,0.001843658,FALSE,FALSE,FALSE,FALSE,['Filter Clogging'],-1,Outlier
2026-01-07 10:45:00+08:00,28.18358297,249.7529755,36,7.425420025,-8.39E-05,-3.430950084,12,0.003291787,FALSE,FALSE,FALSE,FALSE,['Filter Clogging'],-1,Outlier
2026-01-07 11:00:00+08:00,27.90209053,255.9578188,40,7.495194918,-0.000312769,2.825122266,2,0.00294619,FALSE,FALSE,FALSE,FALSE,['Filter Clogging'],-1,Outlier
2026-01-07 11:15:00+08:00,28.2350157,251.7355624,36,7.58096128,0.000369917,-1.008145588,12,0.004652169,FALSE,FALSE,FALSE,FALSE,['Filter Clogging'],-1,Outlier
2026-01-07 11:30:00+08:00,28.01501374,255.241948,40,7.543806715,-0.000244447,2.166027058,2,0.003893443,FALSE,FALSE,FALSE,FALSE,['Filter Clogging'],-1,Outlier
2026-01-07 11:45:00+08:00,27.99588538,252.8888299,41,7.368335773,-2.13E-05,-0.226597039,0,0.007476399,FALSE,FALSE,FALSE,FALSE,['Filter Clogging'],-1,Outlier
2026-01-07 12:00:00+08:00,27.87824678,251.2928458,43,7.514416913,-0.00013071,-2.130555189,2,0.006509672,FALSE,FALSE,FALSE,FALSE,['Filter Clogging'],-1,Outlier
2026-01-07 12:15:00+08:00,28.08763305,252.5758571,40,7.458264973,0.000232651,-0.171151576,1,0.00688119,FALSE,FALSE,FALSE,FALSE,['Filter Clogging'],-1,Outlier
2026-01-07 12:30:00+08:00,27.89579524,252.6474182,40,7.53715423,-0.000213153,-0.281961575,2,0.005341782,FALSE,FALSE,FALSE,FALSE,['Filter Clogging'],-1,Outlier
2026-01-07 12:45:00+08:00,27.99778841,253.0461516,43,7.571582944,0.000113326,0.555931074,3,0.006321192,FALSE,FALSE,FALSE,FALSE,['Filter Clogging'],-1,Outlier
2026-01-07 13:00:00+08:00,28.02826485,253.0244795,43,7.513058221,3.39E-05,0.50712905,3,0.001709885,FALSE,FALSE,FALSE,FALSE,['Filter Clogging'],-1,Outlier
2026-01-07 13:15:00+08:00,28.2952639,250.5385275,42,7.564146805,0.000296666,-1.827959233,3,0.002093139,FALSE,FALSE,FALSE,FALSE,['Filter Clogging'],-1,Outlier
2026-01-07 13:30:00+08:00,28.12073997,250.0406264,47,7.518244659,-0.000193915,-1.818814279,0,0.000696074,FALSE,FALSE,FALSE,FALSE,['Filter Clogging'],-1,Outlier
2026-01-07 13:45:00+08:00,28.54958695,253.8926439,44,7.474566274,0.000476497,1.784158124,0,0.001594785,FALSE,FALSE,FALSE,FALSE,['Filter Clogging'],-1,Outlier
2026-01-07 14:00:00+08:00,28.07569401,252.1197275,42,7.444042792,-0.000526548,0.196526575,0,0.002089188,FALSE,FALSE,FALSE,FALSE,['Filter Clogging'],-1,Outlier
2026-01-07 14:15:00+08:00,28.24958559,251.7996028,47,7.458129431,0.000193213,0.121377212,4,0.002411209,FALSE,FALSE,FALSE,FALSE,['Filter Clogging'],-1,Outlier
2026-01-07 14:30:00+08:00,27.92612575,252.876446,49,7.511180853,-0.0003594,0.730636671,1,0.001057017,FALSE,FALSE,FALSE,FALSE,['Filter Clogging'],-1,Outlier
2026-01-07 14:45:00+08:00,28.0153217,254.8555873,44,7.417354293,9.91E-05,1.746785823,0,0.00122572,FALSE,FALSE,FALSE,FALSE,['Filter Clogging'],-1,Outlier
2026-01-07 15:00:00+08:00,27.92376726,256.0171602,47,7.50671172,-0.000101727,2.483455435,1,0.001649554,FALSE,FALSE,FALSE,FALSE,['Filter Clogging'],-1,Outlier
2026-01-07 15:15:00+08:00,27.97939321,252.5860636,49,7.538074615,6.18E-05,-1.040908396,3,0.002315849,FALSE,FALSE,FALSE,FALSE,['Filter Clogging'],-1,Outlier
2026-01-07 15:30:00+08:00,27.90501386,255.063185,47,7.526395826,-8.26E-05,0.783496544,4,0.002286693,FALSE,FALSE,FALSE,FALSE,['Filter Clogging'],-1,Outlier
2026-01-07 15:45:00+08:00,28.26396782,253.2978619,47,7.482565325,0.000398838,-1.0661097,3,0.002289681,FALSE,FALSE,FALSE,FALSE,['Filter Clogging'],-1,Outlier
2026-01-07 16:00:00+08:00,27.6561082,252.4038436,50,7.474739874,-0.0006754,-1.469779226,2,0.0007428,FALSE,FALSE,FALSE,FALSE,['Filter Clogging'],-1,Outlier
2026-01-07 16:15:00+08:00,28.28929387,254.7251121,49,7.612426737,0.00070354,1.109898878,1,0.003031543,FALSE,FALSE,FALSE,FALSE,['Filter Clogging'],-1,Outlier
2026-01-07 16:30:00+08:00,28.34751188,253.5875464,46,7.419304708,6.47E-05,-0.227963432,3,0.005185663,FALSE,FALSE,FALSE,FALSE,['Filter Clogging'],-1,Outlier
2026-01-07 16:45:00+08:00,27.43677383,250.2777753,45,7.537029803,-0.001011931,-2.580652548,1,0.005332214,FALSE,FALSE,FALSE,FALSE,['Filter Clogging'],-1,Outlier
2026-01-07 17:00:00+08:00,28.44663885,250.172104,49,7.510781682,0.001122072,-2.061172287,4,0.005171925,FALSE,FALSE,FALSE,FALSE,['Filter Clogging'],-1,Outlier
2026-01-07 17:15:00+08:00,27.86462352,251.8595205,48,7.556769042,-0.000646684,-0.264891168,4,0.005036371,FALSE,FALSE,FALSE,FALSE,['Filter Clogging'],-1,Outlier
2026-01-07 17:30:00+08:00,27.94743265,249.8967292,49,7.502210613,9.20E-05,-1.262005882,3,0.002772648,FALSE,FALSE,FALSE,FALSE,['Filter Clogging'],-1,Outlier
2026-01-07 17:45:00+08:00,27.94780085,252.3023014,49,7.492026538,4.09E-07,1.400615292,3,0.000706413,FALSE,FALSE,FALSE,FALSE,['Filter Clogging'],-1,Outlier
2026-01-07 18:00:00+08:00,28.09088622,251.4203813,48,7.561003207,0.000158984,0.290174059,4,0.001028323,FALSE,FALSE,FALSE,FALSE,['Filter Clogging'],-1,Outlier
2026-01-07 18:15:00+08:00,27.91856059,249.4631715,54,7.547837967,-0.000191473,-1.525249249,2,0.001047703,FALSE,FALSE,FALSE,FALSE,['Filter Clogging'],-1,Outlier
2026-01-07 18:30:00+08:00,28.21562935,250.1380518,51,7.446255407,0.000330076,-0.506075287,1,0.002120011,FALSE,FALSE,FALSE,FALSE,['Filter Clogging'],-1,Outlier
2026-01-07 18:45:00+08:00,28.37263867,250.9667439,53,7.491710579,0.000174455,0.108613914,3,0.002182256,FALSE,FALSE,FALSE,FALSE,['Filter Clogging'],-1,Outlier
2026-01-07 19:00:00+08:00,28.413183,252.2271226,55,7.490326629,4.50E-05,1.384028342,2,0.002196212,FALSE,FALSE,FALSE,FALSE,['Filter Clogging'],-1,Outlier
2026-01-07 19:15:00+08:00,28.41861791,252.8270501,51,7.544385655,6.04E-06,1.702622114,3,0.001806286,FALSE,FALSE,FALSE,FALSE,['Filter Clogging'],-1,Outlier
2026-01-07 19:30:00+08:00,27.7451947,249.3757343,51,7.557961044,-0.000748248,-1.731206203,2,0.002048146,FALSE,FALSE,FALSE,FALSE,['Filter Clogging'],-1,Outlier
2026-01-07 19:45:00+08:00,28.30860911,253.4679724,53,7.521874403,0.000626016,1.695047726,4,0.000928045,FALSE,FALSE,FALSE,FALSE,['Filter Clogging'],-1,Outlier
2026-01-07 20:00:00+08:00,28.25171331,254.3001873,53,7.464051926,-6.32E-05,1.860573933,0,0.001489579,FALSE,FALSE,FALSE,FALSE,['Filter Clogging'],-1,Outlier
2026-01-07 20:15:00+08:00,27.9752986,247.9057547,51,7.47530762,-0.000307127,-3.669585074,1,0.001725384,FALSE,FALSE,FALSE,FALSE,['Filter Clogging'],-1,Outlier
2026-01-07 20:30:00+08:00,28.26636883,254.3913793,51,7.463089512,0.000323411,2.503173746,4,0.001759892,FALSE,FALSE,FALSE,FALSE,['Filter Clogging'],-1,Outlier
2026-01-07 20:45:00+08:00,27.94306365,252.7929472,54,7.535525963,-0.000359228,0.221299005,0,0.001170633,FALSE,FALSE,FALSE,FALSE,['Filter Clogging'],-1,Outlier
2026-01-07 21:00:00+08:00,27.66789823,248.4743524,56,7.453236236,-0.000305739,-3.098571786,4,0.001086577,FALSE,FALSE,FALSE,FALSE,['Filter Clogging'],-1,Outlier
2026-01-07 21:15:00+08:00,28.04894879,253.1865321,59,7.508884578,0.00042339,1.83633895,3,0.001170475,FALSE,FALSE,FALSE,FALSE,['Filter Clogging'],-1,Outlier
2026-01-07 21:30:00+08:00,28.18964962,249.2867701,57,7.538492898,0.000156334,-2.339626093,4,0.001592962,FALSE,FALSE,FALSE,FALSE,['Filter Clogging'],-1,Outlier
2026-01-07 21:45:00+08:00,28.09385772,251.8614486,56,7.573864215,-0.000106435,0.74103851,1,0.002011333,FALSE,FALSE,FALSE,FALSE,['Filter Clogging'],-1,Outlier
2026-01-07 22:00:00+08:00,27.81231364,251.1924913,57,7.452788191,-0.000312827,0.392172445,2,0.002820919,FALSE,FALSE,FALSE,FALSE,['Filter Clogging'],-1,Outlier
2026-01-07 22:15:00+08:00,27.85481397,254.1992294,58,7.485970969,4.72E-05,2.253935078,2,0.002180577,FALSE,FALSE,FALSE,FALSE,['Filter Clogging'],-1,Outlier
2026-01-07 22:30:00+08:00,27.84233738,251.5159687,57,7.508975662,-1.39E-05,-0.095212887,3,0.002180437,FALSE,FALSE,FALSE,FALSE,['Filter Clogging'],-1,Outlier
2026-01-07 22:45:00+08:00,27.92352776,250.4398341,60,7.479949224,9.02E-05,-1.401960348,1,0.002090952,FALSE,FALSE,FALSE,FALSE,['Filter Clogging'],-1,Outlier
2026-01-07 23:00:00+08:00,28.12055725,253.8471172,62,7.597239106,0.000218922,1.608189036,0,0.003059894,FALSE,FALSE,FALSE,FALSE,['Filter Clogging'],-1,Outlier
2026-01-07 23:15:00+08:00,28.01910969,251.9961597,60,7.56538058,-0.00011272,-0.403502077,2,0.002656842,FALSE,FALSE,FALSE,FALSE,['Filter Clogging'],-1,Outlier
2026-01-07 23:30:00+08:00,28.26526713,252.3215359,60,7.458570093,0.000273508,0.29741274,1,0.003376012,FALSE,FALSE,FALSE,FALSE,['Filter Clogging'],-1,Outlier
2026-01-07 23:45:00+08:00,27.96657494,251.1361871,60,7.487628089,-0.00033188,-0.811979723,1,0.00360642,FALSE,FALSE,FALSE,FALSE,['Filter Clogging'],-1,Outlier
2026-01-08 00:00:00+08:00,28.11066014,252.2739269,60,7.44881302,0.000160095,-0.041058412,2,0.004388852,FALSE,FALSE,FALSE,FALSE,['Filter Clogging'],-1,Outlier
2026-01-08 00:15:00+08:00,28.09375156,248.6616581,64,7.513118645,-1.88E-05,-2.616235416,3,0.002198997,FALSE,FALSE,FALSE,FALSE,['Filter Clogging'],-1,Outlier
2026-01-08 00:30:00+08:00,28.25243441,252.1092463,63,7.503560751,0.000176314,0.808735402,2,0.000778669,FALSE,FALSE,FALSE,FALSE,['Filter Clogging'],-1,Outlier
2026-01-08 00:45:00+08:00,27.96095028,252.0499919,64,7.488392607,-0.000323871,0.803789872,2,0.000602134,FALSE,FALSE,FALSE,FALSE,['Filter Clogging'],-1,Outlier
2026-01-08 01:00:00+08:00,27.58349018,254.9793128,63,7.49454121,-0.0004194,2.964485622,4,0.000609361,FALSE,FALSE,FALSE,FALSE,['Filter Clogging'],-1,Outlier
2026-01-08 01:15:00+08:00,27.85231864,251.3989294,62,7.533203383,0.000298698,-0.440898343,1,0.000309097,FALSE,FALSE,FALSE,FALSE,['Filter Clogging'],-1,Outlier
2026-01-08 01:30:00+08:00,27.93728693,248.7510388,64,7.445330907,9.44E-05,-3.106665057,0,0.001005947,FALSE,FALSE,FALSE,FALSE,['Filter Clogging'],-1,Outlier
2026-01-08 01:45:00+08:00,27.7745212,250.9221333,3,7.485354924,-0.000180851,-0.698147978,-61,0.000976156,FALSE,FALSE,FALSE,FALSE,['Normal'],-1,Outlier
2026-01-08 02:00:00+08:00,27.67139631,254.9506685,4,7.536110407,-0.000114583,2.750251925,1,0.001408363,FALSE,FALSE,FALSE,FALSE,['Normal'],1,Inlier
2026-01-08 02:15:00+08:00,28.14993619,252.2259428,3,7.512102702,0.000531711,0.576200263,-1,0.001431699,FALSE,FALSE,FALSE,FALSE,['Normal'],1,Inlier
2026-01-08 02:30:00+08:00,28.24309807,249.5157342,2,7.468350583,0.000103513,-1.757369327,-1,0.001274697,FALSE,FALSE,FALSE,FALSE,['Normal'],1,Inlier
2026-01-08 02:45:00+08:00,28.14703284,255.6922004,3,7.431945853,-0.000106739,3.030864563,1,0.001605796,FALSE,FALSE,FALSE,FALSE,['Normal'],1,Inlier
2026-01-08 03:00:00+08:00,28.10478373,257.6447337,5,7.367816744,-4.69E-05,3.63887781,2,0.004452174,FALSE,FALSE,FALSE,FALSE,['Normal'],1,Inlier
2026-01-08 03:15:00+08:00,28.53850436,241.5457262,4,7.517182433,0.000481912,-9.779141226,-1,0.003834422,FALSE,FALSE,FALSE,FALSE,['Normal'],-1,Outlier
2026-01-08 03:30:00+08:00,28.3932463,242.8864187,4,7.521989975,-0.000161398,-6.570543903,0,0.004114123,FALSE,FALSE,FALSE,FALSE,['Normal'],1,Inlier
2026-01-08 03:45:00+08:00,28.74342245,250.8422143,3,7.514740447,0.000389085,1.119955645,-1,0.00470442,FALSE,FALSE,FALSE,FALSE,['Normal'],1,Inlier
2026-01-08 04:00:00+08:00,28.54648689,247.1418958,3,7.542544648,-0.000218817,-0.870301944,0,0.005005818,FALSE,FALSE,FALSE,FALSE,['Normal'],1,Inlier
2026-01-08 04:15:00+08:00,28.18961857,248.4165223,4,7.466407257,-0.00039652,2.249966851,1,0.00078605,FALSE,FALSE,FALSE,FALSE,['Normal'],1,Inlier
2026-01-08 04:30:00+08:00,28.78070292,251.5469176,2,7.433141227,0.00065676,3.380123793,-2,0.002004942,FALSE,FALSE,FALSE,FALSE,['Normal'],-1,Outlier
2026-01-08 04:45:00+08:00,28.73599475,251.1133085,5,7.608901184,-4.97E-05,1.301136816,3,0.004655288,FALSE,FALSE,FALSE,FALSE,['Normal'],1,Inlier
2026-01-08 05:00:00+08:00,28.12605148,253.4495767,6,7.463583106,-0.000677715,3.115932495,1,0.005137943,FALSE,FALSE,FALSE,FALSE,['Normal'],-1,Outlier
2026-01-08 05:15:00+08:00,28.6549686,247.1513643,2,7.546329084,0.000587686,-3.184173595,-4,0.005215795,FALSE,FALSE,FALSE,FALSE,['Normal'],-1,Outlier
2026-01-08 05:30:00+08:00,28.53092383,248.7582593,4,7.470606865,-0.000137828,-1.645625977,2,0.005141073,FALSE,FALSE,FALSE,FALSE,['Normal'],1,Inlier
2026-01-08 05:45:00+08:00,28.84047344,235.5709493,3,7.494333515,0.000343944,-11.63774235,-1,0.003706292,FALSE,FALSE,FALSE,FALSE,['Normal'],-1,Outlier
2026-01-08 06:00:00+08:00,28.51265334,243.2445036,2,7.459580989,-0.000364245,-2.390426989,-1,0.001285636,FALSE,FALSE,FALSE,FALSE,['Normal'],-1,Outlier
2026-01-08 06:15:00+08:00,28.65673514,246.4888422,5,7.53461017,0.000160091,2.246058454,3,0.001467012,FALSE,FALSE,FALSE,FALSE,['Normal'],1,Inlier
2026-01-08 06:30:00+08:00,28.85052738,244.2596166,4,7.565305284,0.000215325,0.595182404,-1,0.001968244,FALSE,FALSE,FALSE,FALSE,['Normal'],1,Inlier
2026-01-08 06:45:00+08:00,29.36631537,245.9301232,4,7.44564685,0.000573098,2.831316229,0,0.002520665,FALSE,FALSE,FALSE,FALSE,['Normal'],-1,Outlier
2026-01-08 07:00:00+08:00,28.99020076,248.4749103,3,7.493263876,-0.000417905,2.795311089,-1,0.002523868,FALSE,FALSE,FALSE,FALSE,['Normal'],1,Inlier
2026-01-08 07:15:00+08:00,28.97562699,244.0774649,4,7.52657315,-1.62E-05,-1.768726506,1,0.002078251,FALSE,FALSE,FALSE,FALSE,['Normal'],1,Inlier
2026-01-08 07:30:00+08:00,28.79908217,242.2939897,3,7.560550432,-0.000196161,-2.713231223,-1,0.002492081,FALSE,FALSE,FALSE,FALSE,['Normal'],1,Inlier
2026-01-08 07:45:00+08:00,29.19751661,248.8205856,4,7.516173699,0.000442705,2.901170845,1,0.001819353,FALSE,FALSE,FALSE,FALSE,['Normal'],1,Inlier
2026-01-08 08:00:00+08:00,28.39507074,246.3555071,3,7.505321874,-0.000891607,0.351015606,-1,0.000657936,FALSE,FALSE,FALSE,FALSE,['Normal'],1,Inlier
2026-01-08 08:15:00+08:00,28.49148685,251.2102533,3,7.545610408,0.000107129,4.658693148,0,0.000496339,FALSE,FALSE,FALSE,FALSE,['Normal'],1,Inlier
2026-01-08 08:30:00+08:00,28.45767488,246.1823256,2,7.513509706,-3.76E-05,-0.790206666,-1,0.000558378,FALSE,FALSE,FALSE,FALSE,['Normal'],1,Inlier
2026-01-08 08:45:00+08:00,28.39140224,243.8862852,4,7.534678334,-7.36E-05,-3.404706185,2,0.000274194,FALSE,FALSE,FALSE,FALSE,['Normal'],1,Inlier
2026-01-08 09:00:00+08:00,29.51965652,248.3174251,4,7.567203528,0.001253616,1.127065812,0,0.00061933,FALSE,FALSE,FALSE,FALSE,['Normal'],-1,Outlier
2026-01-08 09:15:00+08:00,29.23351017,239.0014139,4,7.379206919,-0.00031794,-6.71812673,0,0.005562335,FALSE,FALSE,FALSE,FALSE,['Normal'],-1,Outlier
2026-01-08 09:30:00+08:00,29.25116037,237.6435872,3,7.60115357,1.96E-05,-5.362620157,-1,0.007222684,FALSE,FALSE,FALSE,FALSE,['Normal'],-1,Outlier
2026-01-08 09:45:00+08:00,28.94569457,242.9958552,5,7.448920959,-0.000339406,0.626941891,2,0.008239188,FALSE,FALSE,FALSE,FALSE,['Normal'],-1,Outlier
2026-01-08 10:00:00+08:00,29.2470904,244.7962501,5,7.490356072,0.000334884,2.245343798,0,0.008001692,FALSE,FALSE,FALSE,FALSE,['Normal'],-1,Outlier
2026-01-08 10:15:00+08:00,29.73234804,239.6670385,4,7.528091905,0.000539175,-1.15379048,-1,0.00694195,FALSE,FALSE,FALSE,FALSE,['Normal'],-1,Outlier
2026-01-08 10:30:00+08:00,29.05288382,244.0059863,5,7.468217234,-0.00075496,2.184242804,1,0.003615864,FALSE,FALSE,FALSE,FALSE,['Normal'],-1,Outlier
2026-01-08 10:45:00+08:00,29.09529548,241.8717838,3,7.463749512,4.71E-05,-0.795598934,-2,0.000947203,FALSE,FALSE,FALSE,FALSE,['Normal'],1,Inlier
2026-01-08 11:00:00+08:00,29.155066,243.9473639,3,7.474947931,6.64E-05,1.089679402,0,0.000679966,FALSE,FALSE,FALSE,FALSE,['Normal'],1,Inlier
2026-01-08 11:15:00+08:00,28.93365212,232.6578514,5,7.470190558,-0.000246015,-7.772153371,2,0.000708022,FALSE,FALSE,FALSE,FALSE,['Normal'],-1,Outlier
2026-01-08 11:30:00+08:00,30.19500015,250.9059026,4,7.478574054,0.001401498,8.228125023,-1,3.35E-05,FALSE,FALSE,FALSE,FALSE,['Pump Degradation'],-1,Outlier
2026-01-08 11:45:00+08:00,29.6545257,256.1740537,4,7.475880196,-0.000600527,11.06266263,0,3.40E-05,FALSE,FALSE,FALSE,FALSE,['Pump Degradation'],-1,Outlier
2026-01-08 12:00:00+08:00,29.72904696,243.2960301,3,7.417715078,8.28E-05,-2.100210272,-1,0.000663142,FALSE,FALSE,FALSE,FALSE,['Pump Degradation'],1,Inlier
2026-01-08 12:15:00+08:00,29.32602429,249.6845283,3,7.459912789,-0.000447803,3.140855088,0,0.000622003,FALSE,FALSE,FALSE,FALSE,['Pump Degradation'],1,Inlier
2026-01-08 12:30:00+08:00,29.26877998,239.3918146,4,7.394918268,-6.36E-05,-8.498651304,1,0.00138876,FALSE,FALSE,FALSE,FALSE,['Pump Degradation'],-1,Outlier
2026-01-08 12:45:00+08:00,30.10998498,242.2148814,3,7.498997007,0.000934672,-3.937380266,-1,0.001810935,FALSE,FALSE,FALSE,FALSE,['Pump Degradation'],-1,Outlier
2026-01-08 13:00:00+08:00,29.41983719,244.1509872,3,7.446399171,-0.000766831,0.403338859,0,0.001595678,FALSE,FALSE,FALSE,FALSE,['Pump Degradation'],-1,Outlier
2026-01-08 13:15:00+08:00,29.71094493,244.9287125,3,7.455805872,0.000323453,0.854527685,0,0.00139309,FALSE,FALSE,FALSE,FALSE,['Pump Degradation'],1,Inlier
2026-01-08 13:30:00+08:00,29.92194124,247.1450278,3,7.499797136,0.00023444,3.578743117,0,0.001884863,FALSE,FALSE,FALSE,FALSE,['Pump Degradation'],1,Inlier
2026-01-08 13:45:00+08:00,29.72489067,247.3525912,2,7.530409437,-0.000218945,2.194151188,-1,0.001202749,FALSE,FALSE,FALSE,FALSE,['Pump Degradation'],1,Inlier
2026-01-08 14:00:00+08:00,29.59609094,246.0927229,4,7.470984251,-0.000143111,0.158714596,2,0.001181597,FALSE,FALSE,FALSE,FALSE,['Pump Degradation'],1,Inlier
2026-01-08 14:15:00+08:00,29.90771431,243.3120838,4,7.479410185,0.000346248,-2.454143804,0,0.000833733,FALSE,FALSE,FALSE,FALSE,['Pump Degradation'],1,Inlier
2026-01-08 14:30:00+08:00,30.21058931,251.8038748,5,7.398963731,0.000336528,4.662614706,1,0.002374507,FALSE,FALSE,FALSE,FALSE,['Pump Degradation'],-1,Outlier
2026-01-08 14:45:00+08:00,30.22084716,241.2182623,5,7.498467538,1.14E-05,-4.737644735,0,0.002358982,FALSE,FALSE,FALSE,FALSE,['Pump Degradation'],-1,Outlier
2026-01-08 15:00:00+08:00,29.96831772,236.3265584,4,7.49889783,-0.000280588,-7.424141999,-1,0.001694753,FALSE,FALSE,FALSE,FALSE,['Pump Degradation'],-1,Outlier
2026-01-08 15:15:00+08:00,29.95363185,243.1994123,3,7.531121352,-1.63E-05,0.027373939,-1,0.002467345,FALSE,FALSE,FALSE,FALSE,['Pump Degradation'],1,Inlier
2026-01-08 15:30:00+08:00,30.60754977,256.336446,3,7.451255658,0.000726575,10.55953529,0,0.0026535,FALSE,FALSE,FALSE,FALSE,['Pump Degradation'],-1,Outlier
2026-01-08 15:45:00+08:00,30.5996436,245.0269696,2,7.486951228,-8.78E-06,0.605439887,-1,0.00082413,FALSE,FALSE,FALSE,FALSE,['Pump Degradation'],-1,Outlier
2026-01-08 16:00:00+08:00,29.98448323,242.2115361,3,7.404287668,-0.000683512,-2.408648424,1,0.002356584,FALSE,FALSE,FALSE,FALSE,['Pump Degradation'],-1,Outlier
2026-01-08 16:15:00+08:00,30.78397983,238.2568667,5,7.452083279,0.00088833,-6.749379441,2,0.002223882,FALSE,FALSE,FALSE,FALSE,['Pump Degradation'],-1,Outlier
2026-01-08 16:30:00+08:00,30.21325055,242.8542782,3,7.511370148,-0.000634144,-2.08294113,-2,0.001650297,FALSE,FALSE,FALSE,FALSE,['Pump Degradation'],-1,Outlier
2026-01-08 16:45:00+08:00,30.53019169,240.9618126,4,7.461728705,0.000352157,-0.900480026,1,0.001620214,FALSE,FALSE,FALSE,FALSE,['Pump Degradation'],-1,Outlier
2026-01-08 17:00:00+08:00,30.5210788,240.4900709,5,7.577899498,-1.01E-05,-0.464842013,1,0.004350769,FALSE,FALSE,FALSE,FALSE,['Pump Degradation'],-1,Outlier
2026-01-08 17:15:00+08:00,30.31222695,245.0172808,3,7.462915356,-0.000232058,3.501218992,-2,0.002775587,FALSE,FALSE,FALSE,FALSE,['Pump Degradation'],-1,Outlier
2026-01-08 17:30:00+08:00,31.18078746,244.7939169,3,7.468740997,0.000965067,1.970445009,0,0.002488632,FALSE,FALSE,FALSE,FALSE,['Pump Degradation'],-1,Outlier
2026-01-08 17:45:00+08:00,30.76563128,237.524408,4,7.568084107,-0.000461285,-4.233089855,1,0.003552722,FALSE,FALSE,FALSE,FALSE,['Pump Degradation'],-1,Outlier
2026-01-08 18:00:00+08:00,29.92409366,240.2770277,3,7.541326927,-0.000935042,-1.343513122,-1,0.002983366,FALSE,FALSE,FALSE,FALSE,['Pump Degradation'],-1,Outlier
2026-01-08 18:15:00+08:00,31.02911271,229.4833589,5,7.489669887,0.001227799,-9.935839579,2,0.002153378,FALSE,FALSE,FALSE,FALSE,['Pump Degradation'],-1,Outlier
2026-01-08 18:30:00+08:00,30.34415135,232.7975212,4,7.451841425,-0.000761068,-4.177725311,-1,0.002417279,FALSE,FALSE,FALSE,FALSE,['Pump Degradation'],-1,Outlier
2026-01-08 18:45:00+08:00,31.01604837,243.1622758,6,7.48307864,0.000746552,6.513357441,2,0.00220611,FALSE,FALSE,FALSE,FALSE,['Pump Degradation'],-1,Outlier
2026-01-08 19:00:00+08:00,31.14076783,237.8351923,2,7.492608187,0.000138577,1.124117112,-4,0.001032703,FALSE,FALSE,FALSE,FALSE,['Pump Degradation'],-1,Outlier
2026-01-08 19:15:00+08:00,30.51132885,246.0283905,2,7.463157346,-0.000699377,8.167042757,0,0.000315338,FALSE,FALSE,FALSE,FALSE,['Pump Degradation'],-1,Outlier
2026-01-08 19:30:00+08:00,30.81951583,246.5033679,6,7.493619177,0.00034243,5.238018371,4,0.00034531,FALSE,FALSE,FALSE,FALSE,['Pump Degradation'],-1,Outlier
2026-01-08 19:45:00+08:00,30.97807,242.3704761,5,7.464558585,0.000176171,-0.809464407,-1,0.000218566,FALSE,FALSE,FALSE,FALSE,['Pump Degradation'],-1,Outlier
2026-01-08 20:00:00+08:00,31.03834238,244.839973,2,7.565587851,6.70E-05,1.324493078,-3,0.0017317,FALSE,FALSE,FALSE,FALSE,['Pump Degradation'],-1,Outlier
2026-01-08 20:15:00+08:00,30.80703873,236.2932259,4,7.564745364,-0.000257004,-6.913860767,2,0.002653499,FALSE,FALSE,FALSE,FALSE,['Pump Degradation'],-1,Outlier
2026-01-08 20:30:00+08:00,30.37921097,245.5228317,6,7.443835428,-0.000475364,2.416856794,2,0.003183935,FALSE,FALSE,FALSE,FALSE,['Pump Degradation'],-1,Outlier
2026-01-08 20:45:00+08:00,30.82097543,239.0595919,3,7.538656907,0.000490849,-2.557627878,-3,0.003300244,FALSE,FALSE,FALSE,FALSE,['Pump Degradation'],-1,Outlier
2026-01-08 21:00:00+08:00,31.35102309,241.1819726,4,7.485497012,0.000588942,-0.197546469,1,0.002854854,FALSE,FALSE,FALSE,FALSE,['Pump Degradation'],-1,Outlier
2026-01-08 21:15:00+08:00,30.98610191,225.4850663,3,7.451835096,-0.000405468,-12.02347137,-1,0.002830839,FALSE,FALSE,FALSE,FALSE,['Pump Degradation'],-1,Outlier
2026-01-08 21:30:00+08:00,31.50337493,235.9892531,4,7.450099804,0.000574748,-1.458490017,1,0.001571275,FALSE,FALSE,FALSE,FALSE,['Pump Degradation'],-1,Outlier
2026-01-08 21:45:00+08:00,31.29107386,234.2965513,4,7.551945899,-0.00023589,-0.905935696,0,0.002279116,FALSE,FALSE,FALSE,FALSE,['Pump Degradation'],-1,Outlier
2026-01-08 22:00:00+08:00,31.11222331,231.0268116,3,7.480308567,-0.000198723,-2.569119368,-1,0.001704074,FALSE,FALSE,FALSE,FALSE,['Pump Degradation'],-1,Outlier
2026-01-08 22:15:00+08:00,31.71209977,237.7027336,2,7.484668976,0.000666529,4.802650402,-1,0.001703566,FALSE,FALSE,FALSE,FALSE,['Pump Degradation'],-1,Outlier
2026-01-08 22:30:00+08:00,31.47461807,239.996225,1,7.430191353,-0.000263869,4.193910076,-1,0.00214287,FALSE,FALSE,FALSE,FALSE,['Pump Degradation'],-1,Outlier
2026-01-08 22:45:00+08:00,31.45996198,234.4223375,4,7.49407609,-1.63E-05,-1.066594294,3,0.001884452,FALSE,FALSE,FALSE,FALSE,['Pump Degradation'],-1,Outlier
2026-01-08 23:00:00+08:00,31.79400593,235.0637956,3,7.398682225,0.00037116,-0.578585091,-1,0.001700363,FALSE,FALSE,FALSE,FALSE,['Pump Degradation'],-1,Outlier
2026-01-08 23:15:00+08:00,31.40440738,223.4601552,1,7.438990799,-0.000432887,-10.66889415,-2,0.00157236,FALSE,FALSE,FALSE,FALSE,['Pump Degradation'],-1,Outlier
2026-01-08 23:30:00+08:00,31.63074346,237.3073866,1,7.514785752,0.000251485,3.257406652,0,0.002286034,FALSE,FALSE,FALSE,FALSE,['Pump Degradation'],-1,Outlier
2026-01-08 23:45:00+08:00,31.43576191,228.0030001,4,7.476665585,-0.000216646,-3.648334931,3,0.002133501,FALSE,FALSE,FALSE,FALSE,['Pump Degradation'],-1,Outlier
2026-01-09 00:00:00+08:00,31.38506676,243.1208495,3,7.549183242,-5.63E-05,9.729812064,-1,0.003551928,FALSE,FALSE,FALSE,FALSE,['Pump Degradation'],-1,Outlier
2026-01-09 00:15:00+08:00,31.48183544,226.2499087,3,7.551595324,0.000107521,-5.378351339,0,0.00234284,FALSE,FALSE,FALSE,FALSE,['Pump Degradation'],-1,Outlier
2026-01-09 00:30:00+08:00,31.43887506,238.6339949,4,7.560389704,-4.77E-05,3.970966979,1,0.001208137,FALSE,FALSE,FALSE,FALSE,['Pump Degradation'],-1,Outlier
2026-01-09 00:45:00+08:00,31.78350275,235.8517217,4,7.546548231,0.00038292,1.479826751,0,0.001159967,FALSE,FALSE,FALSE,FALSE,['Pump Degradation'],-1,Outlier
2026-01-09 01:00:00+08:00,31.27551177,236.0941865,3,7.478206528,-0.000564434,0.104054246,-1,0.001114051,FALSE,FALSE,FALSE,FALSE,['Pump Degradation'],-1,Outlier
2026-01-09 01:15:00+08:00,31.38751316,234.0821819,5,7.472911172,0.000124446,-0.100216856,2,0.001819956,FALSE,FALSE,FALSE,FALSE,['Pump Degradation'],-1,Outlier
2026-01-09 01:30:00+08:00,32.16434346,232.314853,5,7.543102413,0.000863145,-3.08053457,0,0.001708411,FALSE,FALSE,FALSE,FALSE,['Pump Degradation'],-1,Outlier
2026-01-09 01:45:00+08:00,31.97628719,240.7484909,3,7.46829529,-0.000208951,4.930204049,-2,0.001555519,FALSE,FALSE,FALSE,FALSE,['Pump Degradation'],-1,Outlier
2026-01-09 02:00:00+08:00,31.8428261,228.1857537,5,7.500453478,-0.00014829,-6.099339476,2,0.000949428,FALSE,FALSE,FALSE,FALSE,['Pump Degradation'],-1,Outlier
2026-01-09 02:15:00+08:00,31.50731198,234.5060587,5,7.52892094,-0.000372793,0.53859106,0,0.001098998,FALSE,FALSE,FALSE,FALSE,['Pump Degradation'],-1,Outlier
2026-01-09 02:30:00+08:00,31.53371148,239.5433927,4,7.463943714,2.93E-05,4.483682892,-1,0.00124881,FALSE,FALSE,FALSE,FALSE,['Pump Degradation'],-1,Outlier
2026-01-09 02:45:00+08:00,31.94739201,238.6331503,4,7.455431456,0.000459645,2.309781052,0,0.000937979,FALSE,FALSE,FALSE,FALSE,['Pump Degradation'],-1,Outlier
2026-01-09 03:00:00+08:00,32.22659354,230.4825758,4,7.500513352,0.000310224,-3.787610419,0,0.000902113,FALSE,FALSE,FALSE,FALSE,['Pump Degradation'],-1,Outlier
2026-01-09 03:15:00+08:00,31.56623914,230.2392554,4,7.510774239,-0.000733727,-4.441631218,0,0.000978121,FALSE,FALSE,FALSE,FALSE,['Pump Degradation'],-1,Outlier
2026-01-09 03:30:00+08:00,31.76224807,229.2748455,3,7.385867261,0.000217788,-4.359798461,-1,0.002424199,FALSE,FALSE,FALSE,FALSE,['Pump Degradation'],-1,Outlier
2026-01-09 03:45:00+08:00,31.76792575,238.0755513,4,7.472215373,6.31E-06,4.73447563,1,0.00244052,FALSE,FALSE,FALSE,FALSE,['Pump Degradation'],-1,Outlier
2026-01-09 04:00:00+08:00,32.09028894,230.1551772,4,7.574724302,0.000358181,-1.490303793,0,0.004718313,FALSE,FALSE,FALSE,FALSE,['Pump Degradation'],-1,Outlier
2026-01-09 04:15:00+08:00,32.13033795,234.7875719,3,7.665707613,4.45E-05,2.28109167,-1,0.01114207,FALSE,FALSE,FALSE,FALSE,['Pump Degradation'],-1,Outlier
2026-01-09 04:30:00+08:00,32.38695329,226.1795671,3,7.471920122,0.000285128,-5.514975478,0,0.011659318,FALSE,FALSE,FALSE,FALSE,['Pump Degradation'],-1,Outlier
2026-01-09 04:45:00+08:00,32.81274839,230.9485531,5,7.505356887,0.000473106,-1.080731043,2,0.006854412,FALSE,FALSE,FALSE,FALSE,['Pump Degradation'],-1,Outlier
2026-01-09 05:00:00+08:00,32.76332615,229.2812769,3,7.425148419,-5.49E-05,-0.989152396,-2,0.008845256,FALSE,FALSE,FALSE,FALSE,['Pump Degradation'],-1,Outlier
2026-01-09 05:15:00+08:00,32.75480436,230.1966752,3,7.489000107,-9.47E-06,-0.082053611,0,0.008336777,FALSE,FALSE,FALSE,FALSE,['Pump Degradation'],-1,Outlier
2026-01-09 05:30:00+08:00,32.13421966,228.7047214,6,7.506059146,-0.000689539,-0.357437328,3,0.001118942,FALSE,FALSE,FALSE,FALSE,['Pump Degradation'],-1,Outlier
2026-01-09 05:45:00+08:00,32.55038269,223.9426718,5,7.483592824,0.000462403,-4.672107905,-1,0.001101971,FALSE,FALSE,FALSE,FALSE,['Pump Degradation'],-1,Outlier
2026-01-09 06:00:00+08:00,32.50411669,227.4423345,6,7.478077312,-5.14E-05,-0.471201498,1,0.000929925,FALSE,FALSE,FALSE,FALSE,['Pump Degradation'],-1,Outlier
2026-01-09 06:15:00+08:00,32.21148796,230.1811227,5,7.483166879,-0.000325143,2.087617584,-1,0.000117093,FALSE,FALSE,FALSE,FALSE,['Pump Degradation'],-1,Outlier
2026-01-09 06:30:00+08:00,32.74322491,229.6510283,4,7.551067306,0.000590819,1.666652534,-1,0.000919241,FALSE,FALSE,FALSE,FALSE,['Pump Degradation'],-1,Outlier
2026-01-09 06:45:00+08:00,32.38929188,229.1275735,3,7.386041345,-0.000393259,1.058627325,-1,0.003460058,FALSE,FALSE,FALSE,FALSE,['Pump Degradation'],-1,Outlier
2026-01-09 07:00:00+08:00,32.98187377,225.1314168,3,7.460889875,0.000658424,-3.17527831,0,0.003481371,FALSE,FALSE,FALSE,FALSE,['Pump Degradation'],-1,Outlier
2026-01-09 07:15:00+08:00,32.45405415,234.8476586,2,7.574666611,-0.000586466,5.059898653,-1,0.005648085,FALSE,FALSE,FALSE,FALSE,['Pump Degradation'],-1,Outlier
2026-01-09 07:30:00+08:00,32.63171421,221.8031135,3,7.423881531,0.0001974,-6.309044626,1,0.006588163,FALSE,FALSE,FALSE,FALSE,['Pump Degradation'],-1,Outlier
2026-01-09 07:45:00+08:00,32.87806912,227.7742232,4,7.557986749,0.000273728,0.037426077,1,0.006846001,FALSE,FALSE,FALSE,FALSE,['Pump Degradation'],-1,Outlier
2026-01-09 08:00:00+08:00,32.7185233,229.3790159,5,7.557677726,-0.000177273,1.591930295,1,0.004614958,FALSE,FALSE,FALSE,FALSE,['Pump Degradation'],-1,Outlier
2026-01-09 08:15:00+08:00,33.3553166,225.7428475,3,7.465894769,0.000707548,-2.166524284,-2,0.004484509,FALSE,FALSE,FALSE,FALSE,['Pump Degradation'],-1,Outlier
2026-01-09 08:30:00+08:00,32.92320548,234.9797407,4,7.500802406,-0.000480123,7.043952555,1,0.003409805,FALSE,FALSE,FALSE,FALSE,['Pump Degradation'],-1,Outlier
2026-01-09 08:45:00+08:00,32.64331575,223.70586,6,7.476748841,-0.000310989,-4.610477447,2,0.0019237,FALSE,FALSE,FALSE,FALSE,['Pump Degradation'],-1,Outlier
2026-01-09 09:00:00+08:00,33.43576863,219.0307759,2,7.465783076,0.000880503,-7.536872086,-4,0.001495728,FALSE,FALSE,FALSE,FALSE,['Pump Degradation'],-1,Outlier
2026-01-09 09:15:00+08:00,33.0226148,238.1979927,4,7.410667997,-0.00045906,9.866549315,2,0.001092005,FALSE,FALSE,FALSE,FALSE,['Pump Degradation'],-1,Outlier
2026-01-09 09:30:00+08:00,33.29064827,233.0756776,2,7.500209786,0.000297815,3.277668226,-2,0.001360372,FALSE,FALSE,FALSE,FALSE,['Pump Degradation'],-1,Outlier
2026-01-09 09:45:00+08:00,33.1069188,221.6748295,3,7.470121282,-0.000204144,-5.462197632,1,0.001089035,FALSE,FALSE,FALSE,FALSE,['Pump Degradation'],-1,Outlier
2026-01-09 10:00:00+08:00,32.93416404,224.9276352,5,7.480288627,-0.00019195,-2.453747,2,0.001112855,FALSE,FALSE,FALSE,FALSE,['Pump Degradation'],-1,Outlier
2026-01-09 10:15:00+08:00,33.43135469,223.4766449,4,7.489460746,0.000552434,-4.793911037,-1,0.001229349,FALSE,FALSE,FALSE,FALSE,['Pump Degradation'],-1,Outlier
2026-01-09 10:30:00+08:00,33.19531939,224.0264233,4,7.404179394,-0.000262261,-1.40981879,0,0.001430746,FALSE,FALSE,FALSE,FALSE,['Pump Degradation'],-1,Outlier
2026-01-09 10:45:00+08:00,33.17965853,227.9618404,3,7.561703514,-1.74E-05,3.548365703,-1,0.003151196,FALSE,FALSE,FALSE,FALSE,['Pump Degradation'],-1,Outlier
2026-01-09 11:00:00+08:00,33.27679014,222.0073773,3,7.52199971,0.000107924,-2.472606895,0,0.003403376,FALSE,FALSE,FALSE,FALSE,['Pump Degradation'],-1,Outlier
2026-01-09 11:15:00+08:00,33.63087222,230.8367756,2,7.493283116,0.000393425,5.174963287,-1,0.003364133,FALSE,FALSE,FALSE,FALSE,['Pump Degradation'],-1,Outlier
2026-01-09 11:30:00+08:00,33.3766246,228.0268455,3,7.50262215,-0.000282497,1.454993082,1,0.003368081,FALSE,FALSE,FALSE,FALSE,['Pump Degradation'],-1,Outlier
2026-01-09 11:45:00+08:00,33.11970111,228.5871045,2,7.641870849,-0.000285471,1.103115858,-1,0.003665005,FALSE,FALSE,FALSE,FALSE,['Pump Degradation'],-1,Outlier
2026-01-09 12:00:00+08:00,33.30496427,223.6512894,3,7.508679906,0.000205848,-2.970589072,1,0.003765798,FALSE,FALSE,FALSE,FALSE,['Pump Degradation'],-1,Outlier
2026-01-09 12:15:00+08:00,33.5084415,231.8429761,3,7.484112621,0.000226086,3.25397791,0,0.004274361,FALSE,FALSE,FALSE,FALSE,['Pump Degradation'],-1,Outlier
2026-01-09 12:30:00+08:00,33.51205949,225.9164733,3,7.529751293,4.02E-06,-1.688464481,0,0.003941711,FALSE,FALSE,FALSE,FALSE,['Pump Degradation'],-1,Outlier
2026-01-09 12:45:00+08:00,33.0214094,223.3586421,4,7.494486545,-0.000545167,-3.312654989,1,0.004080176,FALSE,FALSE,FALSE,FALSE,['Pump Degradation'],-1,Outlier
2026-01-09 13:00:00+08:00,33.72186666,223.5488972,4,7.533652583,0.000778286,-2.114758396,0,0.000465508,FALSE,FALSE,FALSE,FALSE,['Pump Degradation'],-1,Outlier
2026-01-09 13:15:00+08:00,33.65475151,229.3659172,3,7.468950146,-7.46E-05,2.55933604,-1,0.000810135,FALSE,FALSE,FALSE,FALSE,['Pump Degradation'],-1,Outlier
2026-01-09 13:30:00+08:00,33.83303523,229.7529448,4,7.451331322,0.000198093,3.364369833,1,0.001321369,FALSE,FALSE,FALSE,FALSE,['Pump Degradation'],-1,Outlier
2026-01-09 13:45:00+08:00,33.9849557,224.0220653,2,7.498118038,0.000168801,-1.987628022,-2,0.000981887,FALSE,FALSE,FALSE,FALSE,['Pump Degradation'],-1,Outlier
2026-01-09 14:00:00+08:00,33.31756313,224.0406376,3,7.536901349,-0.000741547,-2.105454819,1,0.001451519,FALSE,FALSE,FALSE,FALSE,['Pump Degradation'],-1,Outlier
2026-01-09 14:15:00+08:00,33.84350161,229.7279833,2,7.498247749,0.000584376,2.346073661,-1,0.001067377,FALSE,FALSE,FALSE,FALSE,['Pump Degradation'],-1,Outlier
2026-01-09 14:30:00+08:00,33.54551614,223.5924951,4,7.518210778,-0.000331095,-2.634730134,2,0.001016754,FALSE,FALSE,FALSE,FALSE,['Pump Degradation'],-1,Outlier
2026-01-09 14:45:00+08:00,33.69580001,229.1766362,5,7.424008622,0.000166982,3.064672708,1,0.001838615,FALSE,FALSE,FALSE,FALSE,['Pump Degradation'],-1,Outlier
2026-01-09 15:00:00+08:00,33.92190425,219.116735,4,7.513707683,0.000251227,-6.01416242,-1,0.001910769,FALSE,FALSE,FALSE,FALSE,['Pump Degradation'],-1,Outlier
2026-01-09 15:15:00+08:00,27.77396046,249.8807536,4,8.578254315,-0.006831049,19.58183293,0,0.238936918,FALSE,FALSE,FALSE,FALSE,['Aeration Inefficiency'],-1,Outlier
2026-01-09 15:30:00+08:00,28.21285284,255.4576728,4,8.870753786,0.000487658,20.01281428,0,0.472787471,FALSE,FALSE,FALSE,FALSE,['Aeration Inefficiency'],-1,Outlier
2026-01-09 15:45:00+08:00,27.75567195,247.6947406,4,8.799817818,-0.000507979,7.42943294,0,0.504742136,FALSE,FALSE,FALSE,FALSE,['Aeration Inefficiency'],-1,Outlier
2026-01-09 16:00:00+08:00,27.81184336,247.113413,4,8.341499618,6.24E-05,3.260749979,0,0.30000245,FALSE,FALSE,FALSE,FALSE,['Aeration Inefficiency'],-1,Outlier
2026-01-09 16:15:00+08:00,27.79775684,255.2701839,4,8.777825367,-1.57E-05,4.186831149,0,0.046261235,FALSE,FALSE,FALSE,FALSE,['Aeration Inefficiency'],-1,Outlier
2026-01-09 16:30:00+08:00,28.13294751,255.6793726,4,8.520277675,0.000372434,3.43629599,0,0.049698279,FALSE,FALSE,FALSE,FALSE,['Aeration Inefficiency'],-1,Outlier
2026-01-09 16:45:00+08:00,28.14627966,249.5148768,4,8.193679767,1.48E-05,-1.539640597,0,0.070725041,FALSE,FALSE,FALSE,FALSE,['Aeration Inefficiency'],-1,Outlier
2026-01-09 17:00:00+08:00,28.14698385,252.4304226,4,8.50541207,7.82E-07,0.428768793,0,0.047844493,FALSE,FALSE,FALSE,FALSE,['Aeration Inefficiency'],1,Inlier
2026-01-09 17:15:00+08:00,27.54058948,252.4071991,4,9.104981179,-0.000673772,-0.653211869,0,0.11623463,FALSE,FALSE,FALSE,FALSE,['Aeration Inefficiency'],-1,Outlier
2026-01-09 17:30:00+08:00,27.89974288,252.9714498,4,8.284696382,0.000399059,0.370785606,0,0.126063045,FALSE,FALSE,FALSE,FALSE,['Aeration Inefficiency'],-1,Outlier
2026-01-09 17:45:00+08:00,28.29669428,251.2087283,4,8.156991986,0.000441057,-0.497806965,0,0.152736573,FALSE,FALSE,FALSE,FALSE,['Aeration Inefficiency'],-1,Outlier
2026-01-09 18:00:00+08:00,28.20737696,249.8679154,4,8.361728496,-9.92E-05,-1.909227619,0,0.136918733,FALSE,FALSE,FALSE,FALSE,['Aeration Inefficiency'],-1,Outlier
2026-01-09 18:15:00+08:00,27.77302963,251.3081622,4,8.328535862,-0.000482608,-0.244528789,0,0.141172644,FALSE,FALSE,FALSE,FALSE,['Aeration Inefficiency'],-1,Outlier
2026-01-09 18:30:00+08:00,28.1056489,256.8367304,4,7.746975406,0.000369577,4.398133183,0,0.063500086,FALSE,FALSE,FALSE,FALSE,['Aeration Inefficiency'],-1,Outlier
2026-01-09 18:45:00+08:00,28.26419648,257.2611787,4,8.795279988,0.000176164,3.964635659,0,0.143443233,FALSE,FALSE,FALSE,FALSE,['Aeration Inefficiency'],-1,Outlier
2026-01-09 19:00:00+08:00,28.43285924,256.3266898,4,8.676826975,0.000187403,2.006554524,0,0.166062198,FALSE,FALSE,FALSE,FALSE,['Aeration Inefficiency'],-1,Outlier
2026-01-09 19:15:00+08:00,27.62849758,249.6098663,4,8.454375328,-0.000893735,-4.6586592,0,0.166845892,FALSE,FALSE,FALSE,FALSE,['Aeration Inefficiency'],-1,Outlier
2026-01-09 19:30:00+08:00,27.95204106,250.2801192,4,8.450478704,0.000359493,-3.782797686,0,0.165438323,FALSE,FALSE,FALSE,FALSE,['Aeration Inefficiency'],-1,Outlier
2026-01-09 19:45:00+08:00,27.95557143,253.3959839,4,8.335849728,3.92E-06,0.021216371,0,0.035219913,FALSE,FALSE,FALSE,FALSE,['Aeration Inefficiency'],1,Inlier
2026-01-09 20:00:00+08:00,27.60998374,250.5544163,4,8.066005035,-0.000383986,-1.478998836,0,0.049437908,FALSE,FALSE,FALSE,FALSE,['Aeration Inefficiency'],-1,Outlier
2026-01-09 20:15:00+08:00,27.50384727,251.668009,4,8.65536195,-0.000117929,0.566330076,0,0.046523667,FALSE,FALSE,FALSE,FALSE,['Aeration Inefficiency'],-1,Outlier
2026-01-09 20:30:00+08:00,28.09461261,253.0851696,4,8.701974627,0.000656406,1.288429995,0,0.066455522,FALSE,FALSE,FALSE,FALSE,['Aeration Inefficiency'],-1,Outlier
2026-01-09 20:45:00+08:00,28.15592162,250.7999792,4,9.034931451,6.81E-05,-1.100732361,0,0.13726951,FALSE,FALSE,FALSE,FALSE,['Aeration Inefficiency'],-1,Outlier
2026-01-09 21:00:00+08:00,27.69917779,249.7345368,4,8.861938073,-0.000507493,-1.433885372,0,0.13397107,FALSE,FALSE,FALSE,FALSE,['Aeration Inefficiency'],-1,Outlier
2026-01-09 21:15:00+08:00,27.9368354,250.5469331,4,8.530014291,0.000264064,-0.619992463,0,0.038284591,FALSE,FALSE,FALSE,FALSE,['Aeration Inefficiency'],1,Inlier
2026-01-09 21:30:00+08:00,28.70628885,254.3211493,4,8.577049854,0.000854948,2.62359569,0,0.043484787,FALSE,FALSE,FALSE,FALSE,['Aeration Inefficiency'],-1,Outlier
2026-01-09 21:45:00+08:00,28.52478909,250.971573,4,8.558373183,-0.000201666,-0.303261291,0,0.050424156,FALSE,FALSE,FALSE,FALSE,['Aeration Inefficiency'],-1,Outlier
2026-01-09 22:00:00+08:00,27.99077704,252.7812789,4,8.104558736,-0.000593347,1.110184721,0,0.073534151,FALSE,FALSE,FALSE,FALSE,['Aeration Inefficiency'],-1,Outlier
2026-01-09 22:15:00+08:00,28.18717708,252.3672669,4,8.220632282,0.000218222,0.169626633,0,0.048193296,FALSE,FALSE,FALSE,FALSE,['Aeration Inefficiency'],1,Inlier
2026-01-09 22:30:00+08:00,27.73833521,251.8215594,4,8.729549603,-0.000498713,-0.63100609,0,0.069314383,FALSE,FALSE,FALSE,FALSE,['Aeration Inefficiency'],-1,Outlier
2026-01-09 22:45:00+08:00,27.96831778,254.7879615,4,7.796888897,0.000255536,2.242033533,0,0.136816741,FALSE,FALSE,FALSE,FALSE,['Aeration Inefficiency'],-1,Outlier
2026-01-09 23:00:00+08:00,27.9691506,249.945741,4,8.827307316,9.25E-07,-2.395020567,0,0.188444873,FALSE,FALSE,FALSE,FALSE,['Aeration Inefficiency'],-1,Outlier
2026-01-09 23:15:00+08:00,27.21873221,249.9042201,4,8.468866593,-0.000833798,-1.861129636,0,0.172869713,FALSE,FALSE,FALSE,FALSE,['Aeration Inefficiency'],-1,Outlier
2026-01-09 23:30:00+08:00,27.97781229,257.2546144,4,7.984574192,0.000843422,4.511795125,0,0.206205823,FALSE,FALSE,FALSE,FALSE,['Aeration Inefficiency'],-1,Outlier
2026-01-09 23:45:00+08:00,27.49660537,251.6929391,4,8.561110101,-0.000534674,-1.024156091,0,0.180877872,FALSE,FALSE,FALSE,FALSE,['Aeration Inefficiency'],-1,Outlier
2026-01-10 00:00:00+08:00,27.5173468,253.9648231,4,8.800132698,2.30E-05,1.412355566,0,0.115886232,FALSE,FALSE,FALSE,FALSE,['Aeration Inefficiency'],-1,Outlier
2026-01-10 00:15:00+08:00,27.91764071,252.235075,4,8.113329969,0.000444771,-0.775259351,0,0.111131787,FALSE,FALSE,FALSE,FALSE,['Aeration Inefficiency'],-1,Outlier
2026-01-10 00:30:00+08:00,27.36532618,254.1641598,4,8.295124181,-0.000613683,0.301837524,0,0.109935838,FALSE,FALSE,FALSE,FALSE,['Aeration Inefficiency'],-1,Outlier
2026-01-10 00:45:00+08:00,27.84410329,257.1216827,4,8.264189384,0.000531975,3.285946739,0,0.074364038,FALSE,FALSE,FALSE,FALSE,['Aeration Inefficiency'],-1,Outlier
2026-01-10 01:00:00+08:00,28.0934211,256.127833,4,8.813882037,0.00027702,1.405118281,0,0.106648273,FALSE,FALSE,FALSE,FALSE,['Aeration Inefficiency'],-1,Outlier
2026-01-10 01:15:00+08:00,28.05141956,251.7549067,4,8.456857269,-4.67E-05,-2.525824736,0,0.071378289,FALSE,FALSE,FALSE,FALSE,['Aeration Inefficiency'],1,Inlier
2026-01-10 01:30:00+08:00,28.12475721,257.4498985,4,8.88454921,8.15E-05,2.126202318,0,0.084157815,FALSE,FALSE,FALSE,FALSE,['Aeration Inefficiency'],-1,Outlier
2026-01-10 01:45:00+08:00,28.15912727,250.9564364,4,8.235517919,3.82E-05,-3.72571505,0,0.0922535,FALSE,FALSE,FALSE,FALSE,['Aeration Inefficiency'],-1,Outlier
2026-01-10 02:00:00+08:00,27.66311843,243.5145161,4,8.507953348,-0.000551121,-8.446202007,0,0.071618369,FALSE,FALSE,FALSE,FALSE,['Aeration Inefficiency'],-1,Outlier
2026-01-10 02:15:00+08:00,28.44300873,251.7477895,4,8.503901923,0.000866545,0.663080045,0,0.054548069,FALSE,FALSE,FALSE,FALSE,['Aeration Inefficiency'],-1,Outlier
2026-01-10 02:30:00+08:00,27.65984896,259.7796,4,8.453298956,-0.000870178,7.089951931,0,0.05465895,FALSE,FALSE,FALSE,FALSE,['Aeration Inefficiency'],-1,Outlier
2026-01-10 02:45:00+08:00,28.02468372,256.3268883,4,8.954395667,0.000405372,3.861842258,0,0.068469114,FALSE,FALSE,FALSE,FALSE,['Aeration Inefficiency'],-1,Outlier
2026-01-10 03:00:00+08:00,28.12264499,252.728023,4,8.775343151,0.000108846,-0.091340409,0,0.046993368,FALSE,FALSE,FALSE,FALSE,['Aeration Inefficiency'],-1,Outlier
2026-01-10 03:15:00+08:00,28.43226438,255.0420822,4,8.671558798,0.000344022,-0.08279441,0,0.041628493,FALSE,FALSE,FALSE,FALSE,['Aeration Inefficiency'],-1,Outlier
2026-01-10 03:30:00+08:00,28.08840735,253.8936098,4,8.168253009,-0.000382063,-1.660430911,0,0.092321103,FALSE,FALSE,FALSE,FALSE,['Aeration Inefficiency'],-1,Outlier
2026-01-10 03:45:00+08:00,27.89934325,251.2782132,4,8.718906238,-0.000210071,-2.575550069,0,0.086341214,FALSE,FALSE,FALSE,FALSE,['Aeration Inefficiency'],-1,Outlier
2026-01-10 04:00:00+08:00,28.09297945,250.4377008,4,7.835381637,0.000215151,-2.238224988,0,0.17077156,FALSE,FALSE,FALSE,FALSE,['Aeration Inefficiency'],-1,Outlier
2026-01-10 04:15:00+08:00,28.09511155,246.7744739,4,8.90587609,2.37E-06,-4.710742088,0,0.196464865,FALSE,FALSE,FALSE,FALSE,['Aeration Inefficiency'],-1,Outlier
2026-01-10 04:30:00+08:00,28.60857921,250.077386,4,8.537810112,0.00057052,-0.41489073,0,0.185894427,FALSE,FALSE,FALSE,FALSE,['Aeration Inefficiency'],-1,Outlier
2026-01-10 04:45:00+08:00,27.94308042,251.652961,4,8.761202356,-0.000739443,1.608814012,0,0.177648675,FALSE,FALSE,FALSE,FALSE,['Aeration Inefficiency'],-1,Outlier
2026-01-10 05:00:00+08:00,28.0612508,253.6138319,4,8.342025545,0.0001313,3.102561185,0,0.174573579,FALSE,FALSE,FALSE,FALSE,['Aeration Inefficiency'],-1,Outlier
2026-01-10 05:15:00+08:00,27.93837885,253.512358,4,8.639513509,-0.000136524,2.386155854,0,0.046143762,FALSE,FALSE,FALSE,FALSE,['Aeration Inefficiency'],-1,Outlier
2026-01-10 05:30:00+08:00,27.81403327,248.6011512,4,8.141971543,-0.000138162,-2.890386428,0,0.060265016,FALSE,FALSE,FALSE,FALSE,['Aeration Inefficiency'],-1,Outlier
2026-01-10 05:45:00+08:00,28.13708727,248.3404118,4,7.981768121,0.000358949,-2.80373099,0,0.107281507,FALSE,FALSE,FALSE,FALSE,['Aeration Inefficiency'],-1,Outlier
2026-01-10 06:00:00+08:00,28.29404024,256.6475366,4,8.413424925,0.000174392,4.504478678,0,0.064018835,FALSE,FALSE,FALSE,FALSE,['Aeration Inefficiency'],-1,Outlier
2026-01-10 06:15:00+08:00,28.29428179,248.2041901,4,8.338703015,2.68E-07,-2.856939447,0,0.063957442,FALSE,FALSE,FALSE,FALSE,['Aeration Inefficiency'],-1,Outlier
2026-01-10 06:30:00+08:00,27.57227463,255.8879779,4,8.438091606,-0.00080223,4.35172442,0,0.038188679,FALSE,FALSE,FALSE,FALSE,['Aeration Inefficiency'],-1,Outlier
2026-01-10 06:45:00+08:00,27.55374539,253.075154,4,8.332939369,-2.06E-05,0.644099904,0,0.033946026,FALSE,FALSE,FALSE,FALSE,['Aeration Inefficiency'],1,Inlier
2026-01-10 07:00:00+08:00,27.35253469,255.7145002,4,8.787733713,-0.000223567,1.808628474,0,0.035223059,FALSE,FALSE,FALSE,FALSE,['Aeration Inefficiency'],-1,Outlier
2026-01-10 07:15:00+08:00,27.78394313,251.4322383,4,8.996320597,0.000479343,-1.430573842,0,0.0889674,FALSE,FALSE,FALSE,FALSE,['Aeration Inefficiency'],-1,Outlier
2026-01-10 07:30:00+08:00,27.91855812,248.4223655,4,8.343237091,0.000149572,-4.484081668,0,0.088427299,FALSE,FALSE,FALSE,FALSE,['Aeration Inefficiency'],-1,Outlier
2026-01-10 07:45:00+08:00,28.03228721,248.9260444,4,8.727503505,0.000126366,-2.588016099,0,0.084692712,FALSE,FALSE,FALSE,FALSE,['Aeration Inefficiency'],-1,Outlier
2026-01-10 08:00:00+08:00,28.2003815,251.8997511,4,8.312625758,0.000186771,0.620771185,0,0.087869079,FALSE,FALSE,FALSE,FALSE,['Aeration Inefficiency'],1,Inlier
2026-01-10 08:15:00+08:00,28.30459658,249.385639,4,8.391307009,0.000115795,-0.627568653,0,0.088725579,FALSE,FALSE,FALSE,FALSE,['Aeration Inefficiency'],-1,Outlier
2026-01-10 08:30:00+08:00,27.85804227,251.0355123,4,8.930064045,-0.000496171,1.101649877,0,0.074956832,FALSE,FALSE,FALSE,FALSE,['Aeration Inefficiency'],-1,Outlier
2026-01-10 08:45:00+08:00,28.5218141,248.2528646,4,8.203364288,0.000737524,-1.647097653,0,0.092696866,FALSE,FALSE,FALSE,FALSE,['Aeration Inefficiency'],-1,Outlier
2026-01-10 09:00:00+08:00,27.6692535,255.7169586,4,8.700187336,-0.00094729,4.458813486,0,0.089916023,FALSE,FALSE,FALSE,FALSE,['Aeration Inefficiency'],-1,Outlier
2026-01-10 09:15:00+08:00,28.17607888,254.4689895,4,8.887590043,0.000563139,2.6969967,0,0.10000716,FALSE,FALSE,FALSE,FALSE,['Aeration Inefficiency'],-1,Outlier
2026-01-10 09:30:00+08:00,27.99242197,251.2675257,4,8.499026241,-0.000204063,-0.880844427,0,0.089875744,FALSE,FALSE,FALSE,FALSE,['Aeration Inefficiency'],1,Inlier
2026-01-10 09:45:00+08:00,28.75657043,253.9343547,4,8.43842623,0.000849054,1.206216032,0,0.067908744,FALSE,FALSE,FALSE,FALSE,['Aeration Inefficiency'],-1,Outlier
2026-01-10 10:00:00+08:00,27.50782504,259.192959,4,8.029730326,-0.001387495,4.276801524,0,0.103660683,FALSE,FALSE,FALSE,FALSE,['Aeration Inefficiency'],-1,Outlier
2026-01-10 10:15:00+08:00,27.85136461,252.2271785,4,7.939566465,0.000381711,-1.991023027,0,0.147416557,FALSE,FALSE,FALSE,FALSE,['Aeration Inefficiency'],-1,Outlier
2026-01-10 10:30:00+08:00,28.07967009,255.6415566,4,8.136032256,0.000253673,1.188841699,0,0.061701742,FALSE,FALSE,FALSE,FALSE,['Aeration Inefficiency'],-1,Outlier
2026-01-10 10:45:00+08:00,27.72639634,248.3784884,4,8.796906605,-0.000392526,-5.496419026,0,0.12271093,FALSE,FALSE,FALSE,FALSE,['Aeration Inefficiency'],-1,Outlier
2026-01-10 11:00:00+08:00,27.88253079,255.3880435,4,7.952330915,0.000173483,1.222398293,0,0.128579139,FALSE,FALSE,FALSE,FALSE,['Aeration Inefficiency'],-1,Outlier
2026-01-10 11:15:00+08:00,27.75449374,254.4647853,4,8.454166559,-0.000142263,1.244774859,0,0.134646774,FALSE,FALSE,FALSE,FALSE,['Aeration Inefficiency'],-1,Outlier
2026-01-10 11:30:00+08:00,28.23296447,255.4798221,4,8.730586616,0.000531634,1.609282895,0,0.134715579,FALSE,FALSE,FALSE,FALSE,['Aeration Inefficiency'],-1,Outlier
2026-01-10 11:45:00+08:00,28.08233809,256.6541994,4,8.47915303,-0.000167363,2.581131678,0,0.110572911,FALSE,FALSE,FALSE,FALSE,['Aeration Inefficiency'],-1,Outlier
2026-01-10 12:00:00+08:00,28.05088758,254.0411303,4,8.74277931,-3.49E-05,-1.164465833,0,0.102653359,FALSE,FALSE,FALSE,FALSE,['Aeration Inefficiency'],-1,Outlier
2026-01-10 12:15:00+08:00,28.45568636,250.3729031,4,8.624555505,0.000449776,-3.829664953,0,0.018429488,FALSE,FALSE,FALSE,FALSE,['Aeration Inefficiency'],-1,Outlier
2026-01-10 12:30:00+08:00,28.06124133,253.9236438,4,8.338454777,-0.000438272,-0.170695941,0,0.02990615,FALSE,FALSE,FALSE,FALSE,['Aeration Inefficiency'],-1,Outlier
2026-01-10 12:45:00+08:00,28.34326571,254.2056443,4,8.266857138,0.00031336,0.366140136,0,0.038719566,FALSE,FALSE,FALSE,FALSE,['Aeration Inefficiency'],-1,Outlier
2026-01-10 13:00:00+08:00,27.96417434,253.4717481,4,8.319254654,-0.000421213,0.268734174,0,0.044729048,FALSE,FALSE,FALSE,FALSE,['Aeration Inefficiency'],-1,Outlier
2026-01-10 13:15:00+08:00,27.77801379,253.6771216,4,7.964632512,-0.000206845,0.546909463,0,0.055179438,FALSE,FALSE,FALSE,FALSE,['Aeration Inefficiency'],1,Inlier
2026-01-10 13:30:00+08:00,27.75357707,251.7047566,4,8.455762619,-2.72E-05,-1.691826314,0,0.033718483,FALSE,FALSE,FALSE,FALSE,['Aeration Inefficiency'],1,Inlier
2026-01-10 13:45:00+08:00,27.72738825,259.8813109,4,8.382606872,-2.91E-05,5.293194617,0,0.03564182,FALSE,FALSE,FALSE,FALSE,['Aeration Inefficiency'],-1,Outlier
2026-01-10 14:00:00+08:00,27.94034622,250.3508454,4,9.098870953,0.00023662,-3.466311142,0,0.169529444,FALSE,FALSE,FALSE,FALSE,['Aeration Inefficiency'],-1,Outlier
2026-01-10 14:15:00+08:00,28.08237384,249.2209195,4,8.76143646,0.000157808,-3.746071339,0,0.181004472,FALSE,FALSE,FALSE,FALSE,['Aeration Inefficiency'],-1,Outlier
2026-01-10 14:30:00+08:00,27.97112265,257.1529713,4,8.288443728,-0.000123612,3.490810582,0,0.110008072,FALSE,FALSE,FALSE,FALSE,['Aeration Inefficiency'],-1,Outlier
2026-01-10 14:45:00+08:00,28.01333097,248.7777487,4,8.292123902,4.69E-05,-4.299010471,0,0.126954252,FALSE,FALSE,FALSE,FALSE,['Aeration Inefficiency'],-1,Outlier
2026-01-10 15:00:00+08:00,28.28292029,250.4262867,4,8.814118678,0.000299544,-0.759467615,0,0.124907852,FALSE,FALSE,FALSE,FALSE,['Aeration Inefficiency'],-1,Outlier
2026-01-10 15:15:00+08:00,28.13899696,254.2241601,4,8.845244369,-0.000159915,2.26374285,0,0.080976992,FALSE,FALSE,FALSE,FALSE,['Aeration Inefficiency'],-1,Outlier
2026-01-10 15:30:00+08:00,27.63607412,251.6356528,4,8.083075434,-0.000558803,-0.807711075,0,0.118348368,FALSE,FALSE,FALSE,FALSE,['Aeration Inefficiency'],-1,Outlier
2026-01-10 15:45:00+08:00,28.41307989,255.2188219,4,8.880403554,0.00086334,3.162287879,0,0.136292576,FALSE,FALSE,FALSE,FALSE,['Aeration Inefficiency'],-1,Outlier
2026-01-10 16:00:00+08:00,27.97542332,250.007978,4,8.395875896,-0.000486285,-2.294601871,0,0.123356337,FALSE,FALSE,FALSE,FALSE,['Aeration Inefficiency'],-1,Outlier
2026-01-10 16:15:00+08:00,27.94736964,249.7932492,4,9.080125763,-3.12E-05,-2.382723212,0,0.165488923,FALSE,FALSE,FALSE,FALSE,['Aeration Inefficiency'],-1,Outlier
2026-01-10 16:30:00+08:00,27.78636188,256.2923132,4,8.896962976,-0.000178898,3.702710181,0,0.170893176,FALSE,FALSE,FALSE,FALSE,['Aeration Inefficiency'],-1,Outlier
2026-01-10 16:45:00+08:00,27.87217065,250.54375,4,8.199599176,9.53E-05,-1.827472444,0,0.139571373,FALSE,FALSE,FALSE,FALSE,['Aeration Inefficiency'],-1,Outlier
2026-01-10 17:00:00+08:00,27.94648323,249.6101493,4,8.316249219,8.26E-05,-1.639338644,0,0.149684306,FALSE,FALSE,FALSE,FALSE,['Aeration Inefficiency'],-1,Outlier
2026-01-10 17:15:00+08:00,28.21988432,254.126994,4,8.465833094,0.000303779,2.053702835,0,0.144300966,FALSE,FALSE,FALSE,FALSE,['Aeration Inefficiency'],-1,Outlier
2026-01-10 17:30:00+08:00,27.70928455,258.3702277,4,8.254773448,-0.000567333,4.581540801,0,0.079002891,FALSE,FALSE,FALSE,FALSE,['Aeration Inefficiency'],-1,Outlier
2026-01-10 17:45:00+08:00,28.06396342,253.3983415,4,8.163683199,0.000394088,0.188448988,0,0.014119553,FALSE,FALSE,FALSE,FALSE,['Aeration Inefficiency'],1,Inlier
2026-01-10 18:00:00+08:00,28.12681685,247.5346075,4,8.623218132,6.98E-05,-5.073456459,0,0.032974648,FALSE,FALSE,FALSE,FALSE,['Aeration Inefficiency'],-1,Outlier
2026-01-10 18:15:00+08:00,28.2066852,250.6704848,4,8.527392196,8.87E-05,-2.149646325,0,0.03677047,FALSE,FALSE,FALSE,FALSE,['Aeration Inefficiency'],1,Inlier
2026-01-10 18:30:00+08:00,27.57579451,257.4268393,4,8.732573853,-0.00070099,3.946739108,0,0.058849854,FALSE,FALSE,FALSE,FALSE,['Aeration Inefficiency'],-1,Outlier
2026-01-10 18:45:00+08:00,28.52208021,250.6280866,4,8.735721615,0.001051429,-1.303585365,0,0.0556815,FALSE,FALSE,FALSE,FALSE,['Aeration Inefficiency'],-1,Outlier
2026-01-10 19:00:00+08:00,28.28524709,247.2585049,4,8.517143855,-0.000263148,-3.445199722,0,0.011242599,FALSE,FALSE,FALSE,FALSE,['Aeration Inefficiency'],-1,Outlier
2026-01-10 19:15:00+08:00,28.22529154,256.5320819,4,8.864907844,-6.66E-05,4.028882453,0,0.022442994,FALSE,FALSE,FALSE,FALSE,['Aeration Inefficiency'],-1,Outlier
2026-01-10 19:30:00+08:00,28.28135433,259.2529392,4,8.04219354,6.23E-05,5.033248805,0,0.105469009,FALSE,FALSE,FALSE,FALSE,['Aeration Inefficiency'],-1,Outlier
2026-01-10 19:45:00+08:00,28.03304147,250.7515909,4,8.374534454,-0.000275903,-2.133049748,0,0.103526654,FALSE,FALSE,FALSE,FALSE,['Aeration Inefficiency'],-1,Outlier
2026-01-10 20:00:00+08:00,27.73742826,256.0422067,4,8.633819275,-0.000328459,2.074741975,0,0.093944756,FALSE,FALSE,FALSE,FALSE,['Aeration Inefficiency'],-1,Outlier
2026-01-10 20:15:00+08:00,27.8151971,249.8181313,4,8.236467139,8.64E-05,-4.661258713,0,0.105402909,FALSE,FALSE,FALSE,FALSE,['Aeration Inefficiency'],-1,Outlier
2026-01-10 20:30:00+08:00,27.65698639,248.9538052,4,8.032341851,-0.00017579,-4.009929459,0,0.063151435,FALSE,FALSE,FALSE,FALSE,['Aeration Inefficiency'],-1,Outlier
2026-01-10 20:45:00+08:00,28.00510862,249.2443169,4,8.656723903,0.000386802,-1.71769331,0,0.070567106,FALSE,FALSE,FALSE,FALSE,['Aeration Inefficiency'],-1,Outlier
2026-01-10 21:00:00+08:00,27.91747213,253.1628015,4,8.720529998,-9.74E-05,1.71854918,0,0.0923917,FALSE,FALSE,FALSE,FALSE,['Aeration Inefficiency'],-1,Outlier
2026-01-10 21:15:00+08:00,27.80934162,253.4961635,4,8.850679675,-0.000120145,2.561119786,0,0.121080922,FALSE,FALSE,FALSE,FALSE,['Aeration Inefficiency'],-1,Outlier
2026-01-10 21:30:00+08:00,28.22299044,252.3286759,4,8.483526684,0.00045961,0.891523296,0,0.100814929,FALSE,FALSE,FALSE,FALSE,['Aeration Inefficiency'],-1,Outlier
2026-01-10 21:45:00+08:00,28.11276563,247.2346893,4,8.390964875,-0.000122472,-3.858640133,0,0.033937229,FALSE,FALSE,FALSE,FALSE,['Aeration Inefficiency'],-1,Outlier
2026-01-10 22:00:00+08:00,27.71068159,256.8104096,4,8.691915541,-0.00044676,4.203861661,0,0.034822572,FALSE,FALSE,FALSE,FALSE,['Aeration Inefficiency'],-1,Outlier
2026-01-10 22:15:00+08:00,27.56941374,253.8385691,4,8.443334069,-0.000156964,1.096867626,0,0.037299557,FALSE,FALSE,FALSE,FALSE,['Aeration Inefficiency'],1,Inlier
2026-01-10 22:30:00+08:00,27.83203591,254.4902065,4,8.557304797,0.000291802,1.549696465,0,0.01364686,FALSE,FALSE,FALSE,FALSE,['Aeration Inefficiency'],-1,Outlier
2026-01-10 22:45:00+08:00,28.04129302,258.0566643,4,8.212120879,0.000232508,3.970556572,0,0.032434225,FALSE,FALSE,FALSE,FALSE,['Aeration Inefficiency'],-1,Outlier
2026-01-10 23:00:00+08:00,28.20690997,251.9173696,4,8.455538076,0.000184019,-3.105274204,0,0.031067408,FALSE,FALSE,FALSE,FALSE,['Aeration Inefficiency'],-1,Outlier
2026-01-10 23:15:00+08:00,27.55273404,250.2162621,4,8.239183347,-0.000726862,-3.487552264,0,0.022288933,FALSE,FALSE,FALSE,FALSE,['Aeration Inefficiency'],-1,Outlier
2026-01-10 23:30:00+08:00,27.9651738,250.1204893,4,8.910847049,0.000458266,-2.839709073,0,0.080457606,FALSE,FALSE,FALSE,FALSE,['Aeration Inefficiency'],-1,Outlier
2026-01-10 23:45:00+08:00,28.36302381,253.5049494,4,8.818725924,0.000442056,0.741802418,0,0.104884066,FALSE,FALSE,FALSE,FALSE,['Aeration Inefficiency'],-1,Outlier
2026-01-11 00:00:00+08:00,27.96742026,255.0551115,4,8.611780966,-0.00043956,2.89227514,0,0.073850832,FALSE,FALSE,FALSE,FALSE,['Aeration Inefficiency'],-1,Outlier
2026-01-11 00:15:00+08:00,28.16630741,250.6498396,4,8.696474278,0.000220986,-1.259490739,0,0.067188643,FALSE,FALSE,FALSE,FALSE,['Aeration Inefficiency'],-1,Outlier
2026-01-11 00:30:00+08:00,28.01175663,261.5087964,4,8.202804379,-0.000171723,7.340959137,0,0.075024137,FALSE,FALSE,FALSE,FALSE,['Aeration Inefficiency'],-1,Outlier
2026-01-11 00:45:00+08:00,28.97446892,251.8219005,4,8.659082153,0.00106968,-2.686218976,0,0.054629346,FALSE,FALSE,FALSE,FALSE,['Aeration Inefficiency'],-1,Outlier
2026-01-11 01:00:00+08:00,27.89178638,249.63035,4,8.271584434,-0.001202981,-4.102849644,0,0.054056,FALSE,FALSE,FALSE,FALSE,['Aeration Inefficiency'],-1,Outlier
2026-01-11 01:15:00+08:00,27.74748645,251.4737995,4,8.313449325,-0.000160333,-1.543137715,0,0.053443962,FALSE,FALSE,FALSE,FALSE,['Aeration Inefficiency'],1,Inlier
2026-01-11 01:30:00+08:00,28.05415054,253.3513344,4,8.460728119,0.000340738,-0.205901716,0,0.032993348,FALSE,FALSE,FALSE,FALSE,['Aeration Inefficiency'],1,Inlier
2026-01-11 01:45:00+08:00,28.11275715,246.5896209,4,8.770925448,6.51E-05,-3.983780115,0,0.046776853,FALSE,FALSE,FALSE,FALSE,['Aeration Inefficiency'],-1,Outlier
2026-01-11 02:00:00+08:00,28.16489791,252.0833974,4,8.801819684,5.79E-05,1.457696962,0,0.062551011,FALSE,FALSE,FALSE,FALSE,['Aeration Inefficiency'],-1,Outlier
2026-01-11 02:15:00+08:00,28.03875905,256.1545825,4,8.785034271,-0.000140154,4.224035574,0,0.05055245,FALSE,FALSE,FALSE,FALSE,['Aeration Inefficiency'],-1,Outlier
2026-01-11 02:30:00+08:00,27.37150145,258.160572,4,8.106622858,-0.000741397,4.892670544,0,0.091470236,FALSE,FALSE,FALSE,FALSE,['Aeration Inefficiency'],-1,Outlier
2026-01-11 02:45:00+08:00,27.65433301,255.922912,4,8.635384574,0.000314257,2.140695012,0,0.086716491,FALSE,FALSE,FALSE,FALSE,['Aeration Inefficiency'],-1,Outlier
2026-01-11 03:00:00+08:00,27.85911681,257.685776,4,8.415879669,0.000227538,1.684328022,0,0.085127702,FALSE,FALSE,FALSE,FALSE,['Aeration Inefficiency'],-1,Outlier
2026-01-11 03:15:00+08:00,27.57009643,250.3034952,4,8.379902991,-0.000321134,-5.341972344,0,0.067385094,FALSE,FALSE,FALSE,FALSE,['Aeration Inefficiency'],-1,Outlier
2026-01-11 03:30:00+08:00,27.80323437,251.3955056,4,8.205477782,0.000259042,-3.298146545,0,0.041697179,FALSE,FALSE,FALSE,FALSE,['Aeration Inefficiency'],-1,Outlier
2026-01-11 03:45:00+08:00,28.4424652,253.5569543,4,9.065964869,0.000710256,-0.215974341,0,0.10966948,FALSE,FALSE,FALSE,FALSE,['Aeration Inefficiency'],-1,Outlier
2026-01-11 04:00:00+08:00,28.33334428,254.04212,4,8.693263267,-0.000121245,0.645349801,0,0.113084731,FALSE,FALSE,FALSE,FALSE,['Aeration Inefficiency'],-1,Outlier
2026-01-11 04:15:00+08:00,28.55725764,243.8208774,4,8.521422087,0.000248793,-6.802913126,0,0.10812418,FALSE,FALSE,FALSE,FALSE,['Aeration Inefficiency'],-1,Outlier
2026-01-11 04:30:00+08:00,27.54935455,250.3629834,4,8.142580817,-0.001119892,-0.272704733,0,0.142326112,FALSE,FALSE,FALSE,FALSE,['Aeration Inefficiency'],-1,Outlier
